RID,PTID,Screen.Diagnosis,Visit,Scan.Date,Sequence,Study.ID,Series.ID,Image.ID
15,100_S_0015,NL,Baseline,10/31/05,MPR-R; ; N3; Scaled,2613,8833,33046
15,100_S_0015,NL,Month 12,10/16/06,MPR-R; ; N3; Scaled,5490,20311,63475
15,100_S_0015,NL,Month 24,10/11/07,MPR; ; N3; Scaled,13281,41463,82551
30,023_S_0030,MCI,Baseline,10/26/05,MPR; GradWarp; B1 Correction; N3; Scaled,2591,8908,31623
30,023_S_0030,MCI,Month 24,11/13/07,MPR; GradWarp; B1 Correction; N3; Scaled,13696,42714,87493
30,023_S_0030,MCI,Baseline,10/26/05,MPR; GradWarp; B1 Correction; N3; Scaled_2,2591,8908,118790
30,023_S_0030,MCI,Month 12,10/12/06,MPR-R; GradWarp; B1 Correction; N3; Scaled,10680,20029,138580
31,023_S_0031,NL,Baseline,10/28/05,MPR-R; GradWarp; B1 Correction; N3; Scaled,2598,10009,51934
31,023_S_0031,NL,Month 24,11/14/07,MPR; GradWarp; B1 Correction; N3; Scaled,13709,42753,83389
31,023_S_0031,NL,Month 12,10/30/06,MPR-R; GradWarp; B1 Correction; N3; Scaled,10682,21475,89933
31,023_S_0031,NL,Month 12,10/30/06,MPR-R; GradWarp; B1 Correction; N3; Scaled_2,10682,21475,118846
31,023_S_0031,NL,Baseline,10/28/05,MPR-R; GradWarp; B1 Correction; N3; Scaled_2,2598,10009,118848
58,023_S_0058,NL,Baseline,12/12/05,MPR; GradWarp; B1 Correction; N3; Scaled,2763,10498,30968
58,023_S_0058,NL,Month 24,12/6/07,MPR; GradWarp; B1 Correction; N3; Scaled,13907,43409,87046
58,023_S_0058,NL,Baseline,12/12/05,MPR; GradWarp; B1 Correction; N3; Scaled_2,2763,10498,118837
58,023_S_0058,NL,Month 12,12/19/06,MPR; GradWarp; B1 Correction; N3; Scaled_2,6419,24251,118852
61,023_S_0061,NL,Baseline,12/20/05,MPR; GradWarp; B1 Correction; N3; Scaled,2823,10633,31107
61,023_S_0061,NL,Month 12,12/6/06,MPR; GradWarp; B1 Correction; N3; Scaled,10683,23481,81874
61,023_S_0061,NL,Month 24,12/13/07,MPR; GradWarp; B1 Correction; N3; Scaled,14041,43840,87064
61,023_S_0061,NL,Baseline,12/20/05,MPR; GradWarp; B1 Correction; N3; Scaled_2,2823,10633,118854
61,023_S_0061,NL,Month 12,12/6/06,MPR; GradWarp; B1 Correction; N3; Scaled_2,10683,23481,118858
86,136_S_0086,NL,Baseline,5/8/06,MPR; ; N3; Scaled,3756,14069,40172
86,136_S_0086,NL,Month 12,5/1/07,MPR; ; N3; Scaled,8642,31407,67781
86,136_S_0086,NL,Baseline,5/8/06,MPR; ; N3; Scaled_2,3756,14069,119685
86,136_S_0086,NL,Month 24,5/5/08,MPR; ; N3; Scaled,15813,49691,120416
184,136_S_0184,NL,Baseline,3/27/06,MPR; ; N3; Scaled,3281,12474,40191
184,136_S_0184,NL,Month 12,3/20/07,MPR-R; ; N3; Scaled,7752,28430,69136
184,136_S_0184,NL,Month 24,3/17/08,MPR-R; ; N3; Scaled,15048,47135,102840
184,136_S_0184,NL,Baseline,3/27/06,MPR; ; N3; Scaled_2,3281,12474,119712
190,100_S_0190,MCI,Baseline,5/22/06,MPR; ; N3; Scaled,4022,15011,33114
190,100_S_0190,MCI,Month 12,5/10/07,MPR; ; N3; Scaled,8838,32134,82556
190,100_S_0190,MCI,Month 24,5/12/08,MPR; ; N3; Scaled,15946,50085,106524
195,136_S_0195,MCI,Baseline,4/4/06,MPR; ; N3; Scaled,3378,12748,40254
195,136_S_0195,MCI,Month 12,3/26/07,MPR; ; N3; Scaled,7951,28912,81981
195,136_S_0195,MCI,Baseline,4/4/06,MPR; ; N3; Scaled_2,3378,12748,119721
195,136_S_0195,MCI,Month 24,3/25/08,MPR-R; ; N3; Scaled,15129,47389,120423
196,136_S_0196,NL,Baseline,5/1/06,MPR; ; N3; Scaled,3683,13831,40269
196,136_S_0196,NL,Month 12,5/7/07,MPR; ; N3; Scaled,8750,31829,66740
196,136_S_0196,NL,Baseline,5/1/06,MPR; ; N3; Scaled_2,3683,13831,119725
196,136_S_0196,NL,Month 24,4/28/08,MPR; ; N3; Scaled,15731,49419,120426
260,127_S_0260,NL,Baseline,5/1/06,MPR; GradWarp; B1 Correction; N3; Scaled,3688,13858,34371
260,127_S_0260,NL,Month 12,5/8/07,MPR; GradWarp; B1 Correction; N3; Scaled,8779,31931,63565
260,127_S_0260,NL,Month 24,5/13/08,MPR; GradWarp; B1 Correction; N3; Scaled,15926,50016,106542
290,067_S_0290,MCI,Month 12,6/15/07,MPR-R; GradWarp; B1 Correction; N3; Scaled,9323,33684,72427
290,067_S_0290,MCI,Baseline,6/1/06,MPR-R; GradWarp; B1 Correction; N3; Scaled,4055,15130,89124
290,067_S_0290,MCI,Month 24,6/2/08,MPR; GradWarp; B1 Correction; N3; Scaled,16184,50875,109187
290,067_S_0290,MCI,Baseline,6/1/06,MPR-R; GradWarp; B1 Correction; N3; Scaled_2,4055,15130,119201
300,136_S_0300,AD,Baseline,6/7/06,MPR-R; ; N3; Scaled,4119,15349,40352
300,136_S_0300,AD,Month 12,5/29/07,MPR; ; N3; Scaled,9027,32709,66768
300,136_S_0300,AD,Baseline,6/7/06,MPR-R; ; N3; Scaled_2,4119,15349,119729
300,136_S_0300,AD,Month 24,5/19/08,MPR; ; N3; Scaled,16009,50330,120436
303,037_S_0303,NL,Baseline,5/3/06,MPR; GradWarp; B1 Correction; N3; Scaled,3708,13916,64116
303,037_S_0303,NL,Month 24,5/6/08,MPR; GradWarp; B1 Correction; N3; Scaled,15831,49752,105924
303,037_S_0303,NL,Month 12,4/25/07,MPR; GradWarp; B1 Correction; N3; Scaled,8471,30681,138806
307,027_S_0307,MCI,Baseline,5/11/06,MPR; GradWarp; B1 Correction; N3; Scaled,3827,14336,34168
307,027_S_0307,MCI,Month 12,5/1/07,MPR; GradWarp; B1 Correction; N3; Scaled,8660,31552,66009
307,027_S_0307,MCI,Month 24,4/16/08,MPR; GradWarp; B1 Correction; N3; Scaled,15524,48827,103681
324,005_S_0324,MCI,Baseline,4/21/06,MPR-R; GradWarp; B1 Correction; N3; Scaled,3623,13664,32777
324,005_S_0324,MCI,Month 12,5/9/07,MPR; GradWarp; B1 Correction; N3; Scaled,8791,31973,70611
324,005_S_0324,MCI,Month 24,5/5/08,MPR; GradWarp; B1 Correction; N3; Scaled,15808,49675,105848
331,023_S_0331,MCI,Baseline,4/12/06,MPR; GradWarp; B1 Correction; N3; Scaled,3502,13168,66018
331,023_S_0331,MCI,Month 12,3/19/07,MPR; GradWarp; B1 Correction; N3; Scaled,7707,28331,67174
331,023_S_0331,MCI,Month 24,3/28/08,MPR; GradWarp; B1 Correction; N3; Scaled,15218,47655,102204
331,023_S_0331,MCI,Month 12,3/19/07,MPR; GradWarp; B1 Correction; N3; Scaled_2,7707,28331,119001
331,023_S_0331,MCI,Baseline,4/12/06,MPR; GradWarp; B1 Correction; N3; Scaled_2,3502,13168,119018
335,018_S_0335,AD,Baseline,5/31/06,MPR; ; N3; Scaled,4084,15247,35014
335,018_S_0335,AD,Month 12,5/22/07,MPR; ; N3; Scaled,8957,32509,81373
335,018_S_0335,AD,Month 24,6/24/08,MPR; ; N3; Scaled,16546,52049,120469
369,018_S_0369,NL,Baseline,5/11/06,MPR; ; N3; Scaled,3829,14343,37190
369,018_S_0369,NL,Month 12,4/24/07,MPR; ; N3; Scaled,8409,30432,70680
369,018_S_0369,NL,Month 24,5/13/08,MPR; ; N3; Scaled,15941,50063,107779
369,018_S_0369,NL,Baseline,5/11/06,MPR; ; N3; Scaled_2,3829,14343,118773
376,023_S_0376,MCI,Baseline,4/28/06,MPR; GradWarp; B1 Correction; N3; Scaled,3665,13786,31392
376,023_S_0376,MCI,Month 12,3/20/07,MPR; GradWarp; B1 Correction; N3; Scaled,7787,28518,64800
376,023_S_0376,MCI,Month 24,4/15/08,MPR; GradWarp; B1 Correction; N3; Scaled,15502,48752,103654
376,023_S_0376,MCI,Month 12,3/20/07,MPR; GradWarp; B1 Correction; N3; Scaled_2,7787,28518,118851
376,023_S_0376,MCI,Baseline,4/28/06,MPR; GradWarp; B1 Correction; N3; Scaled_2,3665,13786,118882
382,116_S_0382,NL,Baseline,6/13/06,MPR; GradWarp; B1 Correction; N3; Scaled,4239,15735,53802
382,116_S_0382,NL,Month 12,6/13/07,MPR; GradWarp; B1 Correction; N3; Scaled,9326,33693,87739
382,116_S_0382,NL,Month 24,5/28/08,MPR; GradWarp; B1 Correction; N3; Scaled,16134,50711,123767
388,023_S_0388,MCI,Baseline,5/4/06,MPR; GradWarp; B1 Correction; N3; Scaled,3736,14001,31446
388,023_S_0388,MCI,Month 12,4/17/07,MPR; GradWarp; B1 Correction; N3; Scaled,8248,29861,101432
388,023_S_0388,MCI,Month 24,4/16/08,MPR; GradWarp; B1 Correction; N3; Scaled,15520,48815,103663
388,023_S_0388,MCI,Baseline,5/4/06,MPR; GradWarp; B1 Correction; N3; Scaled_2,3736,14001,118856
388,023_S_0388,MCI,Month 12,4/17/07,MPR; GradWarp; B1 Correction; N3; Scaled_2,8248,29861,118871
403,027_S_0403,NL,Baseline,5/8/06,MPR-R; GradWarp; B1 Correction; N3; Scaled,3786,14179,34190
403,027_S_0403,NL,Month 12,5/14/07,MPR; GradWarp; B1 Correction; N3; Scaled,8855,32184,67380
403,027_S_0403,NL,Month 24,5/12/08,MPR; GradWarp; B1 Correction; N3; Scaled,15891,49902,105888
404,027_S_0404,AD,Baseline,5/16/06,MPR; GradWarp; B1 Correction; N3; Scaled,3874,14494,34195
404,027_S_0404,AD,Month 12,5/16/07,MPR; GradWarp; B1 Correction; N3; Scaled,8898,32328,87547
404,027_S_0404,AD,Month 24,5/12/08,MPR; GradWarp; B1 Correction; N3; Scaled,15916,49987,106467
413,002_S_0413,NL,Baseline,5/19/06,MPR; ; N3; Scaled,3956,14782,40657
413,002_S_0413,NL,Month 12,6/1/07,MPR; ; N3; Scaled,9095,32945,64551
413,002_S_0413,NL,Baseline,5/19/06,MPR; ; N3; Scaled_2,3956,14782,118675
413,002_S_0413,NL,Month 24,7/31/08,MPR; ; N3; Scaled,17175,54597,120746
425,018_S_0425,NL,Month 12,6/15/07,MPR; ; N3; Scaled,9305,33626,65952
425,018_S_0425,NL,Month 24,6/6/08,MPR; ; N3; Scaled,16296,51225,120403
425,018_S_0425,NL,Baseline,6/19/06,MPR; ; N3; Scaled,4210,15637,139891
426,136_S_0426,AD,Baseline,5/30/06,MPR; ; N3; Scaled,4025,15017,40378
426,136_S_0426,AD,Month 12,6/4/07,MPR; ; N3; Scaled,9102,32971,66787
426,136_S_0426,AD,Baseline,5/30/06,MPR; ; N3; Scaled_2,4025,15017,119731
426,136_S_0426,AD,Month 24,6/3/08,MPR; ; N3; Scaled,16232,51029,120441
429,136_S_0429,MCI,Baseline,6/27/06,MPR; ; N3; Scaled,4278,15882,40392
429,136_S_0429,MCI,Month 12,6/18/07,MPR; ; N3; Scaled,9339,33730,83549
429,136_S_0429,MCI,Baseline,6/27/06,MPR; ; N3; Scaled_2,4278,15882,119733
429,136_S_0429,MCI,Month 24,6/17/08,MPR; ; N3; Scaled,16449,51722,120446
448,005_S_0448,MCI,Baseline,5/22/06,MPR-R; GradWarp; B1 Correction; N3; Scaled,3976,14868,32785
448,005_S_0448,MCI,Month 12,5/30/07,MPR; GradWarp; B1 Correction; N3; Scaled,9050,32787,71302
448,005_S_0448,MCI,Month 24,6/3/08,MPR; GradWarp; B1 Correction; N3; Scaled,16209,50957,109196
449,130_S_0449,MCI,Baseline,8/16/06,MPR-R; ; N3; Scaled,4893,18012,81434
449,130_S_0449,MCI,Month 12,8/27/07,MPR; ; N3; Scaled,11625,38619,82686
449,130_S_0449,MCI,Month 24,8/11/08,MPR; ; N3; Scaled,17355,55263,120606
450,018_S_0450,MCI,Baseline,6/23/06,MPR; ; N3; Scaled,4263,15825,35029
450,018_S_0450,MCI,Month 12,6/12/07,MPR; ; N3; Scaled,9259,33479,76601
450,018_S_0450,MCI,Month 24,6/9/08,MPR; ; N3; Scaled,16302,51236,111192
487,116_S_0487,AD,Baseline,8/10/06,MPR-R; GradWarp; B1 Correction; N3; Scaled,4758,17729,59677
487,116_S_0487,AD,Month 12,6/18/07,MPR; GradWarp; B1 Correction; N3; Scaled,9335,33717,92420
487,116_S_0487,AD,Month 24,6/6/08,MPR; GradWarp; B1 Correction; N3; Scaled,16290,51211,109893
501,037_S_0501,MCI,Month 12,7/11/07,MPR; GradWarp; B1 Correction; N3; Scaled,9665,35029,72405
501,037_S_0501,MCI,Baseline,6/23/06,MPR-R; GradWarp; B1 Correction; N3; Scaled,4258,15805,79784
501,037_S_0501,MCI,Month 24,6/25/08,MPR-R; GradWarp; B1 Correction; N3; Scaled,16800,53117,120521
505,130_S_0505,MCI,Baseline,10/18/06,MPR; ; N3; Scaled,5509,20396,39197
505,130_S_0505,MCI,Month 12,10/10/07,MPR; ; N3; Scaled,13215,41323,91168
505,130_S_0505,MCI,Month 24,10/13/08,MPR; ; N3; Scaled,18025,57499,124536
507,053_S_0507,MCI,Baseline,6/6/06,MPR; ; N3; Scaled,4088,15256,75459
507,053_S_0507,MCI,Month 12,6/11/07,MPR; ; N3; Scaled,9229,33392,75471
507,053_S_0507,MCI,Baseline,6/6/06,MPR; ; N3; Scaled_2,4088,15256,119146
507,053_S_0507,MCI,Month 12,6/11/07,MPR; ; N3; Scaled_2,9229,33392,119158
507,053_S_0507,MCI,Month 24,6/11/08,MPR; ; N3; Scaled; No phantom for scaling,16360,51462,132918
553,005_S_0553,NL,Baseline,6/28/06,MPR; GradWarp; B1 Correction; N3; Scaled,4294,15928,32755
553,005_S_0553,NL,Month 12,6/14/07,MPR; GradWarp; B1 Correction; N3; Scaled,9296,33606,71312
553,005_S_0553,NL,Month 24,7/8/08,MPR; GradWarp; B1 Correction; N3; Scaled,16809,53157,120789
559,002_S_0559,NL,Baseline,6/27/06,MPR; ; N3; Scaled,4293,15922,45126
559,002_S_0559,NL,Month 12,10/18/07,MPR-R; ; N3; Scaled,13423,41825,82102
559,002_S_0559,NL,Baseline,6/27/06,MPR; ; N3; Scaled_2,4293,15922,118679
559,002_S_0559,NL,Month 24,8/15/08,MPR; ; N3; Scaled,17461,55646,120779
572,005_S_0572,MCI,Baseline,7/31/06,MPR-R; GradWarp; B1 Correction; N3; Scaled,4650,17494,32817
572,005_S_0572,MCI,Month 12,7/9/07,MPR-R; GradWarp; B1 Correction; N3; Scaled,9581,34606,86030
572,005_S_0572,MCI,Month 24,8/5/08,MPR; GradWarp; B1 Correction; N3; Scaled,17246,54808,120460
579,136_S_0579,MCI,Baseline,7/10/06,MPR-R; ; N3; Scaled,4419,16545,40404
579,136_S_0579,MCI,Month 12,6/25/07,MPR; ; N3; Scaled,9425,34002,83554
579,136_S_0579,MCI,Baseline,7/10/06,MPR-R; ; N3; Scaled_2,4419,16545,119735
579,136_S_0579,MCI,Month 24,8/18/08,MPR; ; N3; Scaled,17422,55502,120618
604,023_S_0604,MCI,Baseline,6/20/06,MPR-R; GradWarp; B1 Correction; N3; Scaled,4220,15677,31468
604,023_S_0604,MCI,Month 12,6/11/07,MPR-R; GradWarp; B1 Correction; N3; Scaled,9223,33372,64077
604,023_S_0604,MCI,Month 12,6/11/07,MPR-R; GradWarp; B1 Correction; N3; Scaled_2,9223,33372,119006
604,023_S_0604,MCI,Baseline,6/20/06,MPR-R; GradWarp; B1 Correction; N3; Scaled_2,4220,15677,119026
604,023_S_0604,MCI,Month 24,7/30/08,MPR; GradWarp; B1 Correction; N3; Scaled,17142,54484,120798
605,126_S_0605,NL,Baseline,6/29/06,MPR; GradWarp; B1 Correction; N3; Scaled,4297,15942,38878
605,126_S_0605,NL,Month 12,6/19/07,MPR; GradWarp; B1 Correction; N3; Scaled,9376,33846,72864
605,126_S_0605,NL,Month 24,6/30/08,MPR; GradWarp; B1 Correction; N3; Scaled,16689,52648,120562
606,126_S_0606,AD,Baseline,8/14/06,MPR; GradWarp; B1 Correction; N3; Scaled,4811,17816,38887
606,126_S_0606,AD,Month 12,7/30/07,MPR; GradWarp; B1 Correction; N3; Scaled,10416,36584,72873
606,126_S_0606,AD,Month 24,7/31/08,MPR-R; GradWarp; B1 Correction; N3; Scaled,17163,54553,120575
607,067_S_0607,MCI,Baseline,8/18/06,MPR; GradWarp; B1 Correction; N3; Scaled,4899,18034,34866
607,067_S_0607,MCI,Baseline,8/18/06,MPR; GradWarp; B1 Correction; N3; Scaled,4899,18034,89123
607,067_S_0607,MCI,Baseline,8/18/06,MPR; GradWarp; B1 Correction; N3; Scaled_2,4899,18034,119204
607,067_S_0607,MCI,Month 24,11/14/08,MPR; GradWarp; B1 Correction; N3; Scaled,18502,59060,133882
607,067_S_0607,MCI,Month 12,8/13/07,MPR-R; GradWarp; B1 Correction; N3; Scaled,10673,37331,138844
622,127_S_0622,NL,Month 12,6/27/07,MPR; GradWarp; B1 Correction; N3; Scaled,9476,34177,72352
622,127_S_0622,NL,Baseline,6/29/06,MPR; GradWarp; B1 Correction; N3; Scaled,4309,15986,74496
622,127_S_0622,NL,Month 24,6/25/08,MPR; GradWarp; B1 Correction; N3; Scaled,16660,52556,120580
625,023_S_0625,MCI,Baseline,7/12/06,MPR; GradWarp; B1 Correction; N3; Scaled,4460,16766,31500
625,023_S_0625,MCI,Month 12,7/16/07,MPR; GradWarp; B1 Correction; N3; Scaled,9674,35062,73073
625,023_S_0625,MCI,Baseline,7/12/06,MPR; GradWarp; B1 Correction; N3; Scaled_2,4460,16766,119032
625,023_S_0625,MCI,Month 24,8/1/08,MPR; GradWarp; B1 Correction; N3; Scaled,17205,54691,120451
633,018_S_0633,AD,Baseline,7/17/06,MPR; ; N3; Scaled,4493,16900,35039
633,018_S_0633,AD,Month 12,7/17/07,MPR; ; N3; Scaled,9709,35155,71451
633,018_S_0633,AD,Month 24,7/28/08,MPR; ; N3; Scaled,17074,54179,120476
649,116_S_0649,MCI,Baseline,9/8/06,MPR; GradWarp; B1 Correction; N3; Scaled,5064,18687,63508
649,116_S_0649,MCI,Month 12,8/8/07,MPR; GradWarp; B1 Correction; N3; Scaled,13595,42362,83512
649,116_S_0649,MCI,Month 24,7/30/08,MPR; GradWarp; B1 Correction; N3; Scaled,17153,54521,120553
677,032_S_0677,NL,Month 12,7/19/07,MPR; GradWarp; B1 Correction; N3; Scaled,9894,35547,73347
677,032_S_0677,NL,Baseline,10/9/06,MPR; GradWarp; B1 Correction; N3; Scaled,5397,19889,90942
677,032_S_0677,NL,Month 24,8/25/08,MPR; GradWarp; B1 Correction; N3; Scaled,17515,55812,120479
689,012_S_0689,AD,Baseline,7/19/06,MPR-R; ; N3; Scaled,4511,16978,59174
689,012_S_0689,AD,Month 12,7/19/07,MPR; ; N3; Scaled,10381,36506,74659
689,012_S_0689,AD,Month 24,7/23/08,MPR; ; N3; Scaled,17067,54149,134210
729,002_S_0729,MCI,Baseline,8/2/06,MPR; ; N3; Scaled,4667,17535,40692
729,002_S_0729,MCI,Month 12,9/5/07,MPR; ; N3; Scaled,11749,38913,78663
729,002_S_0729,MCI,Baseline,8/2/06,MPR; ; N3; Scaled_2,4667,17535,118668
729,002_S_0729,MCI,Month 24,9/29/08,MPR; ; N3; Scaled,17818,56800,124008
814,005_S_0814,AD,Baseline,9/20/06,MPR; GradWarp; B1 Correction; N3; Scaled,5191,19117,74600
814,005_S_0814,AD,Month 12,11/27/07,MPR; GradWarp; B1 Correction; N3; Scaled,13793,43028,85469
814,005_S_0814,AD,Month 24,10/8/08,MPR; GradWarp; B1 Correction; N3; Scaled,17915,57167,124421
830,031_S_0830,MCI,Month 12,9/17/07,MPR; GradWarp; B1 Correction; N3; Scaled,11973,39458,92444
830,031_S_0830,MCI,Month 24,9/25/08,MPR-R; GradWarp; B1 Correction; N3; Scaled,17805,56755,124115
830,031_S_0830,MCI,Baseline,9/21/06,MPR-R; GradWarp; B1 Correction; N3; Scaled,5224,19249,138792
835,027_S_0835,MCI,Baseline,9/28/06,MPR; GradWarp; B1 Correction; N3; Scaled,5293,19496,35653
835,027_S_0835,MCI,Month 12,9/26/07,MPR; GradWarp; B1 Correction; N3; Scaled,12311,40013,82223
835,027_S_0835,MCI,Month 24,9/23/08,MPR; GradWarp; B1 Correction; N3; Scaled,17770,56621,120256
844,127_S_0844,AD,Month 12,10/26/07,MPR; GradWarp; B1 Correction; N3; Scaled,13480,42006,82651
844,127_S_0844,AD,Baseline,11/9/06,MPR; GradWarp; B1 Correction; N3; Scaled,5798,22284,83521
844,127_S_0844,AD,Month 24,11/17/08,MPR; GradWarp; B1 Correction; N3; Scaled,18797,60080,129629
886,130_S_0886,NL,Baseline,10/16/06,MPR-R; ; N3; Scaled,5459,20151,39288
886,130_S_0886,NL,Month 12,10/10/07,MPR; ; N3; Scaled,13299,41511,91173
886,130_S_0886,NL,Month 24,10/6/08,MPR; ; N3; Scaled,17864,56975,124170
916,023_S_0916,AD,Baseline,9/29/06,MPR; GradWarp; B1 Correction; N3; Scaled,5301,19523,31540
916,023_S_0916,AD,Month 12,9/28/07,MPR; GradWarp; B1 Correction; N3; Scaled,12938,40736,80152
916,023_S_0916,AD,Baseline,9/29/06,MPR; GradWarp; B1 Correction; N3; Scaled_2,5301,19523,118880
916,023_S_0916,AD,Month 24,9/30/08,MPR; GradWarp; B1 Correction; N3; Scaled,17833,56855,124097
926,023_S_0926,NL,Month 12,10/23/07,MPR; GradWarp; B1 Correction; N3; Scaled,13430,41848,81937
926,023_S_0926,NL,Month 24,10/21/08,MPR; GradWarp; B1 Correction; N3; Scaled,18108,57754,125029
926,023_S_0926,NL,Baseline,10/16/06,MPR-R; GradWarp; B1 Correction; N3; Scaled,5460,20160,138627
956,130_S_0956,AD,Baseline,11/6/06,MPR; ; N3; Scaled,5907,22511,39200
956,130_S_0956,AD,Month 12,11/1/07,MPR; ; N3; Scaled,13525,42138,82700
956,130_S_0956,AD,Month 24,11/3/08,MPR; ; N3; Scaled,18298,58319,129655
963,023_S_0963,NL,Month 12,10/11/07,MPR; GradWarp; B1 Correction; N3; Scaled,13202,41289,82205
963,023_S_0963,NL,Baseline,10/17/06,MPR-R; GradWarp; B1 Correction; N3; Scaled,5472,20204,90026
963,023_S_0963,NL,Baseline,10/17/06,MPR-R; GradWarp; B1 Correction; N3; Scaled_2,5472,20204,118904
963,023_S_0963,NL,Month 24,11/24/08,MPR; GradWarp; B1 Correction; N3; Scaled,18832,60208,129286
969,130_S_0969,NL,Baseline,11/6/06,MPR; ; N3; Scaled,5949,22655,39203
969,130_S_0969,NL,Month 12,11/7/07,MPR; ; N3; Scaled,13607,42414,92363
969,130_S_0969,NL,Month 24,11/19/08,MPR; ; N3; Scaled,19047,60744,132451
1009,012_S_1009,NL,Baseline,11/3/06,MPR; ; N3; Scaled,5768,22179,59214
1009,012_S_1009,NL,Month 12,11/26/07,MPR; ; N3; Scaled,13812,43089,92316
1009,012_S_1009,NL,Month 24,12/9/08,MPR; ; N3; Scaled,19060,60789,132800
1018,002_S_1018,AD,Baseline,12/18/06,MPR; ; N3; Scaled,6434,24312,40828
1018,002_S_1018,AD,Month 12,12/7/07,MPR; ; N3; Scaled,13935,43496,97022
1018,002_S_1018,AD,Month 24,12/12/08,MPR; ; N3; Scaled,19072,60846,132795
1046,023_S_1046,MCI,Baseline,11/15/06,MPR; GradWarp; B1 Correction; N3; Scaled,5935,22606,52107
1046,023_S_1046,MCI,Month 12,11/6/07,MPR; GradWarp; B1 Correction; N3; Scaled,13586,42331,88270
1046,023_S_1046,MCI,Baseline,11/15/06,MPR; GradWarp; B1 Correction; N3; Scaled_2,5935,22606,118908
1046,023_S_1046,MCI,Month 24,1/21/09,MPR; GradWarp; B1 Correction; N3; Scaled,19471,62076,138011
1066,031_S_1066,MCI,Month 12,12/14/07,MPR-R; GradWarp; B1 Correction; N3; Scaled,14123,44040,87106
1066,031_S_1066,MCI,Baseline,12/4/06,MPR; GradWarp; B1 Correction; N3; Scaled,6210,23507,90916
1066,031_S_1066,MCI,Month 24,11/25/08,MPR; GradWarp; B1 Correction; N3; Scaled,18862,60309,129313
1070,002_S_1070,MCI,Baseline,12/18/06,MPR; ; N3; Scaled,6405,24206,40840
1070,002_S_1070,MCI,Month 12,12/10/07,MPR; ; N3; Scaled,13946,43530,86231
1070,002_S_1070,MCI,Month 24,12/11/08,MPR; ; N3; Scaled,19057,60783,132215
1081,027_S_1081,AD,Baseline,2/8/07,MPR; GradWarp; B1 Correction; N3; Scaled,6995,26054,47177
1081,027_S_1081,AD,Month 12,2/11/08,MPR; GradWarp; B1 Correction; N3; Scaled,14593,45549,94432
1081,027_S_1081,AD,Month 24,2/4/09,MPR; GradWarp; B1 Correction; N3; Scaled,19653,62633,135775
1082,027_S_1082,AD,Baseline,12/13/06,MPR; GradWarp; B1 Correction; N3; Scaled,6333,23987,47186
1082,027_S_1082,AD,Month 12,12/5/07,MPR; GradWarp; B1 Correction; N3; Scaled,13887,43354,86377
1082,027_S_1082,AD,Month 24,12/8/08,MPR; GradWarp; B1 Correction; N3; Scaled,18981,60605,132359
1117,016_S_1117,MCI,Baseline,1/8/07,MPR; GradWarp; B1 Correction; N3; Scaled,6721,25222,86318
1117,016_S_1117,MCI,Month 12,12/21/07,MPR; GradWarp; B1 Correction; N3; Scaled,14238,44329,90866
1117,016_S_1117,MCI,Month 24,2/25/09,MPR; GradWarp; B1 Correction; N3; Scaled,20043,63702,138103
1121,016_S_1121,MCI,Baseline,1/11/07,MPR; GradWarp; B1 Correction; N3; Scaled,6723,25229,86327
1121,016_S_1121,MCI,Month 12,12/21/07,MPR; GradWarp; B1 Correction; N3; Scaled,14237,44323,96239
1121,016_S_1121,MCI,Month 24,12/23/08,MPR-R; GradWarp; B1 Correction; N3; Scaled,19193,61187,135570
1123,051_S_1123,NL,Baseline,2/6/07,MPR; GradWarp; B1 Correction; N3; Scaled,6972,25973,58054
1123,051_S_1123,NL,Month 12,2/18/08,MPR-R; GradWarp; B1 Correction; N3; Scaled,14667,45804,94563
1123,051_S_1123,NL,Month 24,2/23/09,MPR; GradWarp; B1 Correction; N3; Scaled,20068,63819,142107
1126,023_S_1126,MCI,Baseline,12/13/06,MPR-R; GradWarp; B1 Correction; N3; Scaled,6325,23968,70687
1126,023_S_1126,MCI,Month 12,11/28/07,MPR; GradWarp; B1 Correction; N3; Scaled,13803,43059,94863
1126,023_S_1126,MCI,Baseline,12/13/06,MPR-R; GradWarp; B1 Correction; N3; Scaled_2,6325,23968,118916
1126,023_S_1126,MCI,Month 24,2/6/09,MPR; GradWarp; B1 Correction; N3; Scaled,19709,62759,136193
1169,032_S_1169,NL,Baseline,1/24/07,MPR-R; GradWarp; B1 Correction; N3; Scaled,6845,25563,90989
1169,032_S_1169,NL,Month 12,1/17/08,MPR; GradWarp; B1 Correction; N3; Scaled,14337,44666,94476
1169,032_S_1169,NL,Month 24,1/21/09,MPR; GradWarp; B1 Correction; N3; Scaled,19485,62137,141230
1190,023_S_1190,NL,Baseline,1/17/07,MPR; GradWarp; B1 Correction; N3; Scaled,6694,25153,52129
1190,023_S_1190,NL,Month 12,1/8/08,MPR; GradWarp; B1 Correction; N3; Scaled,14255,44392,88372
1190,023_S_1190,NL,Baseline,1/17/07,MPR; GradWarp; B1 Correction; N3; Scaled_2,6694,25153,118920
1190,023_S_1190,NL,Month 24,1/15/09,MPR; GradWarp; B1 Correction; N3; Scaled,19390,61896,138050
1206,007_S_1206,NL,Baseline,1/30/07,MPR; GradWarp; B1 Correction; N3; Scaled,6888,25703,59955
1206,007_S_1206,NL,Month 12,2/22/08,MPR; GradWarp; B1 Correction; N3; Scaled,14747,46079,96034
1206,007_S_1206,NL,Month 24,2/12/09,MPR; GradWarp; B1 Correction; N3; Scaled,19803,62967,140782
1209,031_S_1209,AD,Baseline,1/31/07,MPR; GradWarp; B1 Correction; N3; Scaled,6963,25948,90925
1209,031_S_1209,AD,Month 12,2/8/08,MPR; GradWarp; B1 Correction; N3; Scaled,14609,45594,92205
1209,031_S_1209,AD,Month 24,2/10/09,MPR; GradWarp; B1 Correction; N3; Scaled,19790,62928,142001
1222,007_S_1222,NL,Baseline,2/7/07,MPR; GradWarp; B1 Correction; N3; Scaled,7010,26090,59986
1222,007_S_1222,NL,Month 12,2/22/08,MPR; GradWarp; B1 Correction; N3; Scaled,14750,46098,96052
1222,007_S_1222,NL,Month 24,2/19/09,MPR; GradWarp; B1 Correction; N3; Scaled,19930,63335,140800
1227,136_S_1227,MCI,Baseline,2/21/07,MPR; ; N3; Scaled,7217,26837,66824
1227,136_S_1227,MCI,Month 12,3/6/08,MPR; ; N3; Scaled,14938,46753,99265
1227,136_S_1227,MCI,Month 24,3/23/09,MPR; ; N3; Scaled,20460,64957,143856
1232,116_S_1232,NL,Baseline,2/23/07,MPR-R; GradWarp; B1 Correction; N3; Scaled,7310,27150,53836
1232,116_S_1232,NL,Month 12,1/30/08,MPR; GradWarp; B1 Correction; N3; Scaled,14473,45145,91912
1232,116_S_1232,NL,Month 24,2/5/09,MPR; GradWarp; B1 Correction; N3; Scaled,19713,62768,142425
1247,023_S_1247,MCI,Baseline,2/21/07,MPR; GradWarp; B1 Correction; N3; Scaled,7224,26861,52138
1247,023_S_1247,MCI,Month 12,1/29/08,MPR; GradWarp; B1 Correction; N3; Scaled,14447,45054,91703
1247,023_S_1247,MCI,Baseline,2/21/07,MPR; GradWarp; B1 Correction; N3; Scaled_2,7224,26861,118922
1247,023_S_1247,MCI,Month 24,3/12/09,MPR-R; GradWarp; B1 Correction; N3; Scaled,20299,64442,143116
1249,116_S_1249,NL,Baseline,3/1/07,MPR-R; GradWarp; B1 Correction; N3; Scaled,7375,27351,53845
1249,116_S_1249,NL,Month 12,2/6/08,MPR; GradWarp; B1 Correction; N3; Scaled,14572,45487,91921
1249,116_S_1249,NL,Month 24,2/4/09,MPR-R; GradWarp; B1 Correction; N3; Scaled,19660,62655,139325
1261,002_S_1261,NL,Baseline,2/27/07,MPR; ; N3; Scaled,7333,27226,65561
1261,002_S_1261,NL,Month 12,5/27/08,MPR; ; N3; Scaled,19076,60591,132220
1261,002_S_1261,NL,Month 24,2/5/09,MPR; ; N3; Scaled,19700,62730,136188
1262,023_S_1262,AD,Baseline,2/28/07,MPR-R; GradWarp; B1 Correction; N3; Scaled,7339,27243,64862
1262,023_S_1262,AD,Month 12,4/2/08,MPR; GradWarp; B1 Correction; N3; Scaled,15261,47824,103276
1262,023_S_1262,AD,Baseline,2/28/07,MPR-R; GradWarp; B1 Correction; N3; Scaled_2,7339,27243,118924
1262,023_S_1262,AD,Month 24,3/13/09,MPR; GradWarp; B1 Correction; N3; Scaled,20330,64543,143685
1268,002_S_1268,MCI,Baseline,3/7/07,MPR-R; ; N3; Scaled,7465,27680,65268
1268,002_S_1268,MCI,Month 12,5/22/08,MPR; ; N3; Scaled,16067,50532,108422
1268,002_S_1268,MCI,Month 24,3/4/09,MPR; ; N3; Scaled,20104,63925,140734
1280,002_S_1280,NL,Baseline,2/27/07,MPR; ; N3; Scaled,7335,27230,65874
1280,002_S_1280,NL,Month 12,3/25/08,MPR; ; N3; Scaled,15251,47415,104471
1280,002_S_1280,NL,Month 24,2/19/09,MPR; ; N3; Scaled,19945,63388,140739
1286,100_S_1286,NL,Baseline,3/7/07,MPR; ; N3; Scaled,7773,28476,82571
1286,100_S_1286,NL,Month 12,2/11/08,MPR; ; N3; Scaled,14602,45574,96312
1286,100_S_1286,NL,Month 24,3/17/09,MPR; ; N3; Scaled,20442,64895,149636
1326,016_S_1326,MCI,Baseline,4/2/07,MPR; GradWarp; B1 Correction; N3; Scaled,8099,29365,86345
1326,016_S_1326,MCI,Month 12,3/31/08,MPR; GradWarp; B1 Correction; N3; Scaled,15283,47894,102675
1326,016_S_1326,MCI,Month 24,4/13/09,MPR; GradWarp; B1 Correction; N3; Scaled,21075,66357,143554
1331,051_S_1331,MCI,Baseline,4/26/07,MPR-R; GradWarp; B1 Correction; N3; Scaled,8511,30826,82509
1331,051_S_1331,MCI,Month 12,7/7/08,MPR; GradWarp; B1 Correction; N3; Scaled,16796,53103,120544
1331,051_S_1331,MCI,Month 24,7/13/09,MPR; GradWarp; B1 Correction; N3; Scaled,22138,69898,174851
1385,027_S_1385,AD,Baseline,3/26/07,MPR; GradWarp; B1 Correction; N3; Scaled,7971,28972,65374
1385,027_S_1385,AD,Month 12,3/26/08,MPR; GradWarp; B1 Correction; N3; Scaled,15166,47505,101541
1385,027_S_1385,AD,Month 24,3/12/09,MPR; GradWarp; B1 Correction; N3; Scaled,20289,64402,143178
1387,027_S_1387,MCI,Baseline,3/19/07,MPR; GradWarp; B1 Correction; N3; Scaled,7688,28276,47757
1387,027_S_1387,MCI,Month 12,3/13/08,MPR; GradWarp; B1 Correction; N3; Scaled,15015,47010,101566
1387,027_S_1387,MCI,Month 24,3/11/09,MPR-R; GradWarp; B1 Correction; N3; Scaled,20262,64292,142375