RID,PTID,Screen.Diagnosis,Visit,Scan.Date,Sequence,Study.ID,Series.ID,Image.ID
15,100_S_0015,NL,Month 6,5/2/06,MPR-R; ; N3; Scaled,3695,13884,33041
15,100_S_0015,NL,Baseline,10/31/05,MPR-R; ; N3; Scaled,2613,8833,33046
15,100_S_0015,NL,Month 12,10/16/06,MPR-R; ; N3; Scaled,5490,20311,63475
15,100_S_0015,NL,Month 24,10/11/07,MPR; ; N3; Scaled,13281,41463,82551
15,100_S_0015,NL,Month 36,4/27/09,MPR; ; N3; Scaled,21223,66778,160866
30,023_S_0030,MCI,Baseline,10/26/05,MPR; GradWarp; B1 Correction; N3; Scaled,2591,8908,31623
30,023_S_0030,MCI,Month 6,4/13/06,MPR; GradWarp; B1 Correction; N3; Scaled,3512,13207,51902
30,023_S_0030,MCI,Month 18,4/26/07,MPR-R; GradWarp; B1 Correction; N3; Scaled,8517,30858,64059
30,023_S_0030,MCI,Month 24,11/13/07,MPR; GradWarp; B1 Correction; N3; Scaled,13696,42714,87493
30,023_S_0030,MCI,Month 6,4/13/06,MPR; GradWarp; B1 Correction; N3; Scaled_2,3512,13207,118776
30,023_S_0030,MCI,Baseline,10/26/05,MPR; GradWarp; B1 Correction; N3; Scaled_2,2591,8908,118790
30,023_S_0030,MCI,Month 18,4/26/07,MPR-R; GradWarp; B1 Correction; N3; Scaled_2,8517,30858,118835
30,023_S_0030,MCI,Month 36,11/26/08,MPR; GradWarp; B1 Correction; N3; Scaled,18857,60288,129260
30,023_S_0030,MCI,Month 12,10/12/06,MPR-R; GradWarp; B1 Correction; N3; Scaled,10680,20029,138580
31,023_S_0031,NL,Baseline,10/28/05,MPR-R; GradWarp; B1 Correction; N3; Scaled,2598,10009,51934
31,023_S_0031,NL,Month 6,4/17/06,MPR; GradWarp; B1 Correction; N3; Scaled,10681,13261,81856
31,023_S_0031,NL,Month 24,11/14/07,MPR; GradWarp; B1 Correction; N3; Scaled,13709,42753,83389
31,023_S_0031,NL,Month 12,10/30/06,MPR-R; GradWarp; B1 Correction; N3; Scaled,10682,21475,89933
31,023_S_0031,NL,Month 6,4/17/06,MPR; GradWarp; B1 Correction; N3; Scaled_2,10681,13261,118842
31,023_S_0031,NL,Month 12,10/30/06,MPR-R; GradWarp; B1 Correction; N3; Scaled_2,10682,21475,118846
31,023_S_0031,NL,Baseline,10/28/05,MPR-R; GradWarp; B1 Correction; N3; Scaled_2,2598,10009,118848
31,023_S_0031,NL,Month 36,12/2/08,MPR-R; GradWarp; B1 Correction; N3; Scaled,18920,60420,132325
58,023_S_0058,NL,Baseline,12/12/05,MPR; GradWarp; B1 Correction; N3; Scaled,2763,10498,30968
58,023_S_0058,NL,Month 6,6/13/06,MPR; GradWarp; B1 Correction; N3; Scaled,4175,15504,30979
58,023_S_0058,NL,Month 24,12/6/07,MPR; GradWarp; B1 Correction; N3; Scaled,13907,43409,87046
58,023_S_0058,NL,Baseline,12/12/05,MPR; GradWarp; B1 Correction; N3; Scaled_2,2763,10498,118837
58,023_S_0058,NL,Month 6,6/13/06,MPR; GradWarp; B1 Correction; N3; Scaled_2,4175,15504,118841
58,023_S_0058,NL,Month 12,12/19/06,MPR; GradWarp; B1 Correction; N3; Scaled_2,6419,24251,118852
58,023_S_0058,NL,Month 36,12/9/08,MPR; GradWarp; B1 Correction; N3; Scaled,19021,60689,132350
61,023_S_0061,NL,Baseline,12/20/05,MPR; GradWarp; B1 Correction; N3; Scaled,2823,10633,31107
61,023_S_0061,NL,Month 6,6/15/06,MPR; GradWarp; B1 Correction; N3; Scaled,4194,15579,64681
61,023_S_0061,NL,Month 12,12/6/06,MPR; GradWarp; B1 Correction; N3; Scaled,10683,23481,81874
61,023_S_0061,NL,Month 24,12/13/07,MPR; GradWarp; B1 Correction; N3; Scaled,14041,43840,87064
61,023_S_0061,NL,Baseline,12/20/05,MPR; GradWarp; B1 Correction; N3; Scaled_2,2823,10633,118854
61,023_S_0061,NL,Month 6,6/15/06,MPR; GradWarp; B1 Correction; N3; Scaled_2,4194,15579,118855
61,023_S_0061,NL,Month 12,12/6/06,MPR; GradWarp; B1 Correction; N3; Scaled_2,10683,23481,118858
61,023_S_0061,NL,Month 36,12/23/08,MPR; GradWarp; B1 Correction; N3; Scaled,19169,61114,134698
86,136_S_0086,NL,Baseline,5/8/06,MPR; ; N3; Scaled,3756,14069,40172
86,136_S_0086,NL,Month 12,5/1/07,MPR; ; N3; Scaled,8642,31407,67781
86,136_S_0086,NL,Month 6,10/30/06,MPR-R; ; N3; Scaled,10804,21509,92351
86,136_S_0086,NL,Baseline,5/8/06,MPR; ; N3; Scaled_2,3756,14069,119685
86,136_S_0086,NL,Month 24,5/5/08,MPR; ; N3; Scaled,15813,49691,120416
86,136_S_0086,NL,Month 36,5/5/09,MPR; ; N3; Scaled,21297,67044,151355
184,136_S_0184,NL,Baseline,3/27/06,MPR; ; N3; Scaled,3281,12474,40191
184,136_S_0184,NL,Month 12,3/20/07,MPR-R; ; N3; Scaled,7752,28430,69136
184,136_S_0184,NL,Month 6,9/6/06,MPR; ; N3; Scaled,10806,18601,88159
184,136_S_0184,NL,Month 24,3/17/08,MPR-R; ; N3; Scaled,15048,47135,102840
184,136_S_0184,NL,Baseline,3/27/06,MPR; ; N3; Scaled_2,3281,12474,119712
184,136_S_0184,NL,Month 6,9/6/06,MPR; ; N3; Scaled_2,10806,18601,119714
184,136_S_0184,NL,Month 36,3/16/09,MPR; ; N3; Scaled,20407,64785,148265
195,136_S_0195,MCI,Baseline,4/4/06,MPR; ; N3; Scaled,3378,12748,40254
195,136_S_0195,MCI,Month 18,9/24/07,MPR-R; ; N3; Scaled,12223,39882,81460
195,136_S_0195,MCI,Month 12,3/26/07,MPR; ; N3; Scaled,7951,28912,81981
195,136_S_0195,MCI,Month 6,10/2/06,MPR; ; N3; Scaled,10808,19574,88164
195,136_S_0195,MCI,Baseline,4/4/06,MPR; ; N3; Scaled_2,3378,12748,119721
195,136_S_0195,MCI,Month 6,10/2/06,MPR; ; N3; Scaled_2,10808,19574,119723
195,136_S_0195,MCI,Month 24,3/25/08,MPR-R; ; N3; Scaled,15129,47389,120423
195,136_S_0195,MCI,Month 36,4/7/09,MPR; ; N3; Scaled,20849,65770,148270
196,136_S_0196,NL,Baseline,5/1/06,MPR; ; N3; Scaled,3683,13831,40269
196,136_S_0196,NL,Month 6,10/23/06,MPR; ; N3; Scaled,5561,20882,40281
196,136_S_0196,NL,Month 12,5/7/07,MPR; ; N3; Scaled,8750,31829,66740
196,136_S_0196,NL,Baseline,5/1/06,MPR; ; N3; Scaled_2,3683,13831,119725
196,136_S_0196,NL,Month 24,4/28/08,MPR; ; N3; Scaled,15731,49419,120426
196,136_S_0196,NL,Month 36,4/27/09,MPR; ; N3; Scaled,21210,66736,151369
260,127_S_0260,NL,Baseline,5/1/06,MPR; GradWarp; B1 Correction; N3; Scaled,3688,13858,34371
260,127_S_0260,NL,Month 12,5/8/07,MPR; GradWarp; B1 Correction; N3; Scaled,8779,31931,63565
260,127_S_0260,NL,Month 6,11/2/06,MPR; GradWarp; B1 Correction; N3; Scaled,10789,21836,88077
260,127_S_0260,NL,Month 24,5/13/08,MPR; GradWarp; B1 Correction; N3; Scaled,15926,50016,106542
260,127_S_0260,NL,Month 36,4/30/09,MPR-R; GradWarp; B1 Correction; N3; Scaled,21268,66946,151199
300,136_S_0300,AD,Baseline,6/7/06,MPR-R; ; N3; Scaled,4119,15349,40352
300,136_S_0300,AD,Month 6,11/13/06,MPR; ; N3; Scaled,5876,22443,66754
300,136_S_0300,AD,Month 12,5/29/07,MPR; ; N3; Scaled,9027,32709,66768
300,136_S_0300,AD,Baseline,6/7/06,MPR-R; ; N3; Scaled_2,4119,15349,119729
300,136_S_0300,AD,Month 24,5/19/08,MPR; ; N3; Scaled,16009,50330,120436
303,037_S_0303,NL,Baseline,5/3/06,MPR; GradWarp; B1 Correction; N3; Scaled,3708,13916,64116
303,037_S_0303,NL,Month 6,10/20/06,MPR; GradWarp; B1 Correction; N3; Scaled,10777,20560,88540
303,037_S_0303,NL,Month 24,5/6/08,MPR; GradWarp; B1 Correction; N3; Scaled,15831,49752,105924
303,037_S_0303,NL,Month 12,4/25/07,MPR; GradWarp; B1 Correction; N3; Scaled,8471,30681,138806
303,037_S_0303,NL,Month 36,6/5/09,MPR; GradWarp; B1 Correction; N3; Scaled,21612,68317,162548
307,027_S_0307,MCI,Baseline,5/11/06,MPR; GradWarp; B1 Correction; N3; Scaled,3827,14336,34168
307,027_S_0307,MCI,Month 12,5/1/07,MPR; GradWarp; B1 Correction; N3; Scaled,8660,31552,66009
307,027_S_0307,MCI,Month 18,11/14/07,MPR; GradWarp; B1 Correction; N3; Scaled,13721,42787,83030
307,027_S_0307,MCI,Month 6,10/20/06,MPR-R; GradWarp; B1 Correction; N3; Scaled,10754,20538,88403
307,027_S_0307,MCI,Month 24,4/16/08,MPR; GradWarp; B1 Correction; N3; Scaled,15524,48827,103681
307,027_S_0307,MCI,Month 36,4/6/09,MPR; GradWarp; B1 Correction; N3; Scaled,20962,66005,148022
324,005_S_0324,MCI,Baseline,4/21/06,MPR-R; GradWarp; B1 Correction; N3; Scaled,3623,13664,32777
324,005_S_0324,MCI,Month 6,10/31/06,MPR-R; GradWarp; B1 Correction; N3; Scaled,5688,21628,35467
324,005_S_0324,MCI,Month 12,5/9/07,MPR; GradWarp; B1 Correction; N3; Scaled,8791,31973,70611
324,005_S_0324,MCI,Month 18,10/17/07,MPR; GradWarp; B1 Correction; N3; Scaled,13376,41671,78691
324,005_S_0324,MCI,Month 24,5/5/08,MPR; GradWarp; B1 Correction; N3; Scaled,15808,49675,105848
324,005_S_0324,MCI,Month 36,6/1/09,MPR; GradWarp; B1 Correction; N3; Scaled,21571,68159,150219
331,023_S_0331,MCI,Baseline,4/12/06,MPR; GradWarp; B1 Correction; N3; Scaled,3502,13168,66018
331,023_S_0331,MCI,Month 12,3/19/07,MPR; GradWarp; B1 Correction; N3; Scaled,7707,28331,67174
331,023_S_0331,MCI,Month 6,10/3/06,MPR; GradWarp; B1 Correction; N3; Scaled,10685,19679,82171
331,023_S_0331,MCI,Month 18,10/9/07,MPR; GradWarp; B1 Correction; N3; Scaled,13134,41141,89738
331,023_S_0331,MCI,Month 24,3/28/08,MPR; GradWarp; B1 Correction; N3; Scaled,15218,47655,102204
331,023_S_0331,MCI,Month 12,3/19/07,MPR; GradWarp; B1 Correction; N3; Scaled_2,7707,28331,119001
331,023_S_0331,MCI,Month 6,10/3/06,MPR; GradWarp; B1 Correction; N3; Scaled_2,10685,19679,119008
331,023_S_0331,MCI,Baseline,4/12/06,MPR; GradWarp; B1 Correction; N3; Scaled_2,3502,13168,119018
331,023_S_0331,MCI,Month 36,4/10/09,MPR; GradWarp; B1 Correction; N3; Scaled,20973,66033,149526
335,018_S_0335,AD,Baseline,5/31/06,MPR; ; N3; Scaled,4084,15247,35014
335,018_S_0335,AD,Month 12,5/22/07,MPR; ; N3; Scaled,8957,32509,81373
335,018_S_0335,AD,Month 6,11/28/06,MPR; ; N3; Scaled,6056,23025,92157
335,018_S_0335,AD,Month 24,6/24/08,MPR; ; N3; Scaled,16546,52049,120469
369,018_S_0369,NL,Month 6,10/31/06,MPR; ; N3; Scaled,5677,21544,35021
369,018_S_0369,NL,Baseline,5/11/06,MPR; ; N3; Scaled,3829,14343,37190
369,018_S_0369,NL,Month 12,4/24/07,MPR; ; N3; Scaled,8409,30432,70680
369,018_S_0369,NL,Month 24,5/13/08,MPR; ; N3; Scaled,15941,50063,107779
369,018_S_0369,NL,Baseline,5/11/06,MPR; ; N3; Scaled_2,3829,14343,118773
369,018_S_0369,NL,Month 36,6/10/09,MPR; ; N3; Scaled,21666,68484,160830
376,023_S_0376,MCI,Baseline,4/28/06,MPR; GradWarp; B1 Correction; N3; Scaled,3665,13786,31392
376,023_S_0376,MCI,Month 6,10/19/06,MPR-R; GradWarp; B1 Correction; N3; Scaled,5515,20446,52093
376,023_S_0376,MCI,Month 12,3/20/07,MPR; GradWarp; B1 Correction; N3; Scaled,7787,28518,64800
376,023_S_0376,MCI,Month 18,10/25/07,MPR; GradWarp; B1 Correction; N3; Scaled,13463,41958,87502
376,023_S_0376,MCI,Month 24,4/15/08,MPR; GradWarp; B1 Correction; N3; Scaled,15502,48752,103654
376,023_S_0376,MCI,Month 6,10/19/06,MPR-R; GradWarp; B1 Correction; N3; Scaled_2,5515,20446,118839
376,023_S_0376,MCI,Month 12,3/20/07,MPR; GradWarp; B1 Correction; N3; Scaled_2,7787,28518,118851
376,023_S_0376,MCI,Baseline,4/28/06,MPR; GradWarp; B1 Correction; N3; Scaled_2,3665,13786,118882
376,023_S_0376,MCI,Month 36,5/1/09,MPR; GradWarp; B1 Correction; N3; Scaled,21274,66972,149780
382,116_S_0382,NL,Baseline,6/13/06,MPR; GradWarp; B1 Correction; N3; Scaled,4239,15735,53802
382,116_S_0382,NL,Month 12,6/13/07,MPR; GradWarp; B1 Correction; N3; Scaled,9326,33693,87739
382,116_S_0382,NL,Month 6,11/30/06,MPR; GradWarp; B1 Correction; N3; Scaled,10782,23227,89644
382,116_S_0382,NL,Month 24,5/28/08,MPR; GradWarp; B1 Correction; N3; Scaled,16134,50711,123767
382,116_S_0382,NL,Month 36,6/12/09,MPR; GradWarp; B1 Correction; N3; Scaled,21702,68580,160141
388,023_S_0388,MCI,Baseline,5/4/06,MPR; GradWarp; B1 Correction; N3; Scaled,3736,14001,31446
388,023_S_0388,MCI,Month 6,11/6/06,MPR-R; GradWarp; B1 Correction; N3; Scaled,10686,22184,81905
388,023_S_0388,MCI,Month 18,10/30/07,MPR; GradWarp; B1 Correction; N3; Scaled,13502,42069,81919
388,023_S_0388,MCI,Month 12,4/17/07,MPR; GradWarp; B1 Correction; N3; Scaled,8248,29861,101432
388,023_S_0388,MCI,Month 24,4/16/08,MPR; GradWarp; B1 Correction; N3; Scaled,15520,48815,103663
388,023_S_0388,MCI,Baseline,5/4/06,MPR; GradWarp; B1 Correction; N3; Scaled_2,3736,14001,118856
388,023_S_0388,MCI,Month 6,11/6/06,MPR-R; GradWarp; B1 Correction; N3; Scaled_2,10686,22184,118864
388,023_S_0388,MCI,Month 12,4/17/07,MPR; GradWarp; B1 Correction; N3; Scaled_2,8248,29861,118871
388,023_S_0388,MCI,Month 36,4/15/09,MPR; GradWarp; B1 Correction; N3; Scaled,21101,66392,149789
403,027_S_0403,NL,Baseline,5/8/06,MPR-R; GradWarp; B1 Correction; N3; Scaled,3786,14179,34190
403,027_S_0403,NL,Month 6,10/26/06,MPR-R; GradWarp; B1 Correction; N3; Scaled,5619,21067,47065
403,027_S_0403,NL,Month 12,5/14/07,MPR; GradWarp; B1 Correction; N3; Scaled,8855,32184,67380
403,027_S_0403,NL,Month 24,5/12/08,MPR; GradWarp; B1 Correction; N3; Scaled,15891,49902,105888
403,027_S_0403,NL,Month 36,5/7/09,MPR; GradWarp; B1 Correction; N3; Scaled,21324,67151,151319
404,027_S_0404,AD,Baseline,5/16/06,MPR; GradWarp; B1 Correction; N3; Scaled,3874,14494,34195
404,027_S_0404,AD,Month 6,11/22/06,MPR; GradWarp; B1 Correction; N3; Scaled,5994,22840,47545
404,027_S_0404,AD,Month 12,5/16/07,MPR; GradWarp; B1 Correction; N3; Scaled,8898,32328,87547
404,027_S_0404,AD,Month 24,5/12/08,MPR; GradWarp; B1 Correction; N3; Scaled,15916,49987,106467
413,002_S_0413,NL,Baseline,5/19/06,MPR; ; N3; Scaled,3956,14782,40657
413,002_S_0413,NL,Month 12,6/1/07,MPR; ; N3; Scaled,9095,32945,64551
413,002_S_0413,NL,Baseline,5/19/06,MPR; ; N3; Scaled_2,3956,14782,118675
413,002_S_0413,NL,Month 24,7/31/08,MPR; ; N3; Scaled,17175,54597,120746
413,002_S_0413,NL,Month 6,11/15/06,MPR; ; N3; Scaled_2,5954,22683,128346
413,002_S_0413,NL,Month 36,4/30/09,MPR; ; N3; Scaled,21262,66926,149735
426,136_S_0426,AD,Baseline,5/30/06,MPR; ; N3; Scaled,4025,15017,40378
426,136_S_0426,AD,Month 6,11/20/06,MPR; ; N3; Scaled,5966,22726,66773
426,136_S_0426,AD,Month 12,6/4/07,MPR; ; N3; Scaled,9102,32971,66787
426,136_S_0426,AD,Baseline,5/30/06,MPR; ; N3; Scaled_2,4025,15017,119731
426,136_S_0426,AD,Month 24,6/3/08,MPR; ; N3; Scaled,16232,51029,120441
429,136_S_0429,MCI,Baseline,6/27/06,MPR; ; N3; Scaled,4278,15882,40392
429,136_S_0429,MCI,Month 6,12/18/06,MPR; ; N3; Scaled,6389,24156,66801
429,136_S_0429,MCI,Month 12,6/18/07,MPR; ; N3; Scaled,9339,33730,83549
429,136_S_0429,MCI,Month 18,12/17/07,MPR; ; N3; Scaled,14184,44162,88169
429,136_S_0429,MCI,Baseline,6/27/06,MPR; ; N3; Scaled_2,4278,15882,119733
429,136_S_0429,MCI,Month 24,6/17/08,MPR; ; N3; Scaled,16449,51722,120446
429,136_S_0429,MCI,Month 36,7/13/09,MPR; ; N3; Scaled,22163,69971,205562
450,018_S_0450,MCI,Baseline,6/23/06,MPR; ; N3; Scaled,4263,15825,35029
450,018_S_0450,MCI,Month 6,12/8/06,MPR; ; N3; Scaled,6261,23722,69469
450,018_S_0450,MCI,Month 12,6/12/07,MPR; ; N3; Scaled,9259,33479,76601
450,018_S_0450,MCI,Month 18,12/10/07,MPR-R; ; N3; Scaled,13937,43503,87299
450,018_S_0450,MCI,Month 24,6/9/08,MPR; ; N3; Scaled,16302,51236,111192
450,018_S_0450,MCI,Month 36,7/1/09,MPR; ; N3; Scaled,22011,69490,171350
487,116_S_0487,AD,Baseline,8/10/06,MPR-R; GradWarp; B1 Correction; N3; Scaled,4758,17729,59677
487,116_S_0487,AD,Month 6,12/22/06,MPR-R; GradWarp; B1 Correction; N3; Scaled,10786,24460,89666
487,116_S_0487,AD,Month 12,6/18/07,MPR; GradWarp; B1 Correction; N3; Scaled,9335,33717,92420
487,116_S_0487,AD,Month 24,6/6/08,MPR; GradWarp; B1 Correction; N3; Scaled,16290,51211,109893
501,037_S_0501,MCI,Month 12,7/11/07,MPR; GradWarp; B1 Correction; N3; Scaled,9665,35029,72405
501,037_S_0501,MCI,Baseline,6/23/06,MPR-R; GradWarp; B1 Correction; N3; Scaled,4258,15805,79784
501,037_S_0501,MCI,Month 6,1/5/07,MPR; GradWarp; B1 Correction; N3; Scaled,10779,24751,86801
501,037_S_0501,MCI,Month 18,12/12/07,MPR; GradWarp; B1 Correction; N3; Scaled,14014,43768,94830
501,037_S_0501,MCI,Month 24,6/25/08,MPR-R; GradWarp; B1 Correction; N3; Scaled,16800,53117,120521
501,037_S_0501,MCI,Month 36,9/23/09,MPR; GradWarp; B1 Correction; N3; Scaled,23290,74154,166898
507,053_S_0507,MCI,Baseline,6/6/06,MPR; ; N3; Scaled,4088,15256,75459
507,053_S_0507,MCI,Month 12,6/11/07,MPR; ; N3; Scaled,9229,33392,75471
507,053_S_0507,MCI,Month 18,11/27/07,MPR; ; N3; Scaled,13791,43019,85542
507,053_S_0507,MCI,Month 6,12/11/06,MPR; ; N3; Scaled,14219,23807,90578
507,053_S_0507,MCI,Baseline,6/6/06,MPR; ; N3; Scaled_2,4088,15256,119146
507,053_S_0507,MCI,Month 6,12/11/06,MPR; ; N3; Scaled_2,14219,23807,119148
507,053_S_0507,MCI,Month 12,6/11/07,MPR; ; N3; Scaled_2,9229,33392,119158
507,053_S_0507,MCI,Month 18,11/27/07,MPR; ; N3; Scaled_2,13791,43019,119160
507,053_S_0507,MCI,Month 24,6/11/08,MPR; ; N3; Scaled; No phantom for scaling,16360,51462,132918
507,053_S_0507,MCI,Month 36,5/20/09,MPR; ; N3; Scaled,21422,67529,151140
553,005_S_0553,NL,Baseline,6/28/06,MPR; GradWarp; B1 Correction; N3; Scaled,4294,15928,32755
553,005_S_0553,NL,Month 6,1/4/07,MPR; GradWarp; B1 Correction; N3; Scaled,6542,24693,67899
553,005_S_0553,NL,Month 12,6/14/07,MPR; GradWarp; B1 Correction; N3; Scaled,9296,33606,71312
553,005_S_0553,NL,Month 24,7/8/08,MPR; GradWarp; B1 Correction; N3; Scaled,16809,53157,120789
553,005_S_0553,NL,Month 36,9/15/09,MPR-R; GradWarp; B1 Correction; N3; Scaled,23183,73709,162016
559,002_S_0559,NL,Baseline,6/27/06,MPR; ; N3; Scaled,4293,15922,45126
559,002_S_0559,NL,Month 6,12/12/06,MPR; ; N3; Scaled,10530,23910,79123
559,002_S_0559,NL,Month 12,10/18/07,MPR-R; ; N3; Scaled,13423,41825,82102
559,002_S_0559,NL,Baseline,6/27/06,MPR; ; N3; Scaled_2,4293,15922,118679
559,002_S_0559,NL,Month 24,8/15/08,MPR; ; N3; Scaled,17461,55646,120779
559,002_S_0559,NL,Month 36,6/30/09,MPR; ; N3; Scaled,21955,69303,171087
572,005_S_0572,MCI,Baseline,7/31/06,MPR-R; GradWarp; B1 Correction; N3; Scaled,4650,17494,32817
572,005_S_0572,MCI,Month 6,12/27/06,MPR-R; GradWarp; B1 Correction; N3; Scaled,10531,24527,79141
572,005_S_0572,MCI,Month 12,7/9/07,MPR-R; GradWarp; B1 Correction; N3; Scaled,9581,34606,86030
572,005_S_0572,MCI,Month 18,2/4/08,MPR-R; GradWarp; B1 Correction; N3; Scaled,14520,45299,91417
572,005_S_0572,MCI,Month 24,8/5/08,MPR; GradWarp; B1 Correction; N3; Scaled,17246,54808,120460
572,005_S_0572,MCI,Month 36,7/6/09,MPR; GradWarp; B1 Correction; N3; Scaled,21992,69434,162030
604,023_S_0604,MCI,Baseline,6/20/06,MPR-R; GradWarp; B1 Correction; N3; Scaled,4220,15677,31468
604,023_S_0604,MCI,Month 12,6/11/07,MPR-R; GradWarp; B1 Correction; N3; Scaled,9223,33372,64077
604,023_S_0604,MCI,Month 6,12/12/06,MPR; GradWarp; B1 Correction; N3; Scaled,10687,23944,81928
604,023_S_0604,MCI,Month 18,12/11/07,MPR; GradWarp; B1 Correction; N3; Scaled,13977,43624,87073
604,023_S_0604,MCI,Month 12,6/11/07,MPR-R; GradWarp; B1 Correction; N3; Scaled_2,9223,33372,119006
604,023_S_0604,MCI,Month 6,12/12/06,MPR; GradWarp; B1 Correction; N3; Scaled_2,10687,23944,119009
604,023_S_0604,MCI,Baseline,6/20/06,MPR-R; GradWarp; B1 Correction; N3; Scaled_2,4220,15677,119026
604,023_S_0604,MCI,Month 24,7/30/08,MPR; GradWarp; B1 Correction; N3; Scaled,17142,54484,120798
604,023_S_0604,MCI,Month 36,7/10/09,MPR-R; GradWarp; B1 Correction; N3; Scaled,22103,69793,162296
606,126_S_0606,AD,Baseline,8/14/06,MPR; GradWarp; B1 Correction; N3; Scaled,4811,17816,38887
606,126_S_0606,AD,Month 6,1/31/07,MPR-R; GradWarp; B1 Correction; N3; Scaled,6902,25749,48918
606,126_S_0606,AD,Month 12,7/30/07,MPR; GradWarp; B1 Correction; N3; Scaled,10416,36584,72873
606,126_S_0606,AD,Month 24,7/31/08,MPR-R; GradWarp; B1 Correction; N3; Scaled,17163,54553,120575
622,127_S_0622,NL,Month 12,6/27/07,MPR; GradWarp; B1 Correction; N3; Scaled,9476,34177,72352
622,127_S_0622,NL,Baseline,6/29/06,MPR; GradWarp; B1 Correction; N3; Scaled,4309,15986,74496
622,127_S_0622,NL,Month 6,12/13/06,MPR; GradWarp; B1 Correction; N3; Scaled,10795,23999,91113
622,127_S_0622,NL,Month 24,6/25/08,MPR; GradWarp; B1 Correction; N3; Scaled,16660,52556,120580
622,127_S_0622,NL,Month 36,6/30/09,MPR; GradWarp; B1 Correction; N3; Scaled,21964,69345,162947
625,023_S_0625,MCI,Baseline,7/12/06,MPR; GradWarp; B1 Correction; N3; Scaled,4460,16766,31500
625,023_S_0625,MCI,Month 6,2/27/07,MPR; GradWarp; B1 Correction; N3; Scaled,7336,27236,52098
625,023_S_0625,MCI,Month 12,7/16/07,MPR; GradWarp; B1 Correction; N3; Scaled,9674,35062,73073
625,023_S_0625,MCI,Month 18,1/11/08,MPR-R; GradWarp; B1 Correction; N3; Scaled,14289,44503,89607
625,023_S_0625,MCI,Month 6,2/27/07,MPR; GradWarp; B1 Correction; N3; Scaled_2,7336,27236,118998
625,023_S_0625,MCI,Baseline,7/12/06,MPR; GradWarp; B1 Correction; N3; Scaled_2,4460,16766,119032
625,023_S_0625,MCI,Month 24,8/1/08,MPR; GradWarp; B1 Correction; N3; Scaled,17205,54691,120451
625,023_S_0625,MCI,Month 36,10/20/09,MPR; GradWarp; B1 Correction; N3; Scaled,23642,75410,162301
633,018_S_0633,AD,Baseline,7/17/06,MPR; ; N3; Scaled,4493,16900,35039
633,018_S_0633,AD,Month 12,7/17/07,MPR; ; N3; Scaled,9709,35155,71451
633,018_S_0633,AD,Month 6,1/19/07,MPR; ; N3; Scaled,6750,25316,79139
633,018_S_0633,AD,Month 24,7/28/08,MPR; ; N3; Scaled,17074,54179,120476
649,116_S_0649,MCI,Month 6,2/21/07,MPR; GradWarp; B1 Correction; N3; Scaled,7248,26946,53823
649,116_S_0649,MCI,Baseline,9/8/06,MPR; GradWarp; B1 Correction; N3; Scaled,5064,18687,63508
649,116_S_0649,MCI,Month 12,8/8/07,MPR; GradWarp; B1 Correction; N3; Scaled,13595,42362,83512
649,116_S_0649,MCI,Month 18,2/7/08,MPR; GradWarp; B1 Correction; N3; Scaled,14696,45897,94631
649,116_S_0649,MCI,Month 24,7/30/08,MPR; GradWarp; B1 Correction; N3; Scaled,17153,54521,120553
649,116_S_0649,MCI,Month 36,8/14/09,MPR-R; GradWarp; B1 Correction; N3; Scaled,22875,72494,172347
677,032_S_0677,NL,Month 12,7/19/07,MPR; GradWarp; B1 Correction; N3; Scaled,9894,35547,73347
677,032_S_0677,NL,Baseline,10/9/06,MPR; GradWarp; B1 Correction; N3; Scaled,5397,19889,90942
677,032_S_0677,NL,Month 6,4/3/07,MPR; GradWarp; B1 Correction; N3; Scaled,8101,29373,90951
677,032_S_0677,NL,Month 24,8/25/08,MPR; GradWarp; B1 Correction; N3; Scaled,17515,55812,120479
677,032_S_0677,NL,Month 36,7/27/09,MPR-R; GradWarp; B1 Correction; N3; Scaled,22442,70927,162460
689,012_S_0689,AD,Baseline,7/19/06,MPR-R; ; N3; Scaled,4511,16978,59174
689,012_S_0689,AD,Month 6,1/10/07,MPR; ; N3; Scaled,6630,24956,59190
689,012_S_0689,AD,Month 12,7/19/07,MPR; ; N3; Scaled,10381,36506,74659
689,012_S_0689,AD,Month 24,7/23/08,MPR; ; N3; Scaled,17067,54149,134210
814,005_S_0814,AD,Month 6,4/5/07,MPR; GradWarp; B1 Correction; N3; Scaled,8110,29396,73538
814,005_S_0814,AD,Baseline,9/20/06,MPR; GradWarp; B1 Correction; N3; Scaled,5191,19117,74600
814,005_S_0814,AD,Month 12,11/27/07,MPR; GradWarp; B1 Correction; N3; Scaled,13793,43028,85469
814,005_S_0814,AD,Month 24,10/8/08,MPR; GradWarp; B1 Correction; N3; Scaled,17915,57167,124421
830,031_S_0830,MCI,Month 6,4/3/07,MPR; GradWarp; B1 Correction; N3; Scaled,8143,29499,90907
830,031_S_0830,MCI,Month 12,9/17/07,MPR; GradWarp; B1 Correction; N3; Scaled,11973,39458,92444
830,031_S_0830,MCI,Month 18,3/24/08,MPR; GradWarp; B1 Correction; N3; Scaled,15131,47398,102502
830,031_S_0830,MCI,Month 24,9/25/08,MPR-R; GradWarp; B1 Correction; N3; Scaled,17805,56755,124115
830,031_S_0830,MCI,Baseline,9/21/06,MPR-R; GradWarp; B1 Correction; N3; Scaled,5224,19249,138792
830,031_S_0830,MCI,Month 36,9/21/09,MPR; GradWarp; B1 Correction; N3; Scaled,23269,74049,162428
835,027_S_0835,MCI,Baseline,9/28/06,MPR; GradWarp; B1 Correction; N3; Scaled,5293,19496,35653
835,027_S_0835,MCI,Month 6,3/22/07,MPR; GradWarp; B1 Correction; N3; Scaled,7863,28689,66987
835,027_S_0835,MCI,Month 12,9/26/07,MPR; GradWarp; B1 Correction; N3; Scaled,12311,40013,82223
835,027_S_0835,MCI,Month 18,4/3/08,MPR; GradWarp; B1 Correction; N3; Scaled,15280,47884,102735
835,027_S_0835,MCI,Month 24,9/23/08,MPR; GradWarp; B1 Correction; N3; Scaled,17770,56621,120256
835,027_S_0835,MCI,Month 36,9/16/09,MPR-R; GradWarp; B1 Correction; N3; Scaled,23202,73784,162381
844,127_S_0844,AD,Month 6,5/16/07,MPR-R; GradWarp; B1 Correction; N3; Scaled,8906,32353,67261
844,127_S_0844,AD,Month 12,10/26/07,MPR; GradWarp; B1 Correction; N3; Scaled,13480,42006,82651
844,127_S_0844,AD,Baseline,11/9/06,MPR; GradWarp; B1 Correction; N3; Scaled,5798,22284,83521
844,127_S_0844,AD,Month 24,11/17/08,MPR; GradWarp; B1 Correction; N3; Scaled,18797,60080,129629
916,023_S_0916,AD,Baseline,9/29/06,MPR; GradWarp; B1 Correction; N3; Scaled,5301,19523,31540
916,023_S_0916,AD,Month 6,4/24/07,MPR; GradWarp; B1 Correction; N3; Scaled,8445,30560,64827
916,023_S_0916,AD,Month 12,9/28/07,MPR; GradWarp; B1 Correction; N3; Scaled,12938,40736,80152
916,023_S_0916,AD,Baseline,9/29/06,MPR; GradWarp; B1 Correction; N3; Scaled_2,5301,19523,118880
916,023_S_0916,AD,Month 6,4/24/07,MPR; GradWarp; B1 Correction; N3; Scaled_2,8445,30560,118881
916,023_S_0916,AD,Month 24,9/30/08,MPR; GradWarp; B1 Correction; N3; Scaled,17833,56855,124097
926,023_S_0926,NL,Month 6,4/3/07,MPR; GradWarp; B1 Correction; N3; Scaled,8071,29272,64995
926,023_S_0926,NL,Month 12,10/23/07,MPR; GradWarp; B1 Correction; N3; Scaled,13430,41848,81937
926,023_S_0926,NL,Month 6,4/3/07,MPR; GradWarp; B1 Correction; N3; Scaled_2,8071,29272,118901
926,023_S_0926,NL,Month 24,10/21/08,MPR; GradWarp; B1 Correction; N3; Scaled,18108,57754,125029
926,023_S_0926,NL,Baseline,10/16/06,MPR-R; GradWarp; B1 Correction; N3; Scaled,5460,20160,138627
926,023_S_0926,NL,Month 36,10/30/09,MPR; GradWarp; B1 Correction; N3; Scaled,23726,75747,162328
956,130_S_0956,AD,Baseline,11/6/06,MPR; ; N3; Scaled,5907,22511,39200
956,130_S_0956,AD,Month 12,11/1/07,MPR; ; N3; Scaled,13525,42138,82700
956,130_S_0956,AD,Month 6,4/16/07,MPR; ; N3; Scaled,8218,29752,83806
956,130_S_0956,AD,Month 24,11/3/08,MPR; ; N3; Scaled,18298,58319,129655
963,023_S_0963,NL,Month 6,4/4/07,MPR; GradWarp; B1 Correction; N3; Scaled,8094,29352,64849
963,023_S_0963,NL,Month 12,10/11/07,MPR; GradWarp; B1 Correction; N3; Scaled,13202,41289,82205
963,023_S_0963,NL,Baseline,10/17/06,MPR-R; GradWarp; B1 Correction; N3; Scaled,5472,20204,90026
963,023_S_0963,NL,Baseline,10/17/06,MPR-R; GradWarp; B1 Correction; N3; Scaled_2,5472,20204,118904
963,023_S_0963,NL,Month 6,4/4/07,MPR; GradWarp; B1 Correction; N3; Scaled_2,8094,29352,118906
963,023_S_0963,NL,Month 24,11/24/08,MPR; GradWarp; B1 Correction; N3; Scaled,18832,60208,129286
963,023_S_0963,NL,Month 36,10/28/09,MPR; GradWarp; B1 Correction; N3; Scaled,23706,75641,162346
1018,002_S_1018,AD,Baseline,12/18/06,MPR; ; N3; Scaled,6434,24312,40828
1018,002_S_1018,AD,Month 6,6/14/07,MPR; ; N3; Scaled,9309,33636,64750
1018,002_S_1018,AD,Month 12,12/7/07,MPR; ; N3; Scaled,13935,43496,97022
1018,002_S_1018,AD,Month 24,12/12/08,MPR; ; N3; Scaled,19072,60846,132795
1046,023_S_1046,MCI,Baseline,11/15/06,MPR; GradWarp; B1 Correction; N3; Scaled,5935,22606,52107
1046,023_S_1046,MCI,Month 6,5/29/07,MPR; GradWarp; B1 Correction; N3; Scaled,9034,32728,87518
1046,023_S_1046,MCI,Month 12,11/6/07,MPR; GradWarp; B1 Correction; N3; Scaled,13586,42331,88270
1046,023_S_1046,MCI,Month 18,5/30/08,MPR-R; GradWarp; B1 Correction; N3; Scaled,16168,50826,109492
1046,023_S_1046,MCI,Baseline,11/15/06,MPR; GradWarp; B1 Correction; N3; Scaled_2,5935,22606,118908
1046,023_S_1046,MCI,Month 6,5/29/07,MPR; GradWarp; B1 Correction; N3; Scaled_2,9034,32728,118909
1046,023_S_1046,MCI,Month 24,1/21/09,MPR; GradWarp; B1 Correction; N3; Scaled,19471,62076,138011
1046,023_S_1046,MCI,Month 36,11/5/09,MPR; GradWarp; B1 Correction; N3; Scaled,23773,75931,163041
1066,031_S_1066,MCI,Month 12,12/14/07,MPR-R; GradWarp; B1 Correction; N3; Scaled,14123,44040,87106
1066,031_S_1066,MCI,Baseline,12/4/06,MPR; GradWarp; B1 Correction; N3; Scaled,6210,23507,90916
1066,031_S_1066,MCI,Month 6,5/29/07,MPR-R; GradWarp; B1 Correction; N3; Scaled,9049,32777,92682
1066,031_S_1066,MCI,Month 18,6/5/08,MPR-R; GradWarp; B1 Correction; N3; Scaled,16319,51293,111257
1066,031_S_1066,MCI,Month 24,11/25/08,MPR; GradWarp; B1 Correction; N3; Scaled,18862,60309,129313
1066,031_S_1066,MCI,Month 36,12/7/09,MPR-R; GradWarp; B1 Correction; N3; Scaled,24046,77081,203376
1070,002_S_1070,MCI,Baseline,12/18/06,MPR; ; N3; Scaled,6405,24206,40840
1070,002_S_1070,MCI,Month 6,6/7/07,MPR-R; ; N3; Scaled,9217,33354,60050
1070,002_S_1070,MCI,Month 12,12/10/07,MPR; ; N3; Scaled,13946,43530,86231
1070,002_S_1070,MCI,Month 18,8/13/08,MPR; ; N3; Scaled,17387,55382,120784
1070,002_S_1070,MCI,Month 24,12/11/08,MPR; ; N3; Scaled,19057,60783,132215
1070,002_S_1070,MCI,Month 36,12/10/09,MPR; ; N3; Scaled,24068,77169,165284
1081,027_S_1081,AD,Baseline,2/8/07,MPR; GradWarp; B1 Correction; N3; Scaled,6995,26054,47177
1081,027_S_1081,AD,Month 6,8/16/07,MPR; GradWarp; B1 Correction; N3; Scaled,10809,37477,73937
1081,027_S_1081,AD,Month 12,2/11/08,MPR; GradWarp; B1 Correction; N3; Scaled,14593,45549,94432
1081,027_S_1081,AD,Month 24,2/4/09,MPR; GradWarp; B1 Correction; N3; Scaled,19653,62633,135775
1082,027_S_1082,AD,Baseline,12/13/06,MPR; GradWarp; B1 Correction; N3; Scaled,6333,23987,47186
1082,027_S_1082,AD,Month 6,6/4/07,MPR; GradWarp; B1 Correction; N3; Scaled,9099,32962,86368
1082,027_S_1082,AD,Month 12,12/5/07,MPR; GradWarp; B1 Correction; N3; Scaled,13887,43354,86377
1082,027_S_1082,AD,Month 24,12/8/08,MPR; GradWarp; B1 Correction; N3; Scaled,18981,60605,132359
1169,032_S_1169,NL,Month 6,8/24/07,MPR-R; GradWarp; B1 Correction; N3; Scaled,11427,38359,75042
1169,032_S_1169,NL,Baseline,1/24/07,MPR-R; GradWarp; B1 Correction; N3; Scaled,6845,25563,90989
1169,032_S_1169,NL,Month 12,1/17/08,MPR; GradWarp; B1 Correction; N3; Scaled,14337,44666,94476
1169,032_S_1169,NL,Month 24,1/21/09,MPR; GradWarp; B1 Correction; N3; Scaled,19485,62137,141230
1169,032_S_1169,NL,Month 36,1/11/10,MT1; GradWarp; N3m,24831,79478,288905
1169,032_S_1169,NL,Month 36,1/11/10,MT1; GradWarp; N3m,24831,79479,288906
1209,031_S_1209,AD,Month 6,7/26/07,MPR; GradWarp; B1 Correction; N3; Scaled,10342,36418,76658
1209,031_S_1209,AD,Baseline,1/31/07,MPR; GradWarp; B1 Correction; N3; Scaled,6963,25948,90925
1209,031_S_1209,AD,Month 12,2/8/08,MPR; GradWarp; B1 Correction; N3; Scaled,14609,45594,92205
1209,031_S_1209,AD,Month 24,2/10/09,MPR; GradWarp; B1 Correction; N3; Scaled,19790,62928,142001
1249,116_S_1249,NL,Baseline,3/1/07,MPR-R; GradWarp; B1 Correction; N3; Scaled,7375,27351,53845
1249,116_S_1249,NL,Month 6,8/22/07,MPR; GradWarp; B1 Correction; N3; Scaled,11345,38250,80700
1249,116_S_1249,NL,Month 12,2/6/08,MPR; GradWarp; B1 Correction; N3; Scaled,14572,45487,91921
1249,116_S_1249,NL,Month 24,2/4/09,MPR-R; GradWarp; B1 Correction; N3; Scaled,19660,62655,139325
1249,116_S_1249,NL,Month 36,2/4/10,MPR; GradWarp; B1 Correction; N3; Scaled,24916,79768,172374
1262,023_S_1262,AD,Baseline,2/28/07,MPR-R; GradWarp; B1 Correction; N3; Scaled,7339,27243,64862
1262,023_S_1262,AD,Month 6,9/4/07,MPR; GradWarp; B1 Correction; N3; Scaled,11716,38823,77044
1262,023_S_1262,AD,Month 12,4/2/08,MPR; GradWarp; B1 Correction; N3; Scaled,15261,47824,103276
1262,023_S_1262,AD,Baseline,2/28/07,MPR-R; GradWarp; B1 Correction; N3; Scaled_2,7339,27243,118924
1262,023_S_1262,AD,Month 24,3/13/09,MPR; GradWarp; B1 Correction; N3; Scaled,20330,64543,143685
1286,100_S_1286,NL,Month 6,8/30/07,MPR-R; ; N3; Scaled,11700,38792,80679
1286,100_S_1286,NL,Baseline,3/7/07,MPR; ; N3; Scaled,7773,28476,82571
1286,100_S_1286,NL,Month 12,2/11/08,MPR; ; N3; Scaled,14602,45574,96312
1286,100_S_1286,NL,Month 24,3/17/09,MPR; ; N3; Scaled,20442,64895,149636
1286,100_S_1286,NL,Month 36,8/31/09,MPR; ; N3; Scaled,22995,72983,164224
1385,027_S_1385,AD,Baseline,3/26/07,MPR; GradWarp; B1 Correction; N3; Scaled,7971,28972,65374
1385,027_S_1385,AD,Month 6,9/26/07,MPR; GradWarp; B1 Correction; N3; Scaled,12318,40030,79577
1385,027_S_1385,AD,Month 12,3/26/08,MPR; GradWarp; B1 Correction; N3; Scaled,15166,47505,101541
1385,027_S_1385,AD,Month 24,3/12/09,MPR; GradWarp; B1 Correction; N3; Scaled,20289,64402,143178