RID,PTID,Screen.Diagnosis,Visit,Scan.Date,Sequence,Study.ID,Series.ID,Image.ID
15,100_S_0015,NL,Month 6,5/2/06,MPR-R; ; N3; Scaled,3695,13884,33041
15,100_S_0015,NL,Baseline,10/31/05,MPR-R; ; N3; Scaled,2613,8833,33046
15,100_S_0015,NL,Month 12,10/16/06,MPR-R; ; N3; Scaled,5490,20311,63475
30,023_S_0030,MCI,Baseline,10/26/05,MPR; GradWarp; B1 Correction; N3; Scaled,2591,8908,31623
30,023_S_0030,MCI,Month 6,4/13/06,MPR; GradWarp; B1 Correction; N3; Scaled,3512,13207,51902
30,023_S_0030,MCI,Month 6,4/13/06,MPR; GradWarp; B1 Correction; N3; Scaled_2,3512,13207,118776
30,023_S_0030,MCI,Baseline,10/26/05,MPR; GradWarp; B1 Correction; N3; Scaled_2,2591,8908,118790
30,023_S_0030,MCI,Month 12,10/12/06,MPR-R; GradWarp; B1 Correction; N3; Scaled,10680,20029,138580
31,023_S_0031,NL,Baseline,10/28/05,MPR-R; GradWarp; B1 Correction; N3; Scaled,2598,10009,51934
31,023_S_0031,NL,Month 6,4/17/06,MPR; GradWarp; B1 Correction; N3; Scaled,10681,13261,81856
31,023_S_0031,NL,Month 12,10/30/06,MPR-R; GradWarp; B1 Correction; N3; Scaled,10682,21475,89933
31,023_S_0031,NL,Month 6,4/17/06,MPR; GradWarp; B1 Correction; N3; Scaled_2,10681,13261,118842
31,023_S_0031,NL,Month 12,10/30/06,MPR-R; GradWarp; B1 Correction; N3; Scaled_2,10682,21475,118846
31,023_S_0031,NL,Baseline,10/28/05,MPR-R; GradWarp; B1 Correction; N3; Scaled_2,2598,10009,118848
58,023_S_0058,NL,Baseline,12/12/05,MPR; GradWarp; B1 Correction; N3; Scaled,2763,10498,30968
58,023_S_0058,NL,Month 6,6/13/06,MPR; GradWarp; B1 Correction; N3; Scaled,4175,15504,30979
58,023_S_0058,NL,Baseline,12/12/05,MPR; GradWarp; B1 Correction; N3; Scaled_2,2763,10498,118837
58,023_S_0058,NL,Month 6,6/13/06,MPR; GradWarp; B1 Correction; N3; Scaled_2,4175,15504,118841
58,023_S_0058,NL,Month 12,12/19/06,MPR; GradWarp; B1 Correction; N3; Scaled_2,6419,24251,118852
61,023_S_0061,NL,Baseline,12/20/05,MPR; GradWarp; B1 Correction; N3; Scaled,2823,10633,31107
61,023_S_0061,NL,Month 6,6/15/06,MPR; GradWarp; B1 Correction; N3; Scaled,4194,15579,64681
61,023_S_0061,NL,Month 12,12/6/06,MPR; GradWarp; B1 Correction; N3; Scaled,10683,23481,81874
61,023_S_0061,NL,Baseline,12/20/05,MPR; GradWarp; B1 Correction; N3; Scaled_2,2823,10633,118854
61,023_S_0061,NL,Month 6,6/15/06,MPR; GradWarp; B1 Correction; N3; Scaled_2,4194,15579,118855
61,023_S_0061,NL,Month 12,12/6/06,MPR; GradWarp; B1 Correction; N3; Scaled_2,10683,23481,118858
78,023_S_0078,MCI,Baseline,1/12/06,MPR; GradWarp; B1 Correction; N3; Scaled,2880,10841,51981
78,023_S_0078,MCI,Month 6,7/11/06,MPR; GradWarp; B1 Correction; N3; Scaled,4424,16570,51989
78,023_S_0078,MCI,Month 12,1/11/07,MPR; GradWarp; B1 Correction; N3; Scaled,6643,24992,52013
78,023_S_0078,MCI,Baseline,1/12/06,MPR; GradWarp; B1 Correction; N3; Scaled_2,2880,10841,118862
78,023_S_0078,MCI,Month 6,7/11/06,MPR; GradWarp; B1 Correction; N3; Scaled_2,4424,16570,118863
78,023_S_0078,MCI,Month 12,1/11/07,MPR; GradWarp; B1 Correction; N3; Scaled_2,6643,24992,118867
86,136_S_0086,NL,Baseline,5/8/06,MPR; ; N3; Scaled,3756,14069,40172
86,136_S_0086,NL,Month 12,5/1/07,MPR; ; N3; Scaled,8642,31407,67781
86,136_S_0086,NL,Month 6,10/30/06,MPR-R; ; N3; Scaled,10804,21509,92351
86,136_S_0086,NL,Baseline,5/8/06,MPR; ; N3; Scaled_2,3756,14069,119685
139,023_S_0139,AD,Baseline,2/6/06,MPR; GradWarp; B1 Correction; N3; Scaled,3017,11490,31313
139,023_S_0139,AD,Month 6,7/28/06,MPR; GradWarp; B1 Correction; N3; Scaled,10684,17389,31326
139,023_S_0139,AD,Month 12,2/15/07,MPR; GradWarp; B1 Correction; N3; Scaled,7130,26521,52049
139,023_S_0139,AD,Baseline,2/6/06,MPR; GradWarp; B1 Correction; N3; Scaled_2,3017,11490,118972
139,023_S_0139,AD,Month 6,7/28/06,MPR; GradWarp; B1 Correction; N3; Scaled_2,10684,17389,119007
184,136_S_0184,NL,Baseline,3/27/06,MPR; ; N3; Scaled,3281,12474,40191
184,136_S_0184,NL,Month 12,3/20/07,MPR-R; ; N3; Scaled,7752,28430,69136
184,136_S_0184,NL,Month 6,9/6/06,MPR; ; N3; Scaled,10806,18601,88159
184,136_S_0184,NL,Baseline,3/27/06,MPR; ; N3; Scaled_2,3281,12474,119712
184,136_S_0184,NL,Month 6,9/6/06,MPR; ; N3; Scaled_2,10806,18601,119714
190,100_S_0190,MCI,Baseline,5/22/06,MPR; ; N3; Scaled,4022,15011,33114
190,100_S_0190,MCI,Month 12,5/10/07,MPR; ; N3; Scaled,8838,32134,82556
190,100_S_0190,MCI,Month 6,11/16/06,MPR; ; N3; Scaled,10781,22671,94820
194,136_S_0194,AD,Baseline,4/24/06,MPR; ; N3; Scaled,3644,13723,40248
194,136_S_0194,AD,Baseline,4/24/06,MPR; ; N3; Scaled_2,3644,13723,119718
194,136_S_0194,AD,Month 6,10/16/06,MPR; ; N3; Scaled,10807,20341,122703
194,136_S_0194,AD,Month 12,4/2/07,MPR; ; N3; Scaled,8050,29210,138885
195,136_S_0195,MCI,Baseline,4/4/06,MPR; ; N3; Scaled,3378,12748,40254
195,136_S_0195,MCI,Month 12,3/26/07,MPR; ; N3; Scaled,7951,28912,81981
195,136_S_0195,MCI,Month 6,10/2/06,MPR; ; N3; Scaled,10808,19574,88164
195,136_S_0195,MCI,Baseline,4/4/06,MPR; ; N3; Scaled_2,3378,12748,119721
195,136_S_0195,MCI,Month 6,10/2/06,MPR; ; N3; Scaled_2,10808,19574,119723
196,136_S_0196,NL,Baseline,5/1/06,MPR; ; N3; Scaled,3683,13831,40269
196,136_S_0196,NL,Month 6,10/23/06,MPR; ; N3; Scaled,5561,20882,40281
196,136_S_0196,NL,Month 12,5/7/07,MPR; ; N3; Scaled,8750,31829,66740
196,136_S_0196,NL,Baseline,5/1/06,MPR; ; N3; Scaled_2,3683,13831,119725
260,127_S_0260,NL,Baseline,5/1/06,MPR; GradWarp; B1 Correction; N3; Scaled,3688,13858,34371
260,127_S_0260,NL,Month 12,5/8/07,MPR; GradWarp; B1 Correction; N3; Scaled,8779,31931,63565
260,127_S_0260,NL,Month 6,11/2/06,MPR; GradWarp; B1 Correction; N3; Scaled,10789,21836,88077
290,067_S_0290,MCI,Month 12,6/15/07,MPR-R; GradWarp; B1 Correction; N3; Scaled,9323,33684,72427
290,067_S_0290,MCI,Month 6,2/9/07,MPR; GradWarp; B1 Correction; N3; Scaled,7086,26390,86402
290,067_S_0290,MCI,Baseline,6/1/06,MPR-R; GradWarp; B1 Correction; N3; Scaled,4055,15130,89124
290,067_S_0290,MCI,Baseline,6/1/06,MPR-R; GradWarp; B1 Correction; N3; Scaled_2,4055,15130,119201
300,136_S_0300,AD,Baseline,6/7/06,MPR-R; ; N3; Scaled,4119,15349,40352
300,136_S_0300,AD,Month 6,11/13/06,MPR; ; N3; Scaled,5876,22443,66754
300,136_S_0300,AD,Month 12,5/29/07,MPR; ; N3; Scaled,9027,32709,66768
300,136_S_0300,AD,Baseline,6/7/06,MPR-R; ; N3; Scaled_2,4119,15349,119729
303,037_S_0303,NL,Baseline,5/3/06,MPR; GradWarp; B1 Correction; N3; Scaled,3708,13916,64116
303,037_S_0303,NL,Month 6,10/20/06,MPR; GradWarp; B1 Correction; N3; Scaled,10777,20560,88540
303,037_S_0303,NL,Month 12,4/25/07,MPR; GradWarp; B1 Correction; N3; Scaled,8471,30681,138806
307,027_S_0307,MCI,Baseline,5/11/06,MPR; GradWarp; B1 Correction; N3; Scaled,3827,14336,34168
307,027_S_0307,MCI,Month 12,5/1/07,MPR; GradWarp; B1 Correction; N3; Scaled,8660,31552,66009
307,027_S_0307,MCI,Month 6,10/20/06,MPR-R; GradWarp; B1 Correction; N3; Scaled,10754,20538,88403
324,005_S_0324,MCI,Baseline,4/21/06,MPR-R; GradWarp; B1 Correction; N3; Scaled,3623,13664,32777
324,005_S_0324,MCI,Month 6,10/31/06,MPR-R; GradWarp; B1 Correction; N3; Scaled,5688,21628,35467
324,005_S_0324,MCI,Month 12,5/9/07,MPR; GradWarp; B1 Correction; N3; Scaled,8791,31973,70611
331,023_S_0331,MCI,Baseline,4/12/06,MPR; GradWarp; B1 Correction; N3; Scaled,3502,13168,66018
331,023_S_0331,MCI,Month 12,3/19/07,MPR; GradWarp; B1 Correction; N3; Scaled,7707,28331,67174
331,023_S_0331,MCI,Month 6,10/3/06,MPR; GradWarp; B1 Correction; N3; Scaled,10685,19679,82171
331,023_S_0331,MCI,Month 12,3/19/07,MPR; GradWarp; B1 Correction; N3; Scaled_2,7707,28331,119001
331,023_S_0331,MCI,Month 6,10/3/06,MPR; GradWarp; B1 Correction; N3; Scaled_2,10685,19679,119008
331,023_S_0331,MCI,Baseline,4/12/06,MPR; GradWarp; B1 Correction; N3; Scaled_2,3502,13168,119018
332,021_S_0332,MCI,Baseline,4/19/06,MPR; GradWarp; B1 Correction; N3; Scaled,3573,13439,33484
332,021_S_0332,MCI,Month 6,10/19/06,MPR-R; GradWarp; B1 Correction; N3; Scaled,10679,20377,81382
332,021_S_0332,MCI,Month 12,4/19/07,MPR; GradWarp; B1 Correction; N3; Scaled,10624,37147,81387
335,018_S_0335,AD,Baseline,5/31/06,MPR; ; N3; Scaled,4084,15247,35014
335,018_S_0335,AD,Month 12,5/22/07,MPR; ; N3; Scaled,8957,32509,81373
335,018_S_0335,AD,Month 6,11/28/06,MPR; ; N3; Scaled,6056,23025,92157
369,018_S_0369,NL,Month 6,10/31/06,MPR; ; N3; Scaled,5677,21544,35021
369,018_S_0369,NL,Baseline,5/11/06,MPR; ; N3; Scaled,3829,14343,37190
369,018_S_0369,NL,Month 12,4/24/07,MPR; ; N3; Scaled,8409,30432,70680
369,018_S_0369,NL,Baseline,5/11/06,MPR; ; N3; Scaled_2,3829,14343,118773
376,023_S_0376,MCI,Baseline,4/28/06,MPR; GradWarp; B1 Correction; N3; Scaled,3665,13786,31392
376,023_S_0376,MCI,Month 6,10/19/06,MPR-R; GradWarp; B1 Correction; N3; Scaled,5515,20446,52093
376,023_S_0376,MCI,Month 12,3/20/07,MPR; GradWarp; B1 Correction; N3; Scaled,7787,28518,64800
376,023_S_0376,MCI,Month 6,10/19/06,MPR-R; GradWarp; B1 Correction; N3; Scaled_2,5515,20446,118839
376,023_S_0376,MCI,Month 12,3/20/07,MPR; GradWarp; B1 Correction; N3; Scaled_2,7787,28518,118851
376,023_S_0376,MCI,Baseline,4/28/06,MPR; GradWarp; B1 Correction; N3; Scaled_2,3665,13786,118882
382,116_S_0382,NL,Baseline,6/13/06,MPR; GradWarp; B1 Correction; N3; Scaled,4239,15735,53802
382,116_S_0382,NL,Month 12,6/13/07,MPR; GradWarp; B1 Correction; N3; Scaled,9326,33693,87739
382,116_S_0382,NL,Month 6,11/30/06,MPR; GradWarp; B1 Correction; N3; Scaled,10782,23227,89644
388,023_S_0388,MCI,Baseline,5/4/06,MPR; GradWarp; B1 Correction; N3; Scaled,3736,14001,31446
388,023_S_0388,MCI,Month 6,11/6/06,MPR-R; GradWarp; B1 Correction; N3; Scaled,10686,22184,81905
388,023_S_0388,MCI,Month 12,4/17/07,MPR; GradWarp; B1 Correction; N3; Scaled,8248,29861,101432
388,023_S_0388,MCI,Baseline,5/4/06,MPR; GradWarp; B1 Correction; N3; Scaled_2,3736,14001,118856
388,023_S_0388,MCI,Month 6,11/6/06,MPR-R; GradWarp; B1 Correction; N3; Scaled_2,10686,22184,118864
388,023_S_0388,MCI,Month 12,4/17/07,MPR; GradWarp; B1 Correction; N3; Scaled_2,8248,29861,118871
392,116_S_0392,AD,Baseline,6/26/06,MPR-R; GradWarp; B1 Correction; N3; Scaled,4406,16454,53818
392,116_S_0392,AD,Month 12,6/15/07,MPR; GradWarp; B1 Correction; N3; Scaled,9330,33703,72805
392,116_S_0392,AD,Month 6,12/4/06,MPR; GradWarp; B1 Correction; N3; Scaled,10784,23631,89653
393,127_S_0393,MCI,Baseline,5/24/06,MPR; GradWarp; B1 Correction; N3; Scaled,3986,14896,38790
393,127_S_0393,MCI,Month 12,6/6/07,MPR; GradWarp; B1 Correction; N3; Scaled,9174,33211,63583
393,127_S_0393,MCI,Month 6,11/21/06,MPR; GradWarp; B1 Correction; N3; Scaled,10791,22866,101909
403,027_S_0403,NL,Baseline,5/8/06,MPR-R; GradWarp; B1 Correction; N3; Scaled,3786,14179,34190
403,027_S_0403,NL,Month 6,10/26/06,MPR-R; GradWarp; B1 Correction; N3; Scaled,5619,21067,47065
403,027_S_0403,NL,Month 12,5/14/07,MPR; GradWarp; B1 Correction; N3; Scaled,8855,32184,67380
404,027_S_0404,AD,Baseline,5/16/06,MPR; GradWarp; B1 Correction; N3; Scaled,3874,14494,34195
404,027_S_0404,AD,Month 6,11/22/06,MPR; GradWarp; B1 Correction; N3; Scaled,5994,22840,47545
404,027_S_0404,AD,Month 12,5/16/07,MPR; GradWarp; B1 Correction; N3; Scaled,8898,32328,87547
406,018_S_0406,MCI,Baseline,6/26/06,MPR; ; N3; Scaled,4274,15863,35024
406,018_S_0406,MCI,Month 12,6/8/07,MPR; ; N3; Scaled,9199,33285,67697
406,018_S_0406,MCI,Month 6,12/5/06,MPR; ; N3; Scaled,6179,23426,92441
413,002_S_0413,NL,Baseline,5/19/06,MPR; ; N3; Scaled,3956,14782,40657
413,002_S_0413,NL,Month 12,6/1/07,MPR; ; N3; Scaled,9095,32945,64551
413,002_S_0413,NL,Baseline,5/19/06,MPR; ; N3; Scaled_2,3956,14782,118675
413,002_S_0413,NL,Month 6,11/15/06,MPR; ; N3; Scaled_2,5954,22683,128346
417,027_S_0417,MCI,Baseline,5/31/06,MPR; GradWarp; B1 Correction; N3; Scaled,4033,15050,34213
417,027_S_0417,MCI,Month 6,11/14/06,MPR-R; GradWarp; B1 Correction; N3; Scaled,5895,22485,47085
417,027_S_0417,MCI,Month 12,5/30/07,MPR-R; GradWarp; B1 Correction; N3; Scaled,9041,32755,122721
423,130_S_0423,MCI,Baseline,7/6/06,MPR-R; ; N3; Scaled,4398,16421,39104
423,130_S_0423,MCI,Month 12,8/20/07,MPR; ; N3; Scaled,11292,38092,75327
423,130_S_0423,MCI,Month 6,2/12/07,MPR; ; N3; Scaled,10800,26349,88318
425,018_S_0425,NL,Month 12,6/15/07,MPR; ; N3; Scaled,9305,33626,65952
425,018_S_0425,NL,Month 6,12/12/06,MPR; ; N3; Scaled,6516,24593,67377
425,018_S_0425,NL,Baseline,6/19/06,MPR; ; N3; Scaled,4210,15637,139891
426,136_S_0426,AD,Baseline,5/30/06,MPR; ; N3; Scaled,4025,15017,40378
426,136_S_0426,AD,Month 6,11/20/06,MPR; ; N3; Scaled,5966,22726,66773
426,136_S_0426,AD,Month 12,6/4/07,MPR; ; N3; Scaled,9102,32971,66787
426,136_S_0426,AD,Baseline,5/30/06,MPR; ; N3; Scaled_2,4025,15017,119731
429,136_S_0429,MCI,Baseline,6/27/06,MPR; ; N3; Scaled,4278,15882,40392
429,136_S_0429,MCI,Month 6,12/18/06,MPR; ; N3; Scaled,6389,24156,66801
429,136_S_0429,MCI,Month 12,6/18/07,MPR; ; N3; Scaled,9339,33730,83549
429,136_S_0429,MCI,Baseline,6/27/06,MPR; ; N3; Scaled_2,4278,15882,119733
448,005_S_0448,MCI,Baseline,5/22/06,MPR-R; GradWarp; B1 Correction; N3; Scaled,3976,14868,32785
448,005_S_0448,MCI,Month 6,12/8/06,MPR; GradWarp; B1 Correction; N3; Scaled,6249,23677,67889
448,005_S_0448,MCI,Month 12,5/30/07,MPR; GradWarp; B1 Correction; N3; Scaled,9050,32787,71302
449,130_S_0449,MCI,Baseline,8/16/06,MPR-R; ; N3; Scaled,4893,18012,81434
449,130_S_0449,MCI,Month 6,2/26/07,MPR; ; N3; Scaled,7322,27192,81437
449,130_S_0449,MCI,Month 12,8/27/07,MPR; ; N3; Scaled,11625,38619,82686
450,018_S_0450,MCI,Baseline,6/23/06,MPR; ; N3; Scaled,4263,15825,35029
450,018_S_0450,MCI,Month 6,12/8/06,MPR; ; N3; Scaled,6261,23722,69469
450,018_S_0450,MCI,Month 12,6/12/07,MPR; ; N3; Scaled,9259,33479,76601
487,116_S_0487,AD,Baseline,8/10/06,MPR-R; GradWarp; B1 Correction; N3; Scaled,4758,17729,59677
487,116_S_0487,AD,Month 6,12/22/06,MPR-R; GradWarp; B1 Correction; N3; Scaled,10786,24460,89666
487,116_S_0487,AD,Month 12,6/18/07,MPR; GradWarp; B1 Correction; N3; Scaled,9335,33717,92420
501,037_S_0501,MCI,Month 12,7/11/07,MPR; GradWarp; B1 Correction; N3; Scaled,9665,35029,72405
501,037_S_0501,MCI,Baseline,6/23/06,MPR-R; GradWarp; B1 Correction; N3; Scaled,4258,15805,79784
501,037_S_0501,MCI,Month 6,1/5/07,MPR; GradWarp; B1 Correction; N3; Scaled,10779,24751,86801
505,130_S_0505,MCI,Baseline,10/18/06,MPR; ; N3; Scaled,5509,20396,39197
505,130_S_0505,MCI,Month 6,4/9/07,MPR; ; N3; Scaled,8121,29456,83530
505,130_S_0505,MCI,Month 12,10/10/07,MPR; ; N3; Scaled,13215,41323,91168
507,053_S_0507,MCI,Baseline,6/6/06,MPR; ; N3; Scaled,4088,15256,75459
507,053_S_0507,MCI,Month 12,6/11/07,MPR; ; N3; Scaled,9229,33392,75471
507,053_S_0507,MCI,Month 6,12/11/06,MPR; ; N3; Scaled,14219,23807,90578
507,053_S_0507,MCI,Baseline,6/6/06,MPR; ; N3; Scaled_2,4088,15256,119146
507,053_S_0507,MCI,Month 6,12/11/06,MPR; ; N3; Scaled_2,14219,23807,119148
507,053_S_0507,MCI,Month 12,6/11/07,MPR; ; N3; Scaled_2,9229,33392,119158
553,005_S_0553,NL,Baseline,6/28/06,MPR; GradWarp; B1 Correction; N3; Scaled,4294,15928,32755
553,005_S_0553,NL,Month 6,1/4/07,MPR; GradWarp; B1 Correction; N3; Scaled,6542,24693,67899
553,005_S_0553,NL,Month 12,6/14/07,MPR; GradWarp; B1 Correction; N3; Scaled,9296,33606,71312
559,002_S_0559,NL,Baseline,6/27/06,MPR; ; N3; Scaled,4293,15922,45126
559,002_S_0559,NL,Month 6,12/12/06,MPR; ; N3; Scaled,10530,23910,79123
559,002_S_0559,NL,Month 12,10/18/07,MPR-R; ; N3; Scaled,13423,41825,82102
559,002_S_0559,NL,Baseline,6/27/06,MPR; ; N3; Scaled_2,4293,15922,118679
572,005_S_0572,MCI,Baseline,7/31/06,MPR-R; GradWarp; B1 Correction; N3; Scaled,4650,17494,32817
572,005_S_0572,MCI,Month 6,12/27/06,MPR-R; GradWarp; B1 Correction; N3; Scaled,10531,24527,79141
572,005_S_0572,MCI,Month 12,7/9/07,MPR-R; GradWarp; B1 Correction; N3; Scaled,9581,34606,86030
579,136_S_0579,MCI,Baseline,7/10/06,MPR-R; ; N3; Scaled,4419,16545,40404
579,136_S_0579,MCI,Month 6,1/8/07,MPR; ; N3; Scaled,6640,24985,82705
579,136_S_0579,MCI,Month 12,6/25/07,MPR; ; N3; Scaled,9425,34002,83554
579,136_S_0579,MCI,Baseline,7/10/06,MPR-R; ; N3; Scaled_2,4419,16545,119735
602,005_S_0602,NL,Baseline,7/25/06,MPR; GradWarp; B1 Correction; N3; Scaled,4580,17241,32762
602,005_S_0602,NL,Month 6,2/6/07,MPR; GradWarp; B1 Correction; N3; Scaled,6970,25967,67677
602,005_S_0602,NL,Month 12,8/8/07,MPR; GradWarp; B1 Correction; N3; Scaled,10593,37070,74203
604,023_S_0604,MCI,Baseline,6/20/06,MPR-R; GradWarp; B1 Correction; N3; Scaled,4220,15677,31468
604,023_S_0604,MCI,Month 12,6/11/07,MPR-R; GradWarp; B1 Correction; N3; Scaled,9223,33372,64077
604,023_S_0604,MCI,Month 6,12/12/06,MPR; GradWarp; B1 Correction; N3; Scaled,10687,23944,81928
604,023_S_0604,MCI,Month 12,6/11/07,MPR-R; GradWarp; B1 Correction; N3; Scaled_2,9223,33372,119006
604,023_S_0604,MCI,Month 6,12/12/06,MPR; GradWarp; B1 Correction; N3; Scaled_2,10687,23944,119009
604,023_S_0604,MCI,Baseline,6/20/06,MPR-R; GradWarp; B1 Correction; N3; Scaled_2,4220,15677,119026
606,126_S_0606,AD,Baseline,8/14/06,MPR; GradWarp; B1 Correction; N3; Scaled,4811,17816,38887
606,126_S_0606,AD,Month 6,1/31/07,MPR-R; GradWarp; B1 Correction; N3; Scaled,6902,25749,48918
606,126_S_0606,AD,Month 12,7/30/07,MPR; GradWarp; B1 Correction; N3; Scaled,10416,36584,72873
607,067_S_0607,MCI,Baseline,8/18/06,MPR; GradWarp; B1 Correction; N3; Scaled,4899,18034,34866
607,067_S_0607,MCI,Month 6,3/28/07,MPR; GradWarp; B1 Correction; N3; Scaled,8009,29074,86411
607,067_S_0607,MCI,Baseline,8/18/06,MPR; GradWarp; B1 Correction; N3; Scaled,4899,18034,89123
607,067_S_0607,MCI,Baseline,8/18/06,MPR; GradWarp; B1 Correction; N3; Scaled_2,4899,18034,119204
607,067_S_0607,MCI,Month 12,8/13/07,MPR-R; GradWarp; B1 Correction; N3; Scaled,10673,37331,138844
622,127_S_0622,NL,Month 12,6/27/07,MPR; GradWarp; B1 Correction; N3; Scaled,9476,34177,72352
622,127_S_0622,NL,Baseline,6/29/06,MPR; GradWarp; B1 Correction; N3; Scaled,4309,15986,74496
622,127_S_0622,NL,Month 6,12/13/06,MPR; GradWarp; B1 Correction; N3; Scaled,10795,23999,91113
625,023_S_0625,MCI,Baseline,7/12/06,MPR; GradWarp; B1 Correction; N3; Scaled,4460,16766,31500
625,023_S_0625,MCI,Month 6,2/27/07,MPR; GradWarp; B1 Correction; N3; Scaled,7336,27236,52098
625,023_S_0625,MCI,Month 12,7/16/07,MPR; GradWarp; B1 Correction; N3; Scaled,9674,35062,73073
625,023_S_0625,MCI,Month 6,2/27/07,MPR; GradWarp; B1 Correction; N3; Scaled_2,7336,27236,118998
625,023_S_0625,MCI,Baseline,7/12/06,MPR; GradWarp; B1 Correction; N3; Scaled_2,4460,16766,119032
633,018_S_0633,AD,Baseline,7/17/06,MPR; ; N3; Scaled,4493,16900,35039
633,018_S_0633,AD,Month 12,7/17/07,MPR; ; N3; Scaled,9709,35155,71451
633,018_S_0633,AD,Month 6,1/19/07,MPR; ; N3; Scaled,6750,25316,79139
649,116_S_0649,MCI,Month 6,2/21/07,MPR; GradWarp; B1 Correction; N3; Scaled,7248,26946,53823
649,116_S_0649,MCI,Baseline,9/8/06,MPR; GradWarp; B1 Correction; N3; Scaled,5064,18687,63508
649,116_S_0649,MCI,Month 12,8/8/07,MPR; GradWarp; B1 Correction; N3; Scaled,13595,42362,83512
677,032_S_0677,NL,Month 12,7/19/07,MPR; GradWarp; B1 Correction; N3; Scaled,9894,35547,73347
677,032_S_0677,NL,Baseline,10/9/06,MPR; GradWarp; B1 Correction; N3; Scaled,5397,19889,90942
677,032_S_0677,NL,Month 6,4/3/07,MPR; GradWarp; B1 Correction; N3; Scaled,8101,29373,90951
689,012_S_0689,AD,Baseline,7/19/06,MPR-R; ; N3; Scaled,4511,16978,59174
689,012_S_0689,AD,Month 6,1/10/07,MPR; ; N3; Scaled,6630,24956,59190
689,012_S_0689,AD,Month 12,7/19/07,MPR; ; N3; Scaled,10381,36506,74659
752,116_S_0752,MCI,Baseline,9/8/06,MPR; GradWarp; B1 Correction; N3; Scaled,5062,18680,63517
752,116_S_0752,MCI,Month 6,2/16/07,MPR; GradWarp; B1 Correction; N3; Scaled,10787,26819,89764
752,116_S_0752,MCI,Month 12,8/8/07,MPR-R; GradWarp; B1 Correction; N3; Scaled,13599,42375,91085
769,016_S_0769,MCI,Month 12,8/24/07,MPR-R; GradWarp; B1 Correction; N3; Scaled,11611,38594,79313
769,016_S_0769,MCI,Month 6,3/21/07,MPR; GradWarp; B1 Correction; N3; Scaled,7946,28899,86309
769,016_S_0769,MCI,Baseline,8/24/06,MPR; GradWarp; B1 Correction; N3; Scaled,4968,18541,138391
814,005_S_0814,AD,Month 6,4/5/07,MPR; GradWarp; B1 Correction; N3; Scaled,8110,29396,73538
814,005_S_0814,AD,Baseline,9/20/06,MPR; GradWarp; B1 Correction; N3; Scaled,5191,19117,74600
814,005_S_0814,AD,Month 12,11/27/07,MPR; GradWarp; B1 Correction; N3; Scaled,13793,43028,85469
830,031_S_0830,MCI,Month 6,4/3/07,MPR; GradWarp; B1 Correction; N3; Scaled,8143,29499,90907
830,031_S_0830,MCI,Month 12,9/17/07,MPR; GradWarp; B1 Correction; N3; Scaled,11973,39458,92444
830,031_S_0830,MCI,Baseline,9/21/06,MPR-R; GradWarp; B1 Correction; N3; Scaled,5224,19249,138792
835,027_S_0835,MCI,Baseline,9/28/06,MPR; GradWarp; B1 Correction; N3; Scaled,5293,19496,35653
835,027_S_0835,MCI,Month 6,3/22/07,MPR; GradWarp; B1 Correction; N3; Scaled,7863,28689,66987
835,027_S_0835,MCI,Month 12,9/26/07,MPR; GradWarp; B1 Correction; N3; Scaled,12311,40013,82223
844,127_S_0844,AD,Month 6,5/16/07,MPR-R; GradWarp; B1 Correction; N3; Scaled,8906,32353,67261
844,127_S_0844,AD,Month 12,10/26/07,MPR; GradWarp; B1 Correction; N3; Scaled,13480,42006,82651
844,127_S_0844,AD,Baseline,11/9/06,MPR; GradWarp; B1 Correction; N3; Scaled,5798,22284,83521
855,023_S_0855,MCI,Baseline,9/18/06,MPR; GradWarp; B1 Correction; N3; Scaled,5164,19011,31518
855,023_S_0855,MCI,Month 6,3/15/07,MPR; GradWarp; B1 Correction; N3; Scaled,7655,28183,64818
855,023_S_0855,MCI,Month 12,9/5/07,MPR; GradWarp; B1 Correction; N3; Scaled,11731,38875,77026
855,023_S_0855,MCI,Baseline,9/18/06,MPR; GradWarp; B1 Correction; N3; Scaled_2,5164,19011,118987
855,023_S_0855,MCI,Month 6,3/15/07,MPR; GradWarp; B1 Correction; N3; Scaled_2,7655,28183,119000
886,130_S_0886,NL,Baseline,10/16/06,MPR-R; ; N3; Scaled,5459,20151,39288
886,130_S_0886,NL,Month 6,4/11/07,MPR; ; N3; Scaled,8160,29553,65514
886,130_S_0886,NL,Month 12,10/10/07,MPR; ; N3; Scaled,13299,41511,91173
916,023_S_0916,AD,Baseline,9/29/06,MPR; GradWarp; B1 Correction; N3; Scaled,5301,19523,31540
916,023_S_0916,AD,Month 6,4/24/07,MPR; GradWarp; B1 Correction; N3; Scaled,8445,30560,64827
916,023_S_0916,AD,Month 12,9/28/07,MPR; GradWarp; B1 Correction; N3; Scaled,12938,40736,80152
916,023_S_0916,AD,Baseline,9/29/06,MPR; GradWarp; B1 Correction; N3; Scaled_2,5301,19523,118880
916,023_S_0916,AD,Month 6,4/24/07,MPR; GradWarp; B1 Correction; N3; Scaled_2,8445,30560,118881
926,023_S_0926,NL,Month 6,4/3/07,MPR; GradWarp; B1 Correction; N3; Scaled,8071,29272,64995
926,023_S_0926,NL,Month 12,10/23/07,MPR; GradWarp; B1 Correction; N3; Scaled,13430,41848,81937
926,023_S_0926,NL,Month 6,4/3/07,MPR; GradWarp; B1 Correction; N3; Scaled_2,8071,29272,118901
926,023_S_0926,NL,Baseline,10/16/06,MPR-R; GradWarp; B1 Correction; N3; Scaled,5460,20160,138627
928,082_S_0928,MCI,Month 12,10/18/07,MPR; GradWarp; B1 Correction; N3; Scaled,13407,41778,94789
928,082_S_0928,MCI,Baseline,10/16/06,MPR; GradWarp; B1 Correction; N3; Scaled,16153,50770,109533
928,082_S_0928,MCI,Month 6,6/14/07,MPR; GradWarp; B1 Correction; N3; Scaled,16160,50794,109546
954,002_S_0954,MCI,Baseline,11/8/06,MPR; ; N3; Scaled,5818,22322,40749
954,002_S_0954,MCI,Month 6,5/3/07,MPR; ; N3; Scaled,8725,31739,67147
954,002_S_0954,MCI,Month 12,10/17/07,MPR; ; N3; Scaled,13381,41689,80132
954,002_S_0954,MCI,Baseline,11/8/06,MPR; ; N3; Scaled_2,5818,22322,118694
956,130_S_0956,AD,Baseline,11/6/06,MPR; ; N3; Scaled,5907,22511,39200
956,130_S_0956,AD,Month 12,11/1/07,MPR; ; N3; Scaled,13525,42138,82700
956,130_S_0956,AD,Month 6,4/16/07,MPR; ; N3; Scaled,8218,29752,83806
963,023_S_0963,NL,Month 6,4/4/07,MPR; GradWarp; B1 Correction; N3; Scaled,8094,29352,64849
963,023_S_0963,NL,Month 12,10/11/07,MPR; GradWarp; B1 Correction; N3; Scaled,13202,41289,82205
963,023_S_0963,NL,Baseline,10/17/06,MPR-R; GradWarp; B1 Correction; N3; Scaled,5472,20204,90026
963,023_S_0963,NL,Baseline,10/17/06,MPR-R; GradWarp; B1 Correction; N3; Scaled_2,5472,20204,118904
963,023_S_0963,NL,Month 6,4/4/07,MPR; GradWarp; B1 Correction; N3; Scaled_2,8094,29352,118906
969,130_S_0969,NL,Baseline,11/6/06,MPR; ; N3; Scaled,5949,22655,39203
969,130_S_0969,NL,Month 6,5/7/07,MPR; ; N3; Scaled,8755,31845,63743
969,130_S_0969,NL,Month 12,11/7/07,MPR; ; N3; Scaled,13607,42414,92363
1009,012_S_1009,NL,Baseline,11/3/06,MPR; ; N3; Scaled,5768,22179,59214
1009,012_S_1009,NL,Month 6,5/30/07,MPR; ; N3; Scaled,9081,32890,71351
1009,012_S_1009,NL,Month 12,11/26/07,MPR; ; N3; Scaled,13812,43089,92316
1018,002_S_1018,AD,Baseline,12/18/06,MPR; ; N3; Scaled,6434,24312,40828
1018,002_S_1018,AD,Month 6,6/14/07,MPR; ; N3; Scaled,9309,33636,64750
1018,002_S_1018,AD,Month 12,12/7/07,MPR; ; N3; Scaled,13935,43496,97022
1046,023_S_1046,MCI,Baseline,11/15/06,MPR; GradWarp; B1 Correction; N3; Scaled,5935,22606,52107
1046,023_S_1046,MCI,Month 6,5/29/07,MPR; GradWarp; B1 Correction; N3; Scaled,9034,32728,87518
1046,023_S_1046,MCI,Month 12,11/6/07,MPR; GradWarp; B1 Correction; N3; Scaled,13586,42331,88270
1046,023_S_1046,MCI,Baseline,11/15/06,MPR; GradWarp; B1 Correction; N3; Scaled_2,5935,22606,118908
1046,023_S_1046,MCI,Month 6,5/29/07,MPR; GradWarp; B1 Correction; N3; Scaled_2,9034,32728,118909
1066,031_S_1066,MCI,Month 12,12/14/07,MPR-R; GradWarp; B1 Correction; N3; Scaled,14123,44040,87106
1066,031_S_1066,MCI,Baseline,12/4/06,MPR; GradWarp; B1 Correction; N3; Scaled,6210,23507,90916
1066,031_S_1066,MCI,Month 6,5/29/07,MPR-R; GradWarp; B1 Correction; N3; Scaled,9049,32777,92682
1070,002_S_1070,MCI,Baseline,12/18/06,MPR; ; N3; Scaled,6405,24206,40840
1070,002_S_1070,MCI,Month 6,6/7/07,MPR-R; ; N3; Scaled,9217,33354,60050
1070,002_S_1070,MCI,Month 12,12/10/07,MPR; ; N3; Scaled,13946,43530,86231
1072,051_S_1072,MCI,Baseline,1/29/07,MPR-R; GradWarp; B1 Correction; N3; Scaled,6863,25625,65662
1072,051_S_1072,MCI,Month 6,9/14/07,MPR-R; GradWarp; B1 Correction; N3; Scaled,11929,39333,79989
1072,051_S_1072,MCI,Month 12,2/19/08,MPR-R; GradWarp; B1 Correction; N3; Scaled,14682,45850,94554
1081,027_S_1081,AD,Baseline,2/8/07,MPR; GradWarp; B1 Correction; N3; Scaled,6995,26054,47177
1081,027_S_1081,AD,Month 6,8/16/07,MPR; GradWarp; B1 Correction; N3; Scaled,10809,37477,73937
1081,027_S_1081,AD,Month 12,2/11/08,MPR; GradWarp; B1 Correction; N3; Scaled,14593,45549,94432
1082,027_S_1082,AD,Baseline,12/13/06,MPR; GradWarp; B1 Correction; N3; Scaled,6333,23987,47186
1082,027_S_1082,AD,Month 6,6/4/07,MPR; GradWarp; B1 Correction; N3; Scaled,9099,32962,86368
1082,027_S_1082,AD,Month 12,12/5/07,MPR; GradWarp; B1 Correction; N3; Scaled,13887,43354,86377
1088,128_S_1088,MCI,Baseline,1/18/07,MPR; GradWarp; B1 Correction; N3; Scaled,6730,25249,90614
1088,128_S_1088,MCI,Month 12,2/4/08,MPR; GradWarp; B1 Correction; N3; Scaled,14547,45401,91990
1088,128_S_1088,MCI,Month 6,7/18/07,MPR; GradWarp; B1 Correction; N3; Scaled,10347,35267,138858
1101,032_S_1101,AD,Baseline,1/25/07,MPR; GradWarp; B1 Correction; N3; Scaled,6849,25579,90976
1101,032_S_1101,AD,Month 12,12/6/07,MPR; GradWarp; B1 Correction; N3; Scaled,13927,43475,97069
1101,032_S_1101,AD,Month 6,5/23/07,MPR; GradWarp; B1 Correction; N3; Scaled,8987,32608,138797
1117,016_S_1117,MCI,Month 6,8/2/07,MPR; GradWarp; B1 Correction; N3; Scaled,10628,37166,74231
1117,016_S_1117,MCI,Baseline,1/8/07,MPR; GradWarp; B1 Correction; N3; Scaled,6721,25222,86318
1117,016_S_1117,MCI,Month 12,12/21/07,MPR; GradWarp; B1 Correction; N3; Scaled,14238,44329,90866
1121,016_S_1121,MCI,Month 6,7/2/07,MPR; GradWarp; B1 Correction; N3; Scaled,10288,36309,82143
1121,016_S_1121,MCI,Baseline,1/11/07,MPR; GradWarp; B1 Correction; N3; Scaled,6723,25229,86327
1121,016_S_1121,MCI,Month 12,12/21/07,MPR; GradWarp; B1 Correction; N3; Scaled,14237,44323,96239
1123,051_S_1123,NL,Baseline,2/6/07,MPR; GradWarp; B1 Correction; N3; Scaled,6972,25973,58054
1123,051_S_1123,NL,Month 12,2/18/08,MPR-R; GradWarp; B1 Correction; N3; Scaled,14667,45804,94563
1123,051_S_1123,NL,Month 6,11/6/07,MPR; GradWarp; B1 Correction; N3; Scaled,13604,42399,99260
1126,023_S_1126,MCI,Baseline,12/13/06,MPR-R; GradWarp; B1 Correction; N3; Scaled,6325,23968,70687
1126,023_S_1126,MCI,Month 6,6/22/07,MPR; GradWarp; B1 Correction; N3; Scaled,9406,33939,89071
1126,023_S_1126,MCI,Month 12,11/28/07,MPR; GradWarp; B1 Correction; N3; Scaled,13803,43059,94863
1126,023_S_1126,MCI,Baseline,12/13/06,MPR-R; GradWarp; B1 Correction; N3; Scaled_2,6325,23968,118916
1126,023_S_1126,MCI,Month 6,6/22/07,MPR; GradWarp; B1 Correction; N3; Scaled_2,9406,33939,118918
1131,051_S_1131,MCI,Baseline,1/18/07,MPR; GradWarp; B1 Correction; N3; Scaled,6740,25285,64929
1131,051_S_1131,MCI,Month 6,7/16/07,MPR; GradWarp; B1 Correction; N3; Scaled,9694,35110,73127
1131,051_S_1131,MCI,Month 12,2/5/08,MPR; GradWarp; B1 Correction; N3; Scaled,14537,45357,91833
1148,128_S_1148,MCI,Baseline,1/16/07,MPR; GradWarp; B1 Correction; N3; Scaled,6677,25096,69118
1148,128_S_1148,MCI,Month 12,1/17/08,MPR; GradWarp; B1 Correction; N3; Scaled,14353,44724,92619
1148,128_S_1148,MCI,Month 6,7/16/07,MPR; GradWarp; B1 Correction; N3; Scaled,9686,35083,138867
1169,032_S_1169,NL,Month 6,8/24/07,MPR-R; GradWarp; B1 Correction; N3; Scaled,11427,38359,75042
1169,032_S_1169,NL,Baseline,1/24/07,MPR-R; GradWarp; B1 Correction; N3; Scaled,6845,25563,90989
1169,032_S_1169,NL,Month 12,1/17/08,MPR; GradWarp; B1 Correction; N3; Scaled,14337,44666,94476
1190,023_S_1190,NL,Baseline,1/17/07,MPR; GradWarp; B1 Correction; N3; Scaled,6694,25153,52129
1190,023_S_1190,NL,Month 6,7/17/07,MPR; GradWarp; B1 Correction; N3; Scaled,9707,35151,73600
1190,023_S_1190,NL,Month 12,1/8/08,MPR; GradWarp; B1 Correction; N3; Scaled,14255,44392,88372
1190,023_S_1190,NL,Baseline,1/17/07,MPR; GradWarp; B1 Correction; N3; Scaled_2,6694,25153,118920
1206,007_S_1206,NL,Baseline,1/30/07,MPR; GradWarp; B1 Correction; N3; Scaled,6888,25703,59955
1206,007_S_1206,NL,Month 6,8/21/07,MPR; GradWarp; B1 Correction; N3; Scaled,11312,38135,75029
1206,007_S_1206,NL,Month 12,2/22/08,MPR; GradWarp; B1 Correction; N3; Scaled,14747,46079,96034
1209,031_S_1209,AD,Month 6,7/26/07,MPR; GradWarp; B1 Correction; N3; Scaled,10342,36418,76658
1209,031_S_1209,AD,Baseline,1/31/07,MPR; GradWarp; B1 Correction; N3; Scaled,6963,25948,90925
1209,031_S_1209,AD,Month 12,2/8/08,MPR; GradWarp; B1 Correction; N3; Scaled,14609,45594,92205
1222,007_S_1222,NL,Baseline,2/7/07,MPR; GradWarp; B1 Correction; N3; Scaled,7010,26090,59986
1222,007_S_1222,NL,Month 6,8/28/07,MPR; GradWarp; B1 Correction; N3; Scaled,11750,38918,77017
1222,007_S_1222,NL,Month 12,2/22/08,MPR; GradWarp; B1 Correction; N3; Scaled,14750,46098,96052
1225,037_S_1225,MCI,Month 6,8/20/07,MPR-R; GradWarp; B1 Correction; N3; Scaled,11158,37876,74315
1225,037_S_1225,MCI,Baseline,2/9/07,MPR-R; GradWarp; B1 Correction; N3; Scaled,7034,26187,79943
1225,037_S_1225,MCI,Month 12,2/11/08,MPR; GradWarp; B1 Correction; N3; Scaled,14580,45505,91708
1227,136_S_1227,MCI,Baseline,2/21/07,MPR; ; N3; Scaled,7217,26837,66824
1227,136_S_1227,MCI,Month 6,9/11/07,MPR; ; N3; Scaled,11833,39091,79080
1227,136_S_1227,MCI,Month 12,3/6/08,MPR; ; N3; Scaled,14938,46753,99265
1232,116_S_1232,NL,Baseline,2/23/07,MPR-R; GradWarp; B1 Correction; N3; Scaled,7310,27150,53836
1232,116_S_1232,NL,Month 6,8/1/07,MPR-R; GradWarp; B1 Correction; N3; Scaled,10506,36801,91096
1232,116_S_1232,NL,Month 12,1/30/08,MPR; GradWarp; B1 Correction; N3; Scaled,14473,45145,91912
1241,094_S_1241,NL,Baseline,2/22/07,MPR; GradWarp; B1 Correction; N3; Scaled,7262,27008,65414
1241,094_S_1241,NL,Month 6,8/23/07,MPR; GradWarp; B1 Correction; N3; Scaled,11495,38450,75660
1241,094_S_1241,NL,Month 12,3/6/08,MPR; GradWarp; B1 Correction; N3; Scaled,15069,47205,102085
1247,023_S_1247,MCI,Baseline,2/21/07,MPR; GradWarp; B1 Correction; N3; Scaled,7224,26861,52138
1247,023_S_1247,MCI,Month 6,8/2/07,MPR; GradWarp; B1 Correction; N3; Scaled,10553,36944,87528
1247,023_S_1247,MCI,Month 12,1/29/08,MPR; GradWarp; B1 Correction; N3; Scaled,14447,45054,91703
1247,023_S_1247,MCI,Baseline,2/21/07,MPR; GradWarp; B1 Correction; N3; Scaled_2,7224,26861,118922
1249,116_S_1249,NL,Baseline,3/1/07,MPR-R; GradWarp; B1 Correction; N3; Scaled,7375,27351,53845
1249,116_S_1249,NL,Month 6,8/22/07,MPR; GradWarp; B1 Correction; N3; Scaled,11345,38250,80700
1249,116_S_1249,NL,Month 12,2/6/08,MPR; GradWarp; B1 Correction; N3; Scaled,14572,45487,91921
1250,052_S_1250,NL,Baseline,2/28/07,MPR; GradWarp; B1 Correction; N3; Scaled,7344,27259,62261
1250,052_S_1250,NL,Month 12,1/25/08,MPR-R; GradWarp; B1 Correction; N3; Scaled,14412,44924,91864
1250,052_S_1250,NL,Month 6,9/5/07,MPR; GradWarp; B1 Correction; N3; Scaled,14463,45105,94579
1251,052_S_1251,NL,Baseline,3/9/07,MPR; GradWarp; B1 Correction; N3; Scaled,7502,27758,62272
1251,052_S_1251,NL,Month 6,9/24/07,MPR; GradWarp; B1 Correction; N3; Scaled,12221,39876,80003
1251,052_S_1251,NL,Month 12,3/10/08,MPR; GradWarp; B1 Correction; N3; Scaled,15072,47211,101719
1253,067_S_1253,AD,Month 6,9/13/07,MPR; GradWarp; B1 Correction; N3; Scaled,11951,39399,80303
1253,067_S_1253,AD,Baseline,3/30/07,MPR; GradWarp; B1 Correction; N3; Scaled,8061,29241,87150
1253,067_S_1253,AD,Month 12,5/13/08,MPR-R; GradWarp; B1 Correction; N3; Scaled,15942,50069,106507
1256,082_S_1256,NL,Month 6,10/4/07,MPR; GradWarp; B1 Correction; N3; Scaled,13122,41111,80370
1256,082_S_1256,NL,Baseline,2/23/07,MPR; GradWarp; B1 Correction; N3; Scaled,13405,41769,80880
1256,082_S_1256,NL,Month 12,3/3/08,MPR; GradWarp; B1 Correction; N3; Scaled,14881,46567,99095
1261,002_S_1261,NL,Baseline,2/27/07,MPR; ; N3; Scaled,7333,27226,65561
1261,002_S_1261,NL,Month 6,8/30/07,MPR; ; N3; Scaled,11661,38705,79135
1261,002_S_1261,NL,Month 12,5/27/08,MPR; ; N3; Scaled,19076,60591,132220
1262,023_S_1262,AD,Baseline,2/28/07,MPR-R; GradWarp; B1 Correction; N3; Scaled,7339,27243,64862
1262,023_S_1262,AD,Month 6,9/4/07,MPR; GradWarp; B1 Correction; N3; Scaled,11716,38823,77044
1262,023_S_1262,AD,Month 12,4/2/08,MPR; GradWarp; B1 Correction; N3; Scaled,15261,47824,103276
1262,023_S_1262,AD,Baseline,2/28/07,MPR-R; GradWarp; B1 Correction; N3; Scaled_2,7339,27243,118924
1267,094_S_1267,NL,Baseline,3/22/07,MPR; GradWarp; B1 Correction; N3; Scaled,7905,28796,75503
1267,094_S_1267,NL,Month 6,9/24/07,MPR; GradWarp; B1 Correction; N3; Scaled,12944,40752,80406
1267,094_S_1267,NL,Month 12,3/24/08,MPR-R; GradWarp; B1 Correction; N3; Scaled,15244,47759,101760
1268,002_S_1268,MCI,Baseline,3/7/07,MPR-R; ; N3; Scaled,7465,27680,65268
1268,002_S_1268,MCI,Month 6,9/21/07,MPR; ; N3; Scaled,12120,39740,92226
1268,002_S_1268,MCI,Month 12,5/22/08,MPR; ; N3; Scaled,16067,50532,108422
1277,027_S_1277,MCI,Baseline,3/1/07,MPR; GradWarp; B1 Correction; N3; Scaled,7359,27297,47237
1277,027_S_1277,MCI,Month 6,8/21/07,MPR; GradWarp; B1 Correction; N3; Scaled,11193,37959,87556
1277,027_S_1277,MCI,Month 12,2/18/08,MPR; GradWarp; B1 Correction; N3; Scaled,14668,45806,94458
1280,002_S_1280,NL,Baseline,2/27/07,MPR; ; N3; Scaled,7335,27230,65874
1280,002_S_1280,NL,Month 6,10/10/07,MPR; ; N3; Scaled,13184,41213,78677
1280,002_S_1280,NL,Month 12,3/25/08,MPR; ; N3; Scaled,15251,47415,104471
1286,100_S_1286,NL,Month 6,8/30/07,MPR-R; ; N3; Scaled,11700,38792,80679
1286,100_S_1286,NL,Baseline,3/7/07,MPR; ; N3; Scaled,7773,28476,82571
1286,100_S_1286,NL,Month 12,2/11/08,MPR; ; N3; Scaled,14602,45574,96312
1292,012_S_1292,MCI,Baseline,3/19/07,MPR; ; N3; Scaled,7743,28409,74691
1292,012_S_1292,MCI,Month 6,9/12/07,MPR; ; N3; Scaled,11941,39373,78796
1292,012_S_1292,MCI,Month 12,3/25/08,MPR; ; N3; Scaled,15228,47696,103301
1293,094_S_1293,MCI,Month 6,9/19/07,MPR; GradWarp; B1 Correction; N3; Scaled,13189,41239,83780
1293,094_S_1293,MCI,Baseline,3/19/07,MPR; GradWarp; B1 Correction; N3; Scaled,7742,28405,87748
1293,094_S_1293,MCI,Month 12,3/17/08,MPR; GradWarp; B1 Correction; N3; Scaled,15067,47196,101765
1321,012_S_1321,MCI,Baseline,3/12/07,MPR; ; N3; Scaled,7614,28037,73895
1321,012_S_1321,MCI,Month 6,9/20/07,MPR; ; N3; Scaled,12094,39659,92434
1321,012_S_1321,MCI,Month 12,3/19/08,MPR; ; N3; Scaled,15119,47360,104466
1326,016_S_1326,MCI,Month 6,9/28/07,MPR; GradWarp; B1 Correction; N3; Scaled,13081,40985,78841
1326,016_S_1326,MCI,Baseline,4/2/07,MPR; GradWarp; B1 Correction; N3; Scaled,8099,29365,86345
1326,016_S_1326,MCI,Month 12,3/31/08,MPR; GradWarp; B1 Correction; N3; Scaled,15283,47894,102675
1331,051_S_1331,MCI,Baseline,4/26/07,MPR-R; GradWarp; B1 Correction; N3; Scaled,8511,30826,82509
1331,051_S_1331,MCI,Month 6,11/6/07,MPR; GradWarp; B1 Correction; N3; Scaled,13592,42349,94881
1331,051_S_1331,MCI,Month 12,7/7/08,MPR; GradWarp; B1 Correction; N3; Scaled,16796,53103,120544
1337,130_S_1337,AD,Baseline,3/22/07,MPR; ; N3; Scaled,7904,28790,65520
1337,130_S_1337,AD,Month 6,9/26/07,MPR; ; N3; Scaled,12323,40045,80965
1337,130_S_1337,AD,Month 12,3/10/08,MPR; ; N3; Scaled,14966,46831,101972
1385,027_S_1385,AD,Baseline,3/26/07,MPR; GradWarp; B1 Correction; N3; Scaled,7971,28972,65374
1385,027_S_1385,AD,Month 6,9/26/07,MPR; GradWarp; B1 Correction; N3; Scaled,12318,40030,79577
1385,027_S_1385,AD,Month 12,3/26/08,MPR; GradWarp; B1 Correction; N3; Scaled,15166,47505,101541
1387,027_S_1387,MCI,Baseline,3/19/07,MPR; GradWarp; B1 Correction; N3; Scaled,7688,28276,47757
1387,027_S_1387,MCI,Month 6,10/26/07,MPR; GradWarp; B1 Correction; N3; Scaled,13466,41966,87565
1387,027_S_1387,MCI,Month 12,3/13/08,MPR; GradWarp; B1 Correction; N3; Scaled,15015,47010,101566