"RID","PTID","Bl.Diagnosis","Visit","Scan.Date","Sequence","Study.ID","Series.ID","Image.ID"
15,"100_S_0015","NL","Baseline","10/31/05","MPR-R; ; N3; Scaled",2613,8833,33046
30,"023_S_0030","MCI","Baseline","10/26/05","MPR; GradWarp; B1 Correction; N3; Scaled",2591,8908,31623
30,"023_S_0030","MCI","Baseline","10/26/05","MPR; GradWarp; B1 Correction; N3; Scaled_2",2591,8908,118790
31,"023_S_0031","NL","Baseline","10/28/05","MPR-R; GradWarp; B1 Correction; N3; Scaled",2598,10009,51934
31,"023_S_0031","NL","Baseline","10/28/05","MPR-R; GradWarp; B1 Correction; N3; Scaled_2",2598,10009,118848
58,"023_S_0058","NL","Baseline","12/12/05","MPR; GradWarp; B1 Correction; N3; Scaled",2763,10498,30968
58,"023_S_0058","NL","Baseline","12/12/05","MPR; GradWarp; B1 Correction; N3; Scaled_2",2763,10498,118837
61,"023_S_0061","NL","Baseline","12/20/05","MPR; GradWarp; B1 Correction; N3; Scaled",2823,10633,31107
61,"023_S_0061","NL","Baseline","12/20/05","MPR; GradWarp; B1 Correction; N3; Scaled_2",2823,10633,118854
78,"023_S_0078","MCI","Baseline","1/12/06","MPR; GradWarp; B1 Correction; N3; Scaled",2880,10841,51981
78,"023_S_0078","MCI","Baseline","1/12/06","MPR; GradWarp; B1 Correction; N3; Scaled_2",2880,10841,118862
86,"136_S_0086","NL","Baseline","5/8/06","MPR; ; N3; Scaled",3756,14069,40172
86,"136_S_0086","NL","Baseline","5/8/06","MPR; ; N3; Scaled_2",3756,14069,119685
139,"023_S_0139","AD","Baseline","2/6/06","MPR; GradWarp; B1 Correction; N3; Scaled",3017,11490,31313
139,"023_S_0139","AD","Baseline","2/6/06","MPR; GradWarp; B1 Correction; N3; Scaled_2",3017,11490,118972
184,"136_S_0184","NL","Baseline","3/27/06","MPR; ; N3; Scaled",3281,12474,40191
184,"136_S_0184","NL","Baseline","3/27/06","MPR; ; N3; Scaled_2",3281,12474,119712
187,"032_S_0187","MCI","Baseline","3/14/06","MPR; ; N3; Scaled",3203,12179,36440
190,"100_S_0190","MCI","Baseline","5/22/06","MPR; ; N3; Scaled",4022,15011,33114
194,"136_S_0194","AD","Baseline","4/24/06","MPR; ; N3; Scaled",3644,13723,40248
194,"136_S_0194","AD","Baseline","4/24/06","MPR; ; N3; Scaled_2",3644,13723,119718
195,"136_S_0195","MCI","Baseline","4/4/06","MPR; ; N3; Scaled",3378,12748,40254
195,"136_S_0195","MCI","Baseline","4/4/06","MPR; ; N3; Scaled_2",3378,12748,119721
196,"136_S_0196","NL","Baseline","5/1/06","MPR; ; N3; Scaled",3683,13831,40269
196,"136_S_0196","NL","Baseline","5/1/06","MPR; ; N3; Scaled_2",3683,13831,119725
260,"127_S_0260","NL","Baseline","5/1/06","MPR; GradWarp; B1 Correction; N3; Scaled",3688,13858,34371
290,"067_S_0290","MCI","Baseline","6/1/06","MPR-R; GradWarp; B1 Correction; N3; Scaled",4055,15130,89124
290,"067_S_0290","MCI","Baseline","6/1/06","MPR-R; GradWarp; B1 Correction; N3; Scaled_2",4055,15130,119201
299,"136_S_0299","AD","Baseline","5/12/06","MPR-R; ; N3; Scaled",3842,14403,40323
299,"136_S_0299","AD","Baseline","5/12/06","MPR-R; ; N3; Scaled_2",3842,14403,119727
300,"136_S_0300","AD","Baseline","6/7/06","MPR-R; ; N3; Scaled",4119,15349,40352
300,"136_S_0300","AD","Baseline","6/7/06","MPR-R; ; N3; Scaled_2",4119,15349,119729
303,"037_S_0303","NL","Baseline","5/3/06","MPR; GradWarp; B1 Correction; N3; Scaled",3708,13916,64116
304,"082_S_0304","NL","Baseline","4/6/06","MPR; GradWarp; B1 Correction; N3; Scaled",3467,13009,77069
304,"082_S_0304","NL","Baseline","4/6/06","MPR; GradWarp; B1 Correction; N3; Scaled_2",3467,13009,119237
307,"027_S_0307","MCI","Baseline","5/11/06","MPR; GradWarp; B1 Correction; N3; Scaled",3827,14336,34168
324,"005_S_0324","MCI","Baseline","4/21/06","MPR-R; GradWarp; B1 Correction; N3; Scaled",3623,13664,32777
331,"023_S_0331","MCI","Baseline","4/12/06","MPR; GradWarp; B1 Correction; N3; Scaled",3502,13168,66018
331,"023_S_0331","MCI","Baseline","4/12/06","MPR; GradWarp; B1 Correction; N3; Scaled_2",3502,13168,119018
332,"021_S_0332","MCI","Baseline","4/19/06","MPR; GradWarp; B1 Correction; N3; Scaled",3573,13439,33484
335,"018_S_0335","AD","Baseline","5/31/06","MPR; ; N3; Scaled",4084,15247,35014
369,"018_S_0369","NL","Baseline","5/11/06","MPR; ; N3; Scaled",3829,14343,37190
369,"018_S_0369","NL","Baseline","5/11/06","MPR; ; N3; Scaled_2",3829,14343,118773
376,"023_S_0376","MCI","Baseline","4/28/06","MPR; GradWarp; B1 Correction; N3; Scaled",3665,13786,31392
376,"023_S_0376","MCI","Baseline","4/28/06","MPR; GradWarp; B1 Correction; N3; Scaled_2",3665,13786,118882
382,"116_S_0382","NL","Baseline","6/13/06","MPR; GradWarp; B1 Correction; N3; Scaled",4239,15735,53802
388,"023_S_0388","MCI","Baseline","5/4/06","MPR; GradWarp; B1 Correction; N3; Scaled",3736,14001,31446
388,"023_S_0388","MCI","Baseline","5/4/06","MPR; GradWarp; B1 Correction; N3; Scaled_2",3736,14001,118856
392,"116_S_0392","AD","Baseline","6/26/06","MPR-R; GradWarp; B1 Correction; N3; Scaled",4406,16454,53818
393,"127_S_0393","MCI","Baseline","5/24/06","MPR; GradWarp; B1 Correction; N3; Scaled",3986,14896,38790
397,"127_S_0397","MCI","Baseline","6/6/06","MPR; GradWarp; B1 Correction; N3; Scaled",4095,15283,34416
403,"027_S_0403","NL","Baseline","5/8/06","MPR-R; GradWarp; B1 Correction; N3; Scaled",3786,14179,34190
404,"027_S_0404","AD","Baseline","5/16/06","MPR; GradWarp; B1 Correction; N3; Scaled",3874,14494,34195
405,"126_S_0405","NL","Baseline","6/14/06","MPR-R; GradWarp; B1 Correction; N3; Scaled",4212,15644,38808
406,"018_S_0406","MCI","Baseline","6/26/06","MPR; ; N3; Scaled",4274,15863,35024
413,"002_S_0413","NL","Baseline","5/19/06","MPR; ; N3; Scaled",3956,14782,40657
413,"002_S_0413","NL","Baseline","5/19/06","MPR; ; N3; Scaled_2",3956,14782,118675
417,"027_S_0417","MCI","Baseline","5/31/06","MPR; GradWarp; B1 Correction; N3; Scaled",4033,15050,34213
423,"130_S_0423","MCI","Baseline","7/6/06","MPR-R; ; N3; Scaled",4398,16421,39104
425,"018_S_0425","NL","Baseline","6/19/06","MPR; ; N3; Scaled",4210,15637,139891
426,"136_S_0426","AD","Baseline","5/30/06","MPR; ; N3; Scaled",4025,15017,40378
426,"136_S_0426","AD","Baseline","5/30/06","MPR; ; N3; Scaled_2",4025,15017,119731
429,"136_S_0429","MCI","Baseline","6/27/06","MPR; ; N3; Scaled",4278,15882,40392
429,"136_S_0429","MCI","Baseline","6/27/06","MPR; ; N3; Scaled_2",4278,15882,119733
442,"068_S_0442","MCI","Baseline","6/6/06","MPR; ; N3; Scaled",4085,15251,37024
442,"068_S_0442","MCI","Baseline","6/6/06","MPR; ; N3; Scaled_2",4085,15251,119805
448,"005_S_0448","MCI","Baseline","5/22/06","MPR-R; GradWarp; B1 Correction; N3; Scaled",3976,14868,32785
449,"130_S_0449","MCI","Baseline","8/16/06","MPR-R; ; N3; Scaled",4893,18012,81434
450,"018_S_0450","MCI","Baseline","6/23/06","MPR; ; N3; Scaled",4263,15825,35029
469,"082_S_0469","MCI","Baseline","7/17/06","MPR; GradWarp; B1 Correction; N3; Scaled",4496,16916,39749
469,"082_S_0469","MCI","Baseline","7/17/06","MPR; GradWarp; B1 Correction; N3; Scaled_2",4496,16916,119240
476,"068_S_0476","MCI","Baseline","7/12/06","MPR; ; N3; Scaled",4488,16883,37034
476,"068_S_0476","MCI","Baseline","7/12/06","MPR; ; N3; Scaled_2",4488,16883,119806
478,"068_S_0478","MCI","Baseline","7/12/06","MPR-R; ; N3; Scaled",4464,16782,37041
478,"068_S_0478","MCI","Baseline","7/12/06","MPR-R; ; N3; Scaled_2",4464,16782,119807
479,"032_S_0479","NL","Baseline","6/7/06","MPR; ; N3; Scaled",4108,15305,42206
487,"116_S_0487","AD","Baseline","8/10/06","MPR-R; GradWarp; B1 Correction; N3; Scaled",4758,17729,59677
501,"037_S_0501","MCI","Baseline","6/23/06","MPR-R; GradWarp; B1 Correction; N3; Scaled",4258,15805,79784
505,"130_S_0505","MCI","Baseline","10/18/06","MPR; ; N3; Scaled",5509,20396,39197
507,"053_S_0507","MCI","Baseline","6/6/06","MPR; ; N3; Scaled",4088,15256,75459
507,"053_S_0507","MCI","Baseline","6/6/06","MPR; ; N3; Scaled_2",4088,15256,119146
553,"005_S_0553","NL","Baseline","6/28/06","MPR; GradWarp; B1 Correction; N3; Scaled",4294,15928,32755
559,"002_S_0559","NL","Baseline","6/27/06","MPR; ; N3; Scaled",4293,15922,45126
559,"002_S_0559","NL","Baseline","6/27/06","MPR; ; N3; Scaled_2",4293,15922,118679
568,"031_S_0568","MCI","Baseline","6/9/06","MPR; GradWarp; N3; Scaled",4156,15430,122678
572,"005_S_0572","MCI","Baseline","7/31/06","MPR-R; GradWarp; B1 Correction; N3; Scaled",4650,17494,32817
579,"136_S_0579","MCI","Baseline","7/10/06","MPR-R; ; N3; Scaled",4419,16545,40404
579,"136_S_0579","MCI","Baseline","7/10/06","MPR-R; ; N3; Scaled_2",4419,16545,119735
602,"005_S_0602","NL","Baseline","7/25/06","MPR; GradWarp; B1 Correction; N3; Scaled",4580,17241,32762
604,"023_S_0604","MCI","Baseline","6/20/06","MPR-R; GradWarp; B1 Correction; N3; Scaled",4220,15677,31468
604,"023_S_0604","MCI","Baseline","6/20/06","MPR-R; GradWarp; B1 Correction; N3; Scaled_2",4220,15677,119026
605,"126_S_0605","NL","Baseline","6/29/06","MPR; GradWarp; B1 Correction; N3; Scaled",4297,15942,38878
606,"126_S_0606","AD","Baseline","8/14/06","MPR; GradWarp; B1 Correction; N3; Scaled",4811,17816,38887
607,"067_S_0607","MCI","Baseline","8/18/06","MPR; GradWarp; B1 Correction; N3; Scaled",4899,18034,34866
607,"067_S_0607","MCI","Baseline","8/18/06","MPR; GradWarp; B1 Correction; N3; Scaled",4899,18034,89123
607,"067_S_0607","MCI","Baseline","8/18/06","MPR; GradWarp; B1 Correction; N3; Scaled_2",4899,18034,119204
613,"023_S_0613","MCI","Baseline","7/24/06","MPR; GradWarp; B1 Correction; N3; Scaled",4569,17197,31482
613,"023_S_0613","MCI","Baseline","7/24/06","MPR; GradWarp; B1 Correction; N3; Scaled_2",4569,17197,118977
622,"127_S_0622","NL","Baseline","6/29/06","MPR; GradWarp; B1 Correction; N3; Scaled",4309,15986,74496
625,"023_S_0625","MCI","Baseline","7/12/06","MPR; GradWarp; B1 Correction; N3; Scaled",4460,16766,31500
625,"023_S_0625","MCI","Baseline","7/12/06","MPR; GradWarp; B1 Correction; N3; Scaled_2",4460,16766,119032
633,"018_S_0633","AD","Baseline","7/17/06","MPR; ; N3; Scaled",4493,16900,35039
640,"082_S_0640","NL","Baseline","7/25/06","MPR-R; GradWarp; B1 Correction; N3; Scaled",4593,17278,39772
640,"082_S_0640","NL","Baseline","7/25/06","MPR-R; GradWarp; B1 Correction; N3; Scaled_2",4593,17278,119242
649,"116_S_0649","MCI","Baseline","9/8/06","MPR; GradWarp; B1 Correction; N3; Scaled",5064,18687,63508
677,"032_S_0677","NL","Baseline","10/9/06","MPR; GradWarp; B1 Correction; N3; Scaled",5397,19889,90942
689,"012_S_0689","AD","Baseline","7/19/06","MPR-R; ; N3; Scaled",4511,16978,59174
729,"002_S_0729","MCI","Baseline","8/2/06","MPR; ; N3; Scaled",4667,17535,40692
729,"002_S_0729","MCI","Baseline","8/2/06","MPR; ; N3; Scaled_2",4667,17535,118668
752,"116_S_0752","MCI","Baseline","9/8/06","MPR; GradWarp; B1 Correction; N3; Scaled",5062,18680,63517
753,"021_S_0753","AD","Baseline","9/11/06","MPR; GradWarp; B1 Correction; N3; Scaled",5069,18712,82162
769,"016_S_0769","MCI","Baseline","8/24/06","MPR; GradWarp; B1 Correction; N3; Scaled",4968,18541,138391
812,"067_S_0812","AD","Baseline","10/25/06","MPR-R; GradWarp; B1 Correction; N3; Scaled",5626,21115,89125
814,"005_S_0814","AD","Baseline","9/20/06","MPR; GradWarp; B1 Correction; N3; Scaled",5191,19117,74600
816,"002_S_0816","AD","Baseline","9/29/06","MPR; ; N3; Scaled",5304,19532,40726
816,"002_S_0816","AD","Baseline","9/29/06","MPR; ; N3; Scaled_2",5304,19532,118684
828,"067_S_0828","AD","Baseline","11/9/06","MPR; GradWarp; B1 Correction; N3; Scaled",5819,22328,86420
830,"031_S_0830","MCI","Baseline","9/21/06","MPR-R; GradWarp; B1 Correction; N3; Scaled",5224,19249,138792
835,"027_S_0835","MCI","Baseline","9/28/06","MPR; GradWarp; B1 Correction; N3; Scaled",5293,19496,35653
844,"127_S_0844","AD","Baseline","11/9/06","MPR; GradWarp; B1 Correction; N3; Scaled",5798,22284,83521
855,"023_S_0855","MCI","Baseline","9/18/06","MPR; GradWarp; B1 Correction; N3; Scaled",5164,19011,31518
855,"023_S_0855","MCI","Baseline","9/18/06","MPR; GradWarp; B1 Correction; N3; Scaled_2",5164,19011,118987
886,"130_S_0886","NL","Baseline","10/16/06","MPR-R; ; N3; Scaled",5459,20151,39288
916,"023_S_0916","AD","Baseline","9/29/06","MPR; GradWarp; B1 Correction; N3; Scaled",5301,19523,31540
916,"023_S_0916","AD","Baseline","9/29/06","MPR; GradWarp; B1 Correction; N3; Scaled_2",5301,19523,118880
926,"023_S_0926","NL","Baseline","10/16/06","MPR-R; GradWarp; B1 Correction; N3; Scaled",5460,20160,138627
928,"082_S_0928","MCI","Baseline","10/16/06","MPR; GradWarp; B1 Correction; N3; Scaled",16153,50770,109533
954,"002_S_0954","MCI","Baseline","11/8/06","MPR; ; N3; Scaled",5818,22322,40749
954,"002_S_0954","MCI","Baseline","11/8/06","MPR; ; N3; Scaled_2",5818,22322,118694
956,"130_S_0956","AD","Baseline","11/6/06","MPR; ; N3; Scaled",5907,22511,39200
963,"023_S_0963","NL","Baseline","10/17/06","MPR-R; GradWarp; B1 Correction; N3; Scaled",5472,20204,90026
963,"023_S_0963","NL","Baseline","10/17/06","MPR-R; GradWarp; B1 Correction; N3; Scaled_2",5472,20204,118904
969,"130_S_0969","NL","Baseline","11/6/06","MPR; ; N3; Scaled",5949,22655,39203
1009,"012_S_1009","NL","Baseline","11/3/06","MPR; ; N3; Scaled",5768,22179,59214
1018,"002_S_1018","AD","Baseline","12/18/06","MPR; ; N3; Scaled",6434,24312,40828
1046,"023_S_1046","MCI","Baseline","11/15/06","MPR; GradWarp; B1 Correction; N3; Scaled",5935,22606,52107
1046,"023_S_1046","MCI","Baseline","11/15/06","MPR; GradWarp; B1 Correction; N3; Scaled_2",5935,22606,118908
1066,"031_S_1066","MCI","Baseline","12/4/06","MPR; GradWarp; B1 Correction; N3; Scaled",6210,23507,90916
1070,"002_S_1070","MCI","Baseline","12/18/06","MPR; ; N3; Scaled",6405,24206,40840
1072,"051_S_1072","MCI","Baseline","1/29/07","MPR-R; GradWarp; B1 Correction; N3; Scaled",6863,25625,65662
1075,"068_S_1075","MCI","Baseline","3/2/07","MPR; ; N3; Scaled",7722,28359,82532
1081,"027_S_1081","AD","Baseline","2/8/07","MPR; GradWarp; B1 Correction; N3; Scaled",6995,26054,47177
1082,"027_S_1082","AD","Baseline","12/13/06","MPR; GradWarp; B1 Correction; N3; Scaled",6333,23987,47186
1083,"116_S_1083","AD","Baseline","12/21/06","MPR; GradWarp; B1 Correction; N3; Scaled",6477,24453,67248
1088,"128_S_1088","MCI","Baseline","1/18/07","MPR; GradWarp; B1 Correction; N3; Scaled",6730,25249,90614
1101,"032_S_1101","AD","Baseline","1/25/07","MPR; GradWarp; B1 Correction; N3; Scaled",6849,25579,90976
1104,"023_S_1104","MCI","Baseline","12/5/06","MPR; GradWarp; B1 Correction; N3; Scaled",6181,23433,52120
1104,"023_S_1104","MCI","Baseline","12/5/06","MPR; GradWarp; B1 Correction; N3; Scaled_2",6181,23433,118912
1117,"016_S_1117","MCI","Baseline","1/8/07","MPR; GradWarp; B1 Correction; N3; Scaled",6721,25222,86318
1121,"016_S_1121","MCI","Baseline","1/11/07","MPR; GradWarp; B1 Correction; N3; Scaled",6723,25229,86327
1123,"051_S_1123","NL","Baseline","2/6/07","MPR; GradWarp; B1 Correction; N3; Scaled",6972,25973,58054
1126,"023_S_1126","MCI","Baseline","12/13/06","MPR-R; GradWarp; B1 Correction; N3; Scaled",6325,23968,70687
1126,"023_S_1126","MCI","Baseline","12/13/06","MPR-R; GradWarp; B1 Correction; N3; Scaled_2",6325,23968,118916
1131,"051_S_1131","MCI","Baseline","1/18/07","MPR; GradWarp; B1 Correction; N3; Scaled",6740,25285,64929
1138,"016_S_1138","MCI","Baseline","4/19/07","MPR; GradWarp; B1 Correction; N3; Scaled",8326,30118,90875
1148,"128_S_1148","MCI","Baseline","1/16/07","MPR; GradWarp; B1 Correction; N3; Scaled",6677,25096,69118
1149,"016_S_1149","MCI","Baseline","3/13/07","MPR; GradWarp; B1 Correction; N3; Scaled",7691,28286,86336
1169,"032_S_1169","NL","Baseline","1/24/07","MPR-R; GradWarp; B1 Correction; N3; Scaled",6845,25563,90989
1185,"067_S_1185","AD","Baseline","1/22/07","MPR; GradWarp; B1 Correction; N3; Scaled",6777,25394,86429
1190,"023_S_1190","NL","Baseline","1/17/07","MPR; GradWarp; B1 Correction; N3; Scaled",6694,25153,52129
1190,"023_S_1190","NL","Baseline","1/17/07","MPR; GradWarp; B1 Correction; N3; Scaled_2",6694,25153,118920
1191,"068_S_1191","NL","Baseline","2/6/07","MPR; ; N3; Scaled",6986,26021,70783
1206,"007_S_1206","NL","Baseline","1/30/07","MPR; GradWarp; B1 Correction; N3; Scaled",6888,25703,59955
1209,"031_S_1209","AD","Baseline","1/31/07","MPR; GradWarp; B1 Correction; N3; Scaled",6963,25948,90925
1212,"012_S_1212","NL","Baseline","1/23/07","MPR; ; N3; Scaled",6825,25500,64595
1222,"007_S_1222","NL","Baseline","2/7/07","MPR; GradWarp; B1 Correction; N3; Scaled",7010,26090,59986
1225,"037_S_1225","MCI","Baseline","2/9/07","MPR-R; GradWarp; B1 Correction; N3; Scaled",7034,26187,79943
1227,"136_S_1227","MCI","Baseline","2/21/07","MPR; ; N3; Scaled",7217,26837,66824
1232,"116_S_1232","NL","Baseline","2/23/07","MPR-R; GradWarp; B1 Correction; N3; Scaled",7310,27150,53836
1241,"094_S_1241","NL","Baseline","2/22/07","MPR; GradWarp; B1 Correction; N3; Scaled",7262,27008,65414
1242,"128_S_1242","NL","Baseline","2/14/07","MPR; GradWarp; B1 Correction; N3; Scaled",7135,26536,94658
1247,"023_S_1247","MCI","Baseline","2/21/07","MPR; GradWarp; B1 Correction; N3; Scaled",7224,26861,52138
1247,"023_S_1247","MCI","Baseline","2/21/07","MPR; GradWarp; B1 Correction; N3; Scaled_2",7224,26861,118922
1249,"116_S_1249","NL","Baseline","3/1/07","MPR-R; GradWarp; B1 Correction; N3; Scaled",7375,27351,53845
1250,"052_S_1250","NL","Baseline","2/28/07","MPR; GradWarp; B1 Correction; N3; Scaled",7344,27259,62261
1251,"052_S_1251","NL","Baseline","3/9/07","MPR; GradWarp; B1 Correction; N3; Scaled",7502,27758,62272
1253,"067_S_1253","AD","Baseline","3/30/07","MPR; GradWarp; B1 Correction; N3; Scaled",8061,29241,87150
1256,"082_S_1256","NL","Baseline","2/23/07","MPR; GradWarp; B1 Correction; N3; Scaled",13405,41769,80880
1261,"002_S_1261","NL","Baseline","2/27/07","MPR; ; N3; Scaled",7333,27226,65561
1262,"023_S_1262","AD","Baseline","2/28/07","MPR-R; GradWarp; B1 Correction; N3; Scaled",7339,27243,64862
1262,"023_S_1262","AD","Baseline","2/28/07","MPR-R; GradWarp; B1 Correction; N3; Scaled_2",7339,27243,118924
1267,"094_S_1267","NL","Baseline","3/22/07","MPR; GradWarp; B1 Correction; N3; Scaled",7905,28796,75503
1268,"002_S_1268","MCI","Baseline","3/7/07","MPR-R; ; N3; Scaled",7465,27680,65268
1277,"027_S_1277","MCI","Baseline","3/1/07","MPR; GradWarp; B1 Correction; N3; Scaled",7359,27297,47237
1280,"002_S_1280","NL","Baseline","2/27/07","MPR; ; N3; Scaled",7335,27230,65874
1286,"100_S_1286","NL","Baseline","3/7/07","MPR; ; N3; Scaled",7773,28476,82571
1289,"023_S_1289","AD","Baseline","2/20/07","MPR; GradWarp; B1 Correction; N3; Scaled",7220,26851,46426
1289,"023_S_1289","AD","Baseline","2/20/07","MPR; GradWarp; B1 Correction; N3; Scaled_2",7220,26851,118926
1292,"012_S_1292","MCI","Baseline","3/19/07","MPR; ; N3; Scaled",7743,28409,74691
1293,"094_S_1293","MCI","Baseline","3/19/07","MPR; GradWarp; B1 Correction; N3; Scaled",7742,28405,87748
1304,"007_S_1304","AD","Baseline","4/2/07","MPR; GradWarp; B1 Correction; N3; Scaled",8037,29172,59923
1321,"012_S_1321","MCI","Baseline","3/12/07","MPR; ; N3; Scaled",7614,28037,73895
1326,"016_S_1326","MCI","Baseline","4/2/07","MPR; GradWarp; B1 Correction; N3; Scaled",8099,29365,86345
1331,"051_S_1331","MCI","Baseline","4/26/07","MPR-R; GradWarp; B1 Correction; N3; Scaled",8511,30826,82509
1337,"130_S_1337","AD","Baseline","3/22/07","MPR; ; N3; Scaled",7904,28790,65520
1338,"051_S_1338","MCI","Baseline","4/26/07","MPR-R; GradWarp; B1 Correction; N3; Scaled",8515,30842,82518
1340,"126_S_1340","MCI","Baseline","4/2/07","MPR; GradWarp; B1 Correction; N3; Scaled",10570,36996,83789
1385,"027_S_1385","AD","Baseline","3/26/07","MPR; GradWarp; B1 Correction; N3; Scaled",7971,28972,65374
1387,"027_S_1387","MCI","Baseline","3/19/07","MPR; GradWarp; B1 Correction; N3; Scaled",7688,28276,47757
