1,4,2,8,m144,2017-10-27,2017-10-27,,,Physical limitations,No,,,,,,Participant unwilling,,,,,No,,,,,,,,,,
1,4,21,8,m144,2017-12-06,2017-12-06,Yes,1459,,Yes,,9.9,1500,Yes,No,,,No,CCIR_00931_ADNI3_AV45,635,,3D-OSEM (Siemens),2017-11-28,,1550,,Florbetapir (Amyvid),2017-12-01,No,,
1,4,56,33,m144,2017-12-18,2017-12-20,Yes,1304,,Yes,,9.5,1305,Yes,No,,,No,AV_45_ADNI_2_LM (Adult),712,,3D-OSEM (Siemens),2017-11-29,,1355,,Florbetapir (Amyvid),2017-12-01,No,,
1,4,59,33,m144,2018-01-10,2018-01-10,Yes,1253,,Yes,,10.4,1254,Yes,No,,,No,PET AV 45 ADNI 2 LM,709,,FORE/2D-OSEM (Siemens),2017-12-20,,1344,,Florbetapir (Amyvid),2017-12-21,No,,
1,4,69,41,m144,2018-02-01,2018-02-01,Yes,1413,,Yes,,10.4,1413,Yes,No,,,No,ADNI-2,635,,3D Iterative (GE),2018-01-31,,1503,,Florbetapir (Amyvid),2018-02-01,No,,
1,4,74,20,m132,2017-05-24,2017-05-31,Yes,1510,Pt needs head elevated,Yes,,9.3,1511,Yes,No,,,No,UISP_ADNI3_AMYVID,559,,3D or LOR Ramla (Philips),2017-05-22,Prior to pt delay,1614,Yes,Florbetapir (Amyvid),2017-05-22,No,,
1,4,96,17,m132,2017-03-06,2017-03-06,Yes,1432,,Yes,,9.7,1433,Yes,No,,,No,82566 Brain Av45 DYN,732,,3D or LOR Ramla (Philips),2017-03-06,,1523,Yes,Florbetapir (Amyvid),2017-03-07,No,,
1,4,112,47,m132,2017-07-10,2017-07-10,Yes,1521,,Yes,,10.4,1522,Yes,No,,,No,ADNI AV-45,400,,FORE/2D-OSEM (Siemens),2017-07-07,,1612,,Florbetapir (Amyvid),2017-07-10,No,,
1,4,120,20,m132,2017-10-09,2017-10-09,Yes,1504,,Yes,,10.3,1505,Yes,No,,,No,UISP_ADNI3_AMYVID,550,,3D or LOR Ramla (Philips),2017-09-26,,1555,Yes,Florbetapir (Amyvid),2017-09-26,No,,
1,4,127,58,m132,2017-10-20,2017-10-20,Yes,1433,,Yes,,10.7,1434,Yes,No,,,No,PTCT_Brain_3D_ADNI3_FLORBETAPIR,721,,3D Iterative (GE),2017-10-17,,1524,,Florbetapir (Amyvid),2017-10-18,No,,
1,4,150,27,m132,2017-09-13,2017-09-13,Yes,1333,some motion in images, subject was talking a lot during the scan.,Yes,,10.2,1333,Yes,Yes,,,No,2016_00233_ADNI3_AV45_ADULT,800,,FORE/2D-OSEM (Siemens),2017-09-05,,1423,,Florbetapir (Amyvid),2017-09-05,No,,
1,4,156,25,m144,2017-11-03,2017-11-03,Yes,1307,,Yes,,11,1308,Yes,No,,,No,7-ADNI_3_F;ORBETAPIR,618,,FORE/2D-OSEM (Siemens),2017-10-26,,1358,,Florbetapir (Amyvid),2017-11-02,No,,
1,4,159,16,m132,2017-06-05,2017-06-05,,,,No,,,,,,Participant unwilling,,,,,No,,,,,,,,,,
1,4,178,16,m132,2017-05-26,2017-05-26,,,,No,,,,,,Participant unwilling,,,,,No,,,,,,,,,,
1,4,259,47,m132,2017-09-25,2017-09-25,Yes,1521,,Yes,,10.3,1522,Yes,No,,,No,ADNI AV45,400,,FORE/2D-OSEM (Siemens),2017-09-22,Participant needed more time in bathroom than was allotted.,1616,,Florbetapir (Amyvid),2017-09-25,No,,
1,4,303,27,m132,,2017-05-15,Yes,1440,,Yes,,10.1,1441,Yes,,,,No,2016_00233_ADNI3_AV45_Aduct,840,,FORE/2D-OSEM (Siemens),2017-05-11,,1531,,Florbetapir (Amyvid),2017-05-12,No,,
1,4,337,16,m132,2017-06-05,2017-06-05,Yes,1417,,Yes,,9.6,1418,Yes,No,,,No,ADNI-3,617,,3D Iterative (GE),2017-05-31,,1508,,Florbetapir (Amyvid),2017-06-01,No,,
1,4,377,27,m132,2017-04-14,2017-04-14,Yes,1224,,Yes,,9.9,1225,Yes,,,,No,,840,,FORE/2D-OSEM (Siemens),2017-04-07,,1315,,Florbetapir (Amyvid),2017-04-07,No,,
1,4,413,1,m132,2017-06-28,2017-06-28,Yes,1508,,Yes,,10.5,1511,Yes,No,,,No,PET BRAIN AV45 ADNI,713,,3D or LOR Ramla (Philips),2017-06-15,,1601,Yes,Florbetapir (Amyvid),2017-06-16,No,,
1,4,416,43,m132,2017-10-26,2017-10-26,Yes,1123,,Yes,,10,1125,Yes,No,,,No,ADNI3 PET-CT Brain,630,,3D or LOR Ramla (Philips),2017-10-24,,1217,Yes,Florbetapir (Amyvid),2017-10-26,No,,
1,4,454,27,m132,2017-09-13,2017-09-25,Yes,1505,patient movement from frames 1-4; very subtle.,Yes,,9.9,1507,Yes,Yes,,,No,2016_00233_ADNI3_AV45_ADULT,800,,FORE/2D-OSEM (Siemens),2017-09-06,,1557,,Florbetapir (Amyvid),2017-09-07,No,,
1,4,467,27,m132,2017-10-07,2017-10-07,Yes,1405,,Yes,,10.3,1406,Yes,No,,,No,2016_00233_ADNI3_AV45_ADULT,800,,FORE/2D-OSEM (Siemens),2017-09-19,,1456,,Florbetapir (Amyvid),2017-09-19,No,,
1,4,473,58,m132,2017-10-25,2017-10-25,,,,No,,,,,,Participant unwilling,,,,,No,,,,,,,,,,
1,4,498,4,m132,2017-11-13,2017-11-13,Yes,1300,,Yes,,10.9,1300,,No,,,No,1_PETCT_Brain_ADNI3_LM(Adult),542,,3D-OSEM (Siemens),2017-11-03,,1350,,Florbetapir (Amyvid),,No,,
1,4,555,25,m132,2018-02-07,2018-02-07,Yes,1429,,Yes,,10,1431,Yes,No,,,No,7_ADNI_3_PET,608,,FORE/2D-OSEM (Siemens),2018-02-01,,1523,,Florbetapir (Amyvid),2018-02-06,No,,
1,4,610,3,m132,2017-10-05,2017-10-05,Yes,1300,,Yes,,9.2,1301,Yes,No,,,No,ADNI 3,539,,FORE/2D-OSEM (Siemens),2017-09-20,,1350,,Florbetapir (Amyvid),2017-09-20,No,,
1,4,626,16,m132,2017-04-11,2017-04-11,Yes,1407,,Yes,,9.9,1408,Yes,No,,,No,ADNI-3,637,,3D Iterative (GE),2017-03-28,,1458,,Florbetapir (Amyvid),2017-03-30,No,,
1,4,677,23,m132,2017-07-19,2017-07-19,Yes,1128,Subject with neck pain - extremely difficult to position,Yes,,10.6,1130,Yes,No,,,No,ADNI3_AV45_20min.4F.cnfg,1128,,3D-OSEM (Siemens),2017-07-18,,1221,,Florbetapir (Amyvid),2017-07-19,No,,
1,4,679,28,m132,2017-07-11,2017-07-11,Yes,1406,,Yes,,9.1,1423,Yes,No,,,No,Brain_F18_4x5min-ADNI3,258,,FORE/2D-OSEM (Siemens),2017-07-05,,1513,,Florbetapir (Amyvid),2017-07-06,No,,
1,4,684,47,m132,2017-08-16,2017-08-16,Yes,1334,,Yes,,10,1335,Yes,No,,,No,ADNI AV45,400,,FORE/2D-OSEM (Siemens),2017-08-15,,1425,,Florbetapir (Amyvid),2017-08-16,No,,
1,4,731,4,m132,2017-09-21,2017-09-21,Yes,1315,,Yes,,11,1315,Yes,No,,,No,1_PETCT_Brain_ADNI3_AV45_LMCAdult,530,,3D-OSEM (Siemens),2017-09-15,,1405,,Florbetapir (Amyvid),2017-09-18,No,,
1,4,734,24,m132,2017-10-19,2017-10-19,Yes,1234,,Yes,,11,1239,Yes,No,,,No,,743,,FORE Iterative (GE),2017-10-16,Technologist error -- used to +/- 2 min; change noted. A-B 10/16/2017,1328,,Florbetapir (Amyvid),2017-10-16,No,,
1,4,751,6,m132,2017-07-25,2017-07-25,Yes,1359,Acquisition used because it is the standard 4x5 dynamic protocol used for all research. Name is not protocol specific. 

LONI-IT issues being resolved for upload,Yes,,10.3,1359,No,No,,,No,MNI-3DBRAIN-A4-4X5,637,,FORE Iterative (GE),2017-07-14,,1449,,Florbetapir (Amyvid),,No,,
1,4,767,55,m132,2017-05-31,2017-05-31,Yes,1346,,Yes,7.7,,1347,Yes,No,,,No,RIH_STUDY_ATRI_ADNI3_FLORBETABEN,632,,3D-OSEM (Siemens),2017-05-18,,1517,,Florbetaben (Neuraceq),2017-05-19,No,,
1,4,981,2,m132,2017-10-19,2017-10-19,Yes,1414,,Yes,,9.4,1416,Yes,Yes,,,No,N/A,505,,3D-OSEM (Siemens),2017-10-11,,1506,,Florbetapir (Amyvid),2017-10-19,No,,
1,4,1016,24,m132,2017-12-15,2017-12-20,Yes,1222,,Yes,,11,1225,Yes,No,,,No,1.014 ADNI DYN 3D BRAIN,656,,FORE Iterative (GE),2017-12-06,,1316,,Florbetapir (Amyvid),2017-12-06,No,,
1,4,1052,55,m120,2017-05-31,2017-06-02,Yes,1509,,Yes,,7,1510,Yes,No,,,No,RIH_STUDY_ATRI_ADNI3_FLORBETAPIR,640,,3D-OSEM (Siemens),2017-05-30,Prior patient took a long time getting off table more than anticipated.,1606,,Florbetapir (Amyvid),2017-05-31,No,,
1,4,1074,2,m132,2017-10-18,2017-10-18,Yes,1402,,Yes,,10,1403,Yes,No,,,No,3_ADNI3_FLORBETAPIR_LM,500,,3D-OSEM (Siemens),2017-10-03,,1453,,Florbetapir (Amyvid),2017-10-16,No,,
1,4,1098,24,m132,2017-12-15,2017-12-15,Yes,1218,,Yes,,10.9,1220,Yes,No,,,No,,706,,FORE Iterative (GE),2017-12-04,,1312,,Florbetapir (Amyvid),2017-12-04,No,,
1,4,1122,2,m120,2017-09-26,2017-09-26,Yes,1334,,Yes,,10.6,1335,Yes,No,,,No,,501,,3D-OSEM (Siemens),2017-08-08,N/A,1425,,Florbetapir (Amyvid),2017-09-26,No,,
1,4,1155,1,m120,2017-04-26,2017-05-03,Yes,1509,Pet data was archived locally - ED,Yes,,10.1,1510,Yes,No,,,No,PET BRAIN AV45 ADNI,657,,3D or LOR Ramla (Philips),2017-04-20,,1600,Yes,Florbetapir (Amyvid),2017-04-21,No,,
1,4,1169,23,m132,2017-12-20,2017-12-20,Yes,1346,,Yes,,10.6,1348,Yes,No,,,No,ADNI3_AV45_20min_4F.cnfg,942,,3D-OSEM (Siemens),2017-12-19,,1438,,Florbetapir (Amyvid),2017-12-20,No,,
1,4,1190,18,m132,2017-11-13,2017-11-13,Yes,1506,,Yes,,9.9,1506,Yes,No,,,No,,822,,FORE/2D-OSEM (Siemens),2017-10-25,,1557,,Florbetapir (Amyvid),2017-11-08,No,,
1,4,1261,1,m120,2017-03-21,2017-03-21,No,1507,Raw data is not archived, it is deleted after 3 days.,Yes,,10.2,1511,Yes,No,,,No,PET BRAIN AV45 ADNI,649,,3D or LOR Ramla (Philips),2017-03-14,,1601,Yes,Florbetapir (Amyvid),2017-03-20,No,,
1,4,1280,1,m120,2017-03-06,2017-03-06,No,1453,Raw data not archived - deleted in 3 days,Yes,,10.4,1455,Yes,No,,,No,PET BRAIN AVNI ADNI,745,,3D or LOR Ramla (Philips),2017-03-02,,1545,Yes,Florbetapir (Amyvid),2017-03-03,No,,
1,4,1378,55,m120,2017-06-29,2017-07-17,Yes,1444,,Yes,,9.8,1445,Yes,No,,,No,RIH_STUDY_ATRI_ADNI3_FLORBETAPIR,629,,3D-OSEM (Siemens),2017-06-28,,1535,,Florbetapir (Amyvid),2017-06-29,No,,
1,4,1418,28,m120,2017-08-30,2017-08-30,Yes,1525,Patient head elevated for comfort,Yes,,9.5,1537,Yes,No,,,No,Brain_F18_4x5MIN_ADNI3,258,,FORE/2D-OSEM (Siemens),2017-07-31,,1627,,Florbetapir (Amyvid),2017-08-01,No,,
1,4,1427,47,m120,2017-09-08,2017-09-08,Yes,1336,,Yes,,10.7,1337,Yes,No,,,No,ADNI AV45,400,,FORE/2D-OSEM (Siemens),2017-09-06,,1427,,Florbetapir (Amyvid),2017-09-08,No,,
2,4,2061,25,m84,2017-09-15,2017-09-15,Yes,1517,,Yes,,10.9,1518,Yes,No,,,No,7-ADNI_3_AV45,726,,FORE/2D-OSEM (Siemens),2017-09-13,,1607,,Florbetapir (Amyvid),2017-09-14,No,,
2,4,2068,18,m84,2017-11-03,2017-11-08,Yes,1501,We intend to transfer to LONI as soon as possible,Yes,,10.2,1501,Yes,No,,,No,,701,,FORE/2D-OSEM (Siemens),2017-11-02,,1551,,Florbetapir (Amyvid),2017-11-08,No,,
2,4,2119,23,m84,2017-06-16,2017-06-16,Yes,1401,,Yes,,10.1,1403,Yes,No,,,No,ADNI3_AV45_20min.4F.cnfg,819,,3D-OSEM (Siemens),2017-06-14,,1453,,Florbetapir (Amyvid),2017-06-15,No,,
2,4,2121,37,m84,2018-03-06,2018-03-06,Yes,1405,,Yes,,10.9,1405,Yes,No,,,No,PET AV54 DOD ADNI LM Adult,716,,3D-OSEM (Siemens),2018-02-12,,1456,,Florbetapir (Amyvid),2018-02-15,No,,
2,4,2133,13,m84,2018-01-24,2018-01-24,Yes,1418,,Yes,,10.1,1420,Yes,No,,,No,AV-45 BRAIN1 3D EMISSION,632,,FORE Iterative (GE),2018-01-18,,1510,,Florbetapir (Amyvid),2018-01-23,No,,
2,4,2146,47,m84,2017-10-11,2017-10-11,Yes,1356,,Yes,,9,1357,Yes,No,,,No,ADNI AV45,400,,FORE/2D-OSEM (Siemens),2017-10-10,,1447,,Florbetapir (Amyvid),2017-10-11,No,,
2,4,2155,13,m84,2017-10-06,2017-10-06,Yes,1431,,Yes,,9.5,1433,Yes,No,,,No,AV-45 BRAIN1 3D EMISSION,611,,FORE Iterative (GE),2017-10-03,,1523,,Florbetapir (Amyvid),2017-10-05,No,,
2,4,2180,13,m84,2017-10-18,2017-10-18,Yes,1423,,Yes,,10.4,1425,Yes,No,,,No,AV-45 BRAIN1 3D EMISSION,604,,FORE Iterative (GE),2017-10-11,,1515,,Florbetapir (Amyvid),2017-10-18,No,,
2,4,2183,20,m72,2017-12-20,2017-12-20,,,participant did not want to complete this scan,No,,,,,,Participant unwilling,,,,,No,,,,,,,,,,
2,4,2184,58,m84,2018-02-09,2018-02-09,Yes,1608,,Yes,,11,1608,Yes,No,,,No,PTCT_Brain_3D_ADNI3_FLORBETAPIR,801,,3D Iterative (GE),2018-02-07,,1658,,Florbetapir (Amyvid),2018-02-09,No,,
2,4,2185,11,m84,2017-09-02,2017-09-02,,,,No,,,,,,Participant unwilling,,,,,No,,,,,,,,,,
2,4,2201,38,m84,2017-10-26,2017-10-26,Yes,1234,,Yes,,10.2,1236,Yes,No,,,No,3D AV45 ADNI3 BRAIN ACQUISITION,330,,FORE/2D-OSEM (Siemens),2017-10-20,,1326,,Florbetapir (Amyvid),2017-10-23,No,,
2,4,2219,20,m72,2017-05-15,2017-05-15,Yes,1436,Pt had to have head propped up,Yes,,11,1437,Yes,No,,,No,UISP_ADNI-3_AMYVID,646,,3D or LOR Ramla (Philips),2017-04-19,,1527,,Florbetapir (Amyvid),2017-04-19,No,,
2,4,2234,47,init,2018-02-09,2018-02-09,Yes,1539,,Yes,,9.3,1539,Yes,No,,,No,ADNI3AV45,400,,FORE/2D-OSEM (Siemens),2018-02-05,,1629,,Florbetapir (Amyvid),2018-02-09,No,,
2,4,2238,38,m84,2018-02-12,2018-02-12,Yes,1200,slight motion,Yes,,10.8,1203,Yes,Yes,,,No,3D AV45 ADNI3 BRAIN ACQUISITION,330,,FORE/2D-OSEM (Siemens),2018-02-06,,1253,,Florbetapir (Amyvid),2018-02-07,No,,
2,4,2239,19,m72,2017-03-29,2017-03-29,Yes,1238,,Yes,,9.5,1239,Yes,No,,,No,Project 322 (ADNI-3) Delayed AV-45,458,,FORE/2D-OSEM (Siemens),2017-03-29,,1329,,Florbetapir (Amyvid),2017-03-29,No,,
2,4,2245,20,m72,2017-02-02,2017-02-02,Yes,1509,,Yes,,10.7,1510,Yes,No,,,No,UISP_ADNI-3 AMYVID,554,,3D or LOR Ramla (Philips),2017-02-01,,1600,Yes,Florbetapir (Amyvid),2017-02-01,No,,
2,4,2245,20,m84,2018-02-02,2018-02-05,,,,No,,,,,,Not called for by protocol,,,,,No,,,,,,,,,,
2,4,2263,17,m72,2017-04-05,2017-04-05,Yes,1446,,Yes,,9,1446,Yes,No,,,No,825666 Brain AV45 DYN,721,,3D or LOR Ramla (Philips),2017-04-04,,1536,Yes,Florbetapir (Amyvid),2017-04-05,No,,
2,4,2301,33,m72,2017-08-28,2017-08-28,Yes,1254,,Yes,,10.1,1255,Yes,No,,,No,AV_45_ADNI_2_LM (Adult),707,,3D-OSEM (Siemens),2017-08-11,,1345,,Florbetapir (Amyvid),2017-08-15,No,,
2,4,2304,33,m72,2017-08-28,2017-08-28,Yes,1238,,Yes,,10.5,1239,Yes,No,,,No,AV_45_ADNI_2_LM (Adult),643,,3D-OSEM (Siemens),2017-08-15,,1329,,Florbetapir (Amyvid),2017-08-16,No,,
2,4,2308,11,m72,2017-10-09,2017-10-09,Yes,1325,,Yes,,10,1325,Yes,No,,,No,ADNI 3,728,,3D or LOR Ramla (Philips),2017-10-06,,1415,Yes,Florbetapir (Amyvid),2017-10-06,No,,
2,4,2332,49,m72,2017-05-23,2017-05-23,Yes,1407,,Yes,,9.5,1410,Yes,No,,,No,ADNI3 AV-45 4X5min Frames,101,,FORE/2D-OSEM (Siemens),2017-05-11,,1500,,Florbetapir (Amyvid),2017-05-16,No,,
2,4,2333,55,m84,2018-01-03,2018-01-23,Yes,1424,,Yes,,10.2,1425,Yes,No,,,No,RIH_STUDY_ATRI_ADNI3_FLORBETAPIR,636,,3D-OSEM (Siemens),2018-01-02,,1515,,Florbetapir (Amyvid),2018-01-02,No,,
2,4,2373,50,m72,2017-07-05,2017-07-05,Yes,1516,,Yes,,9.6,1516,Yes,No,,,No,3PETCT_ADNI3_AV45_Brain_LM,843,,3D-OSEM (Siemens),2017-06-29,,1606,,Florbetapir (Amyvid),2017-06-29,No,,
2,4,2374,2,m72,2017-12-13,2017-12-13,Yes,1442,site oversight,Yes,,9.9,1443,No,No,,,No,N/A,450,,3D-OSEM (Siemens),2017-11-16,,1553,,Florbetapir (Amyvid),,No,,
2,4,2379,17,m72,2017-06-09,2017-06-09,Yes,1344,,Yes,,9.5,1345,Yes,No,,,No,825666 Brain AV45 DYN,743,,3D or LOR Ramla (Philips),2017-05-17,,1435,Yes,Florbetapir (Amyvid),2017-05-18,No,,
2,4,2392,43,m72,2017-10-02,2017-10-02,Yes,1021,,Yes,,9.3,1021,Yes,No,,,No,ADNI3 PET/CT Brain,630,,3D or LOR Ramla (Philips),2017-09-19,,1111,Yes,Florbetapir (Amyvid),2017-10-02,No,,
2,4,2394,5,m72,2017-08-21,2017-08-21,Yes,1427,,Yes,,10.5,1428,Yes,No,,,No,Brian 3D:Amyvid,544,,3D Iterative (GE),2017-08-15,,1520,,Florbetapir (Amyvid),2017-08-16,No,,
2,4,2403,50,m72,2017-09-07,2017-09-07,Yes,1551,,Yes,,8.3,1552,Yes,No,,,No,3_PETCT_ADNI3_AV45_Brain_LM,630,,3D-OSEM (Siemens),2017-07-10,,1642,,Florbetapir (Amyvid),2017-07-10,No,,
3,4,4003,39,m84,2017-12-07,2017-12-07,Yes,1449,,Yes,,7.9,1450,Yes,No,,,No,ADNI-AV45-BRAIN-DYN,641,,3D Iterative (GE),2017-12-05,,1540,,Florbetapir (Amyvid),2017-12-06,No,,
3,4,4004,28,m72,2017-10-13,2017-10-13,Yes,1554,Possible head motion- subject complaint of right shoulder pain and tried to adjust arm during emission scan,Yes,,9.6,1603,Yes,Yes,,,No,Brain_F18_4x5min_ADNI3,258,,FORE/2D-OSEM (Siemens),2017-10-10,,1653,,Florbetapir (Amyvid),2017-10-11,No,,
3,4,4028,27,m72,2017-11-16,2017-11-16,Yes,1351,,Yes,,10.3,1353,Yes,No,,,No,2016_00233_ADNI3_AV45_Adult,900,,FORE/2D-OSEM (Siemens),2017-11-06,,1443,,Florbetapir (Amyvid),2017-11-06,No,,
3,4,4030,27,m72,2017-11-07,2017-11-07,Yes,1057,Movement in all frames.,Yes,,10.5,1059,Yes,Yes,,,No,2016_00233_ADNI3_AV45_Adult,830,,FORE/2D-OSEM (Siemens),2017-10-23,,1149,,Florbetapir (Amyvid),2017-10-23,No,,
3,4,4036,59,m72,2018-02-08,2018-02-14,Yes,1338,,Yes,,10.8,1338,Yes,No,,,No,ADNI3 AV45,625,,3D Iterative (GE),2018-01-19,,1430,,Florbetapir (Amyvid),2018-02-08,Yes,Imaging began 52 min 49 seconds after injection,
3,4,4037,28,m72,2017-07-24,2017-07-24,Yes,1427,Other protocol variations: extra cushioning placed under head for neck comfort,Yes,,9.6,1435,Yes,No,,,Yes,Brain_F18_6x5min-ADNI3,258,,FORE/2D-OSEM (Siemens),2017-07-14,,1525,,Florbetapir (Amyvid),2017-07-14,No,,
3,4,4041,28,m72,,2018-02-02,,,,No,,,,,,Withdrawn consent,,,,,No,,,,,,,,,,
3,4,4060,28,m72,2017-09-13,2017-09-13,Yes,1422,,Yes,,9.7,1430,Yes,No,,,No,BrainF18_4x5min_ADNI3,258,,FORE/2D-OSEM (Siemens),2017-09-11,,1520,,Florbetapir (Amyvid),2017-09-11,No,,
3,4,4067,58,m72,2018-02-22,2018-02-22,Yes,1454,,Yes,,11,1455,Yes,No,,,No,PTCT_Brain_3D_ADNI3_FLORBETAPIR,840,,3D Iterative (GE),2018-02-21,,1545,,Florbetapir (Amyvid),2018-02-22,No,,
3,4,4072,33,m72,2017-08-28,2017-08-28,Yes,1304,,Yes,,10.2,1304,Yes,No,,,No,AV_45_ADNI_2_LM (Adult),616,,FORE/2D-OSEM (Siemens),2017-08-25,,1352,,Florbetapir (Amyvid),2017-08-28,No,,
3,4,4076,40,m72,2017-11-02,2017-11-02,Yes,1201,,Yes,,9.3,1210,Yes,No,,,No,ADNI3 AV45 4x300 sec,632,,3D Iterative (GE),2017-10-30,,1300,,Florbetapir (Amyvid),2017-11-01,No,,
3,4,4084,19,m72,2017-08-08,2017-08-08,Yes,1249,,Yes,,9.5,1249,Yes,No,,,No,Project 322 (ADNI3) Delayed AV-45,458,,FORE/2D-OSEM (Siemens),2017-08-08,,1339,,Florbetapir (Amyvid),2017-08-08,No,,
3,4,4094,9,m72,2018-01-10,2018-01-10,Yes,1316,,Yes,,9.9,1317,Yes,No,,,No,ADNI2 AV-45,506,,3D Iterative (GE),2017-10-16,,1407,,Florbetapir (Amyvid),2017-xx-xx,No,,
3,4,4100,59,m72,2017-11-07,2017-11-07,Yes,1440,,Yes,,10.8,1440,Yes,No,,,No,ADNI3 Florbetapir,632,,3D Iterative (GE),2017-11-03,,1531,,Florbetapir (Amyvid),2017-11-07,No,,
3,4,4105,8,m72,2017-11-27,2017-11-27,Yes,1350,,Yes,,9.7,1351,Yes,No,,,No,CCIR_00931_ADNI3_AV45,751,,3D-OSEM (Siemens),2017-10-25,,1441,,Florbetapir (Amyvid),2017-10-27,No,,
3,4,4114,25,m72,2017-09-19,2017-09-19,Yes,1314,,Yes,,9.9,1314,Yes,No,,,No,7_ADNI_3_AV45,655,,FORE/2D-OSEM (Siemens),2017-09-14,,1404,,Florbetapir (Amyvid),2017-09-14,No,,
3,4,4115,18,m72,2018-01-26,2018-01-26,Yes,1450,,Yes,,10.1,1451,Yes,No,,,No,Research_ADNI3_Florbetapir (Adult),735,,FORE/2D-OSEM (Siemens),2018-01-25,,1541,,Florbetapir (Amyvid),2018-01-25,No,,
3,4,4119,2,m72,2017-11-09,2017-11-09,Yes,1324,,Yes,,8.4,1324,Yes,No,,,No,3_ADNI3_FLORBETAPIR_LM,449,,FORE/2D-OSEM (Siemens),2017-11-02,,1414,,Florbetapir (Amyvid),2017-11-03,No,,
3,4,4138,28,m72,2017-11-01,2017-11-01,,,,No,,,,,,Withdrawn consent,,,,,,,,,,,,,,,
3,4,4143,28,m72,2017-07-24,2017-07-24,Yes,1348,,Yes,,9.3,1352,Yes,Yes,,,No,Brain_F18_4x5min-ADNI3,258,,FORE/2D-OSEM (Siemens),2017-07-14,,1442,,Florbetapir (Amyvid),2017-07-14,No,,
3,4,4148,47,m72,2017-07-20,2017-07-20,Yes,1512,,Yes,,10.6,1513,Yes,No,,,No,ADNI AV45,400,,FORE/2D-OSEM (Siemens),2017-07-19,,1603,,Florbetapir (Amyvid),2017-07-20,No,,
3,4,4160,55,m72,2017-07-27,2017-07-31,Yes,1416,,Yes,,10.7,1419,Yes,No,,,No,RIH_STUDY_ATRI_ADNI3_FLORBETAPIR,636,,3D-OSEM (Siemens),2017-07-26,,1509,,Florbetapir (Amyvid),2017-07-27,No,,
3,4,4164,18,m72,2017-12-21,2017-12-21,Yes,1455,,Yes,,10.5,1456,Yes,No,,,No,Research_ADNI3_Florbetapir (Adult),701,,FORE/2D-OSEM (Siemens),2017-12-20,,1546,,Florbetapir (Amyvid),2017-12-21,No,,
3,4,4168,3,m72,2017-10-05,2017-10-05,Yes,1247,,Yes,,9.6,1248,Yes,No,,,No,ADNI 3,539,,FORE/2D-OSEM (Siemens),2017-09-19,,1336,,Florbetapir (Amyvid),2017-09-20,No,,
3,4,4169,19,m72,2017-08-24,2017-08-24,Yes,1252,Scan stopped after 16 minutes and transmission was 3 minutes. Subject had to use the restroom.,Yes,,9,1307,Yes,No,,,Yes,Project 322 (ADNI3) Delayed AV-45,458,,FORE/2D-OSEM (Siemens),2017-08-21,,1357,,Florbetapir (Amyvid),2017-08-22,No,,
3,4,4176,24,m72,2018-02-01,2018-02-01,Yes,1138,,Yes,,10.6,1139,Yes,No,,,No,1.14 ADNI DYN 3D BRAIN,702,,FORE Iterative (GE),2018-01-30,,1230,,Florbetapir (Amyvid),2018-01-30,No,,
3,4,4177,24,m72,2018-01-29,2018-01-29,Yes,1129,,Yes,,10.9,1134,Yes,No,,,No,ADNI DYN 3D BRAIN,658,,FORE Iterative (GE),2018-01-23,Emission scan started at 58 min post injection due to delay on scanner caused by patient just prior to this one,1232,,Florbetapir (Amyvid),2018-01-23,No,,
3,4,4179,24,m72,2018-01-29,2018-01-29,Yes,1129,,Yes,,10.4,1130,Yes,No,,,No,,654,,FORE Iterative (GE),2018-01-25,,1221,,Florbetapir (Amyvid),2018-01-25,No,,
3,4,4184,33,m72,2017-12-18,2017-12-18,Yes,1355,,Yes,,8.8,1356,Yes,No,,,No,AV_45_ADNI_2_LM (Adult),712,,3D-OSEM (Siemens),2017-10-30,,1446,,Florbetapir (Amyvid),2017-11-03,No,,
3,4,4187,59,m72,2017-07-13,2017-07-21,Yes,1353,PET tech is updating protocol name
7/21/17: Reconstructed images uploaded to LONI per Robert Koeppe's directions,Yes,,9.7,1353,Yes,No,,,No,Bioclinica 4x5 min brain,716,,3D Iterative (GE),2017-07-10,,1443,,Florbetapir (Amyvid),2017-07-11,No,,
3,4,4197,47,m72,2017-09-25,2017-09-25,Yes,1517,,Yes,,10.4,1518,Yes,No,,,No,ADNI AV45,400,,FORE/2D-OSEM (Siemens),2017-09-21,,1608,,Florbetapir (Amyvid),2017-09-25,No,,
3,4,4200,28,m72,2017-11-06,2017-11-06,Yes,1305,,Yes,,9.5,1312,Yes,No,,,No,Brain_F18_4x5min_ADNI3,258,,FORE/2D-OSEM (Siemens),2017-10-24,,1402,,Florbetapir (Amyvid),2017-10-25,No,,
3,4,4210,47,m72,2017-09-25,2017-09-25,Yes,1523,,Yes,,10.6,1524,Yes,No,,,No,ADNI AV45,400,,FORE/2D-OSEM (Siemens),2017-09-19,,1614,,Florbetapir (Amyvid),2017-09-25,No,,
3,4,4212,33,m72,2017-12-18,2017-12-18,Yes,1310,,Yes,,9.1,1311,Yes,No,,,No,AV_45_ADNI_2_LM (Adult),712,,3D-OSEM (Siemens),2017-10-30,,1401,,Florbetapir (Amyvid),2017-11-03,No,,
3,4,4213,1,m72,2017-08-24,2017-08-24,Yes,1521,,Yes,,10.4,1522,Yes,No,,,No,PET BRAIN AV45 ADNI,755,,3D or LOR Ramla (Philips),2017-08-14,Got backed up with an inpatient,1615,Yes,Florbetapir (Amyvid),2017-08-18,No,,
3,4,4214,27,m60,2017-02-21,2017-02-21,Yes,1241,,Yes,8.5,,1242,Yes,No,,,No,2016_00233_ADNI3_Neuraceq (Adult),920,,FORE/2D-OSEM (Siemens),2017-02-17,,1412,,Florbetaben (Neuraceq),2017-02-17,No,,
3,4,4229,1,m72,2017-09-28,2017-09-28,Yes,1532,Patient coughed throughout scan - MR,Yes,,10.1,1533,Yes,No,,,No,PET BRAIN AV45 ADNI,733,,3D or LOR Ramla (Philips),2017-09-20,,1623,Yes,Florbetapir (Amyvid),2017-09-22,No,,
3,4,4254,16,m60,2017-04-11,2017-04-11,Yes,1352,,Yes,,10.4,1354,Yes,No,,,No,ADNI-3,632,,3D Iterative (GE),2017-03-29,,1444,,Florbetapir (Amyvid),2017-03-30,No,,
3,4,4271,28,m72,2017-09-25,2017-09-25,Yes,1404,Patient was uncomfortable, continuous head movement throughout the scan. Subject unsure how long he could remain lying down. TX @ beginning,Yes,,9.7,1414,Yes,Yes,,,Yes,Brain_F18_4x5mins_ADNI3,258,,FORE/2D-OSEM (Siemens),2017-09-22,,1504,,Florbetapir (Amyvid),2017-09-25,No,,
3,4,4272,5,m72,2018-01-04,2018-01-11,Yes,1442,,Yes,,10.4,1444,Yes,No,,,No,Brain 3D:Amyvid:ADNI3,544,,3D Iterative (GE),2017-12-19,,1534,,Florbetapir (Amyvid),2017-12-20,No,,
3,4,4276,16,m60,2017-04-14,2017-04-14,Yes,1407,,Yes,,9.4,1408,Yes,No,,,No,ADNI-3,625,,3D Iterative (GE),2017-04-07,,1458,,Florbetapir (Amyvid),2017-04-11,No,,
3,4,4277,23,m72,2017-08-04,2017-08-04,Yes,1421,,Yes,,10.2,1422,Yes,No,,,No,ADN3_AV45_20min_4F.cnfg,925,,3D-OSEM (Siemens),2017-08-03,,1513,,Florbetapir (Amyvid),2017-08-04,No,,
3,4,4278,8,m72,2017-12-06,2017-12-06,Yes,1350,,Yes,,10.4,1350,Yes,No,,,No,CCIR_00931_ADNI3_AV45,753,,3D-OSEM (Siemens),2017-12-04,,1440,,Florbetapir (Amyvid),2017-12-06,No,,
3,4,4288,2,m72,2018-03-06,2018-03-06,Yes,1439,,Yes,,10.1,1440,Yes,No,,,No,ADNI 3 Florbetapir-LM,500,,3D-OSEM (Siemens),2017-10-03,,1530,,Florbetapir (Amyvid),2017-10-04,No,,
3,4,4292,59,m72,2017-08-28,2017-08-28,Yes,1341,,Yes,,9.6,1341,Yes,No,,,No,ADNI3 Florbetapir,714,,3D Iterative (GE),2017-08-25,,1431,,Florbetapir (Amyvid),2017-08-28,No,,
3,4,4293,14,m72,2017-06-06,2017-06-06,Yes,1441,,Yes,,10.4,1443,Yes,No,,,No,ADNI3-(Florbetapir) 4x5,900,,3D Iterative (GE),2017-06-06,,1533,,Florbetapir (Amyvid),2017-06-06,No,,
3,4,4294,50,m72,2017-11-17,2017-11-17,Yes,1548,,Yes,,8.9,1550,Yes,No,,,No,3PETCT_ADNI3_AV45_Brain_LM,623,,3D-OSEM (Siemens),2017-11-16,,1640,,Florbetapir (Amyvid),2017-11-16,No,,
3,4,4299,54,m72,2017-11-06,2017-11-28,Yes,1519,,Yes,,10.6,1520,Yes,No,,,No,ADNI 3 AV-45,900,,FORE Iterative (GE),2017-10-27,,1610,,Florbetapir (Amyvid),2017-11-03,No,,
3,4,4301,47,m72,2017-10-26,2017-10-26,Yes,1517,,Yes,,10.7,1518,Yes,No,,,No,ADNI AV45,400,,FORE/2D-OSEM (Siemens),2017-10-24,,1608,,Florbetapir (Amyvid),2017-10-26,No,,
3,4,4302,27,m60,2017-02-20,2017-02-20,Yes,1040,,Yes,,9.9,1040,Yes,No,,,No,2016_00233_ADNI3_AV45 (Adult),830,,,2017-02-01,,1130,,Florbetapir (Amyvid),2017-02-01,No,,
3,4,4308,27,m60,2017-09-13,2017-09-13,Yes,1333,,Yes,,10,1335,Yes,No,,,No,,800,,FORE/2D-OSEM (Siemens),2017-08-24,,1425,,Florbetapir (Amyvid),2017-08-24,No,,
3,4,4313,13,m72,2017-10-26,2017-10-26,Yes,1407,,Yes,,10.5,1408,Yes,No,,,No,AV-45 BRAIN1 3D EMISSION,803,,FORE Iterative (GE),2017-10-20,,1458,,Florbetapir (Amyvid),2017-10-26,No,,
3,4,4324,6,m72,,2017-07-11,,,,No,,,,,,Participant unwilling,,,,,No,,,,,,,,,,
3,4,4332,58,m72,2017-10-25,2017-10-25,Yes,1449,,Yes,,10.9,1450,Yes,No,,,No,PTCT_Brain_3D_ADNI3_FLORBETAPIR,758,,3D Iterative (GE),2017-10-19,Took additional time to position patient,1549,,Florbetapir (Amyvid),2017-10-20,No,,
3,4,4335,16,m72,2017-06-05,2017-06-05,Yes,1318,,Yes,,9.3,1320,Yes,No,,,No,ADNI-3,635,,3D Iterative (GE),2017-05-30,,1410,,Florbetapir (Amyvid),2017-05-31,No,,
3,4,4340,58,m72,2017-10-25,2017-10-25,,,,No,,,,,,Withdrawn consent,,,,,No,,,,,,,,,,
3,4,4343,50,m60,2017-05-16,2017-05-16,Yes,1531,,Yes,,7.9,1532,Yes,No,,,No,3_PETCT_ADNI3-AV45_Brain-LM,633,,3D-OSEM (Siemens),2017-05-09,,1622,,Florbetapir (Amyvid),2017-05-09,No,,
3,4,4350,2,m72,2017-11-09,2017-11-09,Yes,1432,,Yes,,9.2,1433,Yes,No,,,No,3_ADNI3_FLORBETAPIR_LM,504,,3D-OSEM (Siemens),2017-11-06,,1523,,Florbetapir (Amyvid),2017-11-07,No,,
3,4,4352,50,m72,2017-07-05,2017-07-05,Yes,843,,Yes,,9.7,1545,Yes,No,,,No,3_PETCT_ADNI3_AV45_Brain_LM,843,,3D-OSEM (Siemens),2017-06-29,,1635,,Florbetapir (Amyvid),2017-06-29,No,,
3,4,4354,2,m60,2017-11-10,2017-11-10,Yes,1419,NO CD was available before.,Yes,,9.5,1420,No,No,,,No,N/A,448,,3D-OSEM (Siemens),2017-07-21,,1511,,Florbetapir (Amyvid),,No,,
3,4,4356,52,m72,2017-09-25,2017-09-25,Yes,1539,Florbetapir (Amyvid): Injected dose assay * 9.57,Yes,,9.6,1541,Yes,No,,,No,ADNI_AV45_Brain,501,,FORE/2D-OSEM (Siemens),2017-09-18,,1631,,Florbetapir (Amyvid),2017-09-19,No,,
3,4,4365,59,m72,2017-09-20,2017-09-20,Yes,1206,,Yes,,10.4,1206,Yes,No,,,No,ADNI3 Florbetapir,717,,3D Iterative (GE),2017-09-01,Subject unable to "tuck" chin for optimal position,1256,,Florbetapir (Amyvid),2017-09-05,No,,
3,4,4367,14,m60,2017-05-11,2017-05-15,Yes,1446,,Yes,,10.6,1448,Yes,No,,,No,ADNI3-(Florbetapir) 4x5,908,,3D Iterative (GE),2017-05-10,,1538,,Florbetapir (Amyvid),2017-05-10,No,,
3,4,4369,49,m72,2017-06-23,2017-06-23,Yes,1111,The Banner Health Radiation Safety Committee limits the maximum injected dose of Florbetapir (AV-45) to 9.4 mCi as anything higher would result in gall bladder dose exceeding Federal Guidelines for research subjects. Consequently PET staff strive to keep ,Yes,,8.6,1113,Yes,No,,,No,RN: ADNI_3 (AV-45),129,,3D-OSEM (Siemens),2017-06-21,N.A,1203,,Florbetapir (Amyvid),2017-06-22,Yes,Net dose below 9 mCi. Dose injected 8.64mCi,
3,4,4387,5,m72,2017-10-26,2017-10-26,Yes,1425,,Yes,,9.7,1425,Yes,No,,,No,,544,,3D Iterative (GE),2017-10-24,,1515,,Florbetapir (Amyvid),2017-10-24,No,,
3,4,4388,6,m72,2017-07-27,2017-07-27,Yes,1359,,Yes,,10.1,1359,Yes,No,,,No,MNI-3DBRAIN-A4-4X5,723,,FORE Iterative (GE),2017-07-24,,1449,,Florbetapir (Amyvid),2017-07-27,No,,
3,4,4389,26,m72,2017-12-07,2017-12-07,Yes,1459,,Yes,,10,1500,Yes,No,,,No,Amyvid_ADNI3_Brain_LM,554,,3D-OSEM (Siemens),2017-11-08,,1550,,Florbetapir (Amyvid),2017-11-30,No,,
3,4,4396,49,m72,2018-01-05,2018-01-05,Yes,1127,,Yes,,9.3,1132,Yes,No,,,No,RN: ADNI3 AV45 4X5min Frames,101,,3D Iterative (GE),2017-12-20,,1222,,Florbetapir (Amyvid),2017-12-28,No,,
3,4,4399,13,m72,2017-08-09,2017-08-09,Yes,1426,,Yes,,9.6,1427,Yes,No,,,No,ADNI-3,552,,FORE Iterative (GE),2017-08-02,,1517,,Florbetapir (Amyvid),2017-08-02,No,,
3,4,4400,13,m72,2017-10-06,2017-10-06,Yes,1336,,Yes,,9.7,1337,Yes,No,,,No,AV-45 BRAIN1 3D EMISSION,644,,FORE Iterative (GE),2017-09-29,,1427,,Florbetapir (Amyvid),2017-10-05,No,,
3,4,4401,11,m72,2017-10-13,2017-10-13,Yes,1309,,Yes,,10.6,1310,Yes,No,,,No,ADNI 3,725,,3D or LOR Ramla (Philips),2017-10-12,,1400,Yes,Florbetapir (Amyvid),2017-10-13,No,,
3,4,4404,43,m72,2018-01-05,2018-01-05,Yes,1106,,Yes,,11,1110,Yes,No,,,No,ADNI3-brain PET/CT,705,,3D or LOR Ramla (Philips),2018-01-03,,1200,Yes,Florbetapir (Amyvid),2018-01-05,No,,
3,4,4405,50,m60,2017-09-07,2017-09-07,Yes,1459,,Yes,,10.6,1500,Yes,No,,,No,3_PETCT_ADNI3_AV45_Brain_LM,644,,3D-OSEM (Siemens),2017-08-11,,1550,,Florbetapir (Amyvid),2017-08-11,No,,
3,4,4410,27,m60,2017-03-16,2017-03-16,Yes,1112,,Yes,,10.7,1114,Yes,No,,,No,2016_00233_ADNI3_AV45_Adult,830,,FORE/2D-OSEM (Siemens),2017-03-01,,1204,,Florbetapir (Amyvid),2017-03-01,No,,
3,4,4414,25,m60,2017-11-01,2017-11-01,Yes,1400,,Yes,,10.1,1418,Yes,No,,,No,7-ADNI3-AMYLOIDPET,700,,FORE/2D-OSEM (Siemens),2017-10-16,,1508,,Florbetapir (Amyvid),2017-10-18,No,,
3,4,4415,50,m72,2017-11-08,2017-11-08,Yes,1519,,Yes,,11,1520,Yes,No,,,No,3PETCT_ADNI3_AV45_Bram_LM,633,,3D-OSEM (Siemens),2017-10-13,,1610,,Florbetapir (Amyvid),2017-10-13,No,,
3,4,4417,50,m60,2017-12-05,2017-12-05,Yes,1530,,Yes,,8.1,1530,Yes,No,,,No,3_PETCT_ADNI3_AV45_Brain_LM,702,,3D-OSEM (Siemens),2017-09-25,,1621,,Florbetapir (Amyvid),2017-09-25,No,,
3,4,4419,16,m60,2017-05-17,2017-05-17,Yes,1407,,Yes,,9.9,1408,Yes,No,,,No,ADNI-3,630,,3D Iterative (GE),2017-04-14,,1458,,Florbetapir (Amyvid),2017-04-14,No,,
3,4,4422,49,m60,2017-03-31,2017-03-31,Yes,1126,,Yes,,9.2,1128,Yes,No,,,No,RN: ADNI3 AV-45 4X5MIN FRAMES,101,,3D-OSEM (Siemens),2017-03-24,,1218,,Florbetapir (Amyvid),2017-03-29,No,,
3,4,4424,58,m72,2017-10-26,2017-10-26,Yes,1446,,Yes,,10.6,1448,Yes,No,,,No,PTCT_Brain_3D_ADNI3_FLORBETAPIR,659,,3D Iterative (GE),2017-10-25,,1538,,Florbetapir (Amyvid),2017-10-26,No,,
3,4,4427,28,m72,2017-10-09,2017-10-09,Yes,1546,,Yes,,9.5,1556,Yes,No,,,No,Brain_F18_4x5min_ADNI3,258,,FORE/2D-OSEM (Siemens),2017-10-05,n/a,1646,,Florbetapir (Amyvid),2017-10-06,No,,
3,4,4428,37,m72,2018-01-02,2018-01-02,Yes,1429,,Yes,,11.1,1430,Yes,No,,,No,,700,,3D-OSEM (Siemens),2017-12-18,,1520,,Florbetapir (Amyvid),,No,,
3,4,4429,23,m72,2017-12-11,2017-12-11,Yes,1252,,Yes,,10,1254,Yes,No,,,No,ADNI3_AV45_20min_4F.cnfg,925,,3D-OSEM (Siemens),2017-12-08,,1344,,Florbetapir (Amyvid),2017-12-11,No,,
3,4,4430,26,m72,2017-11-28,2017-11-28,Yes,1445,,Yes,,10.2,1445,Yes,No,,,No,Amyvid_ADNI3_Brain_LM,647,,3D-OSEM (Siemens),2017-11-15,scan started at 53 minutes post injection because it required extra time to quiet the patient,1538,,Florbetapir (Amyvid),2017-11-27,No,,
3,4,4446,52,m60,2017-06-15,2017-06-15,Yes,1437,,Yes,,10.4,1439,Yes,No,,,No,ADNI F18-Florbetapir Brain ADNI-AV45-Brain,528,,FORE/2D-OSEM (Siemens),2017-06-12,,1529,,Florbetapir (Amyvid),2017-06-12,No,,
3,4,4448,18,m72,2017-12-11,2017-12-11,Yes,1514,,Yes,,8.6,1514,Yes,No,,,No,ADNI3 Florbetapir,705,,FORE/2D-OSEM (Siemens),2017-12-08,,1604,,Florbetapir (Amyvid),2017-12-11,No,,
3,4,4464,25,m72,2018-01-17,2018-01-17,Yes,1400,,Yes,,10,1350,Yes,No,,,No,,700,,FORE/2D-OSEM (Siemens),2018-01-03,,1441,,Florbetapir (Amyvid),2018-01-17,No,,
3,4,4469,41,m72,2017-11-08,2017-11-08,Yes,1405,,Yes,,10.4,1406,Yes,No,,,No,ADNI-3,643,,3D Iterative (GE),2017-11-06,,1456,,Florbetapir (Amyvid),2017-11-07,No,,
3,4,4482,54,m72,2017-10-20,2017-11-28,Yes,1317,,Yes,,10.2,1319,Yes,No,,,No,ADNI 3 AV-45,1000,,FORE Iterative (GE),2017-10-17,,1409,,Florbetapir (Amyvid),2017-11-03,No,,
3,4,4485,4,m60,2017-09-21,2017-09-21,Yes,1205,,Yes,,8.7,1205,Yes,No,,,No,PETCT_ADNI3_Brain,530,,3D-OSEM (Siemens),2017-09-12,,1255,,Florbetapir (Amyvid),2017-09-18,No,,
3,4,4488,5,m72,2017-09-28,2017-09-28,Yes,1433,,Yes,,10.1,1433,,No,,,No,BRAIN 3D:Amyvid:ADNI-3,924,,3D Iterative (GE),2017-09-22,,1523,,Florbetapir (Amyvid),,No,,
3,4,4489,52,m60,2017-06-12,2017-06-12,Yes,1452,,Yes,,10.2,1454,Yes,No,,,No,ADNI F18 Florbetapir Brain,501,,FORE/2D-OSEM (Siemens),2017-06-09,,1544,,Florbetapir (Amyvid),2017-06-09,No,,
3,4,4510,28,m72,2017-10-09,2017-10-09,Yes,1414,,Yes,,9.6,1420,Yes,No,,,No,Brain_F18_4x5min_ADNI3,258,,FORE/2D-OSEM (Siemens),2017-09-29,,1510,,Florbetapir (Amyvid),2017-09-29,No,,
3,4,4513,28,m72,2017-11-17,2017-11-17,Yes,1408,,Yes,,9.7,1416,Yes,No,,,No,Brain_F18_4x5min_ADNI3,258,,FORE/2D-OSEM (Siemens),2017-11-15,,1506,,Florbetapir (Amyvid),2017-11-16,No,,
3,4,4536,54,m72,2017-11-20,2017-11-20,Yes,1444,,Yes,,10.5,1445,Yes,No,,,No,ADNI 3 AV-45,1230,,FORE Iterative (GE),2017-11-02,,1535,,Florbetapir (Amyvid),2017-11-03,No,,
3,4,4538,26,m60,2017-11-08,2017-11-08,Yes,1450,,Yes,,10,1451,Yes,No,,,No,Amyvid_ADNI3_Brain_LM (Adult),541,,3D-OSEM (Siemens),2017-10-31,,1541,,Florbetapir (Amyvid),2017-11-08,No,,
3,4,4547,8,m60,2017-09-01,2017-10-24,Yes,1244,,Yes,,10.5,1245,Yes,No,,,No,CCIR_00931_ADNI3_AV45,811,,FORE/2D-OSEM (Siemens),2017-08-30,,1335,,Florbetapir (Amyvid),2017-09-01,No,,
3,4,4548,14,m60,2017-06-27,2017-06-27,Yes,1448,,Yes,,10.7,1450,Yes,No,,,No,ADNI3-(Florbetapir) 4x5,802,,3D Iterative (GE),2017-06-27,,1440,,Florbetapir (Amyvid),2017-06-27,No,,
3,4,4576,11,m60,2017-10-09,2017-10-09,Yes,1302,,Yes,,10,1302,Yes,No,,,No,ADNI 3,736,,3D or LOR Ramla (Philips),2017-10-09,,1302,Yes,Florbetapir (Amyvid),2017-10-09,No,,
3,4,4587,54,m72,2017-12-14,2017-12-14,Yes,1521,,Yes,,10.8,1522,Yes,No,,,No,ADNI 3 AV45,815,,3D Iterative (GE),2017-12-12,,1612,,Florbetapir (Amyvid),2017-12-12,No,,
3,4,4598,52,m60,2017-07-31,2017-07-31,Yes,1507,,Yes,,9,1510,Yes,No,,,No,ADNI_AV45_Brain,525,,FORE/2D-OSEM (Siemens),2017-07-25,,1600,,Florbetapir (Amyvid),2017-07-26,No,,
3,4,4604,47,m60,2017-08-04,2017-08-04,Yes,1513,,Yes,,10.4,1514,Yes,No,,,No,ADNI AV45,400,,FORE/2D-OSEM (Siemens),2017-08-01,,1604,,Florbetapir (Amyvid),2017-08-04,No,,
3,4,4612,6,m60,2017-07-27,2017-07-27,,,,No,,,,,,Participant unwilling,,,,,No,,,,,,,,,,
3,4,4620,5,m72,2017-12-08,2017-12-08,Yes,1430,,Yes,,10.7,1430,Yes,No,,,No,,538,,3D Iterative (GE),2017-12-06,,1520,,Florbetapir (Amyvid),2017-12-07,No,,
3,4,4637,5,m60,2017-10-17,2017-10-17,Yes,1428,,Yes,,10.2,1428,Yes,No,,,No,brain 3D Amyvid: ADNI3,527,,3D Iterative (GE),2017-10-10,,1518,,Florbetapir (Amyvid),2017-10-11,No,,
3,4,4644,2,m60,2018-03-02,2018-03-02,Yes,1449,,Yes,,10.3,1450,Yes,No,,,No,ADNI 3 Florbetapir-LM,455,,3D-OSEM (Siemens),2018-03-01,,1540,,Florbetapir (Amyvid),2018-03-01,No,,
3,4,4649,38,m72,2018-02-02,2018-02-02,Yes,1205,slight motion,Yes,,9.9,1207,Yes,Yes,,,No,3D AV45 ADNI3 BRAIN ACQUISITION,330,,FORE/2D-OSEM (Siemens),2018-01-31,,1258,,Florbetapir (Amyvid),2018-02-01,No,,
3,4,4654,1,m60,2017-05-15,2017-05-15,Yes,728,,Yes,,10.2,1508,Yes,No,,,No,PET BRAIN AV45 ADNI,,,3D or LOR Ramla (Philips),2017-05-02,,1558,Yes,Florbetapir (Amyvid),2017-05-05,No,,
3,4,4659,16,m60,,2017-06-19,Yes,1422,,Yes,,9.3,1424,Yes,No,,,No,ADNI-3,624,,3D Iterative (GE),2017-06-09,,1514,,Florbetapir (Amyvid),2017-06-12,No,,
3,4,4674,19,m60,2017-06-27,2017-06-27,Yes,1245,,Yes,,10.1,1247,Yes,No,,,No,Project 322 (ADNI3) Delayed AV-45,458,,FORE/2D-OSEM (Siemens),2017-06-27,,1337,,Florbetapir (Amyvid),2017-06-27,No,,
3,4,4706,27,m60,2017-11-10,2017-11-10,Yes,1222,,Yes,,9,1223,Yes,No,,,No,2016_00233_ADNI3_AV45_Adult,830,,FORE/2D-OSEM (Siemens),2017-11-03,,1313,,Florbetapir (Amyvid),2017-11-03,No,,
3,4,4715,26,m60,2017-10-13,2017-10-13,Yes,1458,,Yes,,9.7,1500,Yes,No,,,No,Amyvid_ADNI3_Brain_LM (adult),553,,3D-OSEM (Siemens),2017-10-10,Repeat partial scan on prior patients due to motion caused delay,1554,,Florbetapir (Amyvid),2017-10-13,No,,
3,4,4722,52,m60,2017-06-26,2017-06-26,Yes,1444,,Yes,,10.2,1450,Yes,No,,,No,ADNI F18 Forbetapir Brain,525,,FORE/2D-OSEM (Siemens),2017-06-20,,1540,,Florbetapir (Amyvid),2017-06-21,No,,
3,4,4723,52,m60,2017-06-26,2017-06-26,Yes,1558,,Yes,,10.4,1601,Yes,No,,,No,ADNI F18 Florbetapir Brain,525,,FORE/2D-OSEM (Siemens),2017-06-20,,1652,,Florbetapir (Amyvid),2017-06-21,No,,
3,4,4744,16,m60,2017-07-28,2017-07-28,Yes,1438,,Yes,,10,1439,Yes,No,,,No,ADNI-3,635,,3D Iterative (GE),2017-07-21,,1529,,Florbetapir (Amyvid),2017-07-24,No,,
3,4,4765,47,m60,2017-06-07,2017-06-07,Yes,1434,,Yes,,11,1435,Yes,No,,,No,ADNI-AV45,400,,FORE/2D-OSEM (Siemens),2017-06-02,,1525,,Florbetapir (Amyvid),2017-06-07,No,,
3,4,4767,33,m60,2017-06-26,2017-06-26,Yes,1341,,Yes,,10.5,1343,Yes,No,,,No,AV_45_ADNI_2_LM (Adult),716,,FORE/2D-OSEM (Siemens),2017-06-05,,1433,,Florbetapir (Amyvid),2017-06-07,No,,
3,4,4782,33,m60,2017-09-11,2017-09-11,Yes,1246,,Yes,,10.2,1247,Yes,No,,,No,AV_45_ADNI_2_LM (Adult),709,,FORE/2D-OSEM (Siemens),2017-09-06,,1337,,Florbetapir (Amyvid),2017-09-10,No,,
3,4,4785,25,m48,2017-11-15,2017-11-15,Yes,1431,,Yes,,10.4,1431,Yes,No,,,No,7-ADNI_3_FLORBETAPIR,653,,FORE/2D-OSEM (Siemens),2017-11-09,,1521,,Florbetapir (Amyvid),2017-11-14,No,,
3,4,4799,1,m60,2017-05-24,2017-05-24,Yes,1511,,Yes,,10.9,1512,Yes,No,,,No,PET BRAIN AV45 ADNI,654,,3D or LOR Ramla (Philips),2017-05-18,,1603,Yes,Florbetapir (Amyvid),2017-05-19,No,,
3,4,4817,50,m60,2017-05-31,2017-05-31,Yes,1454,,Yes,,10.4,1454,Yes,No,,,No,3_PETCT_ADNI3_AV45_Brain_LM,640,,3D-OSEM (Siemens),2017-05-18,,1544,,Florbetapir (Amyvid),2017-05-18,No,,
3,4,4827,8,m60,2017-09-19,2017-09-19,Yes,1309,,Yes,,10.4,1309,Yes,No,,,No,CCIR_00931_ADNI3_AV45,824,,FORE/2D-OSEM (Siemens),2017-08-28,,1359,,Florbetapir (Amyvid),2017-09-14,No,,
3,4,4835,14,m60,2017-08-02,2017-08-02,Yes,1451,,Yes,,10.4,1453,Yes,No,,,No,ADNI3-(Florbetapir) 4x5,1315,,3D Iterative (GE),2017-07-27,,1543,,Florbetapir (Amyvid),2017-07-28,No,,
3,4,4868,13,m60,2017-09-19,2017-09-25,Yes,1425,,Yes,,9.8,1426,Yes,No,,,No,AV-45 BRAIN1 3D EMISSION,756,,FORE Iterative (GE),2017-09-15,,1516,,Florbetapir (Amyvid),2017-09-19,No,,
3,4,4869,20,m48,2017-05-15,2017-05-15,Yes,1458,Pt needed head propped,Yes,,10.5,1500,Yes,No,,,No,UISP_ADNI3_AMYVID,552,,3D or LOR Ramla (Philips),2017-05-03,,1553,,Florbetapir (Amyvid),2017-05-03,No,,
3,4,4873,20,m48,2017-05-31,2017-05-31,,,,No,,,,,,Withdrawn consent,,,,,No,,,,,,,,,,
3,4,4874,28,m60,2017-08-30,2017-09-14,Yes,1358,,Yes,,9.7,1407,Yes,No,,,No,Brain-F18-4X5min-ADNI3,1458,,FORE/2D-OSEM (Siemens),2017-08-14,,1457,,Florbetapir (Amyvid),2017-08-15,No,,
3,4,4876,28,m60,2017-07-11,2017-07-11,Yes,1545,,Yes,,9.7,1553,Yes,No,,,No,Brain_F18_4x5min-ADNI3,258,,FORE/2D-OSEM (Siemens),2017-07-03,,1643,,Florbetapir (Amyvid),2017-07-05,No,,
3,4,4889,13,m60,2017-12-04,2017-12-04,,,participant agreed to PET scans at a later visit,No,,,,,,Participant unwilling,,,,,No,,,,,,,,,,
3,4,4893,8,m60,2017-11-10,2017-11-10,Yes,1238,,Yes,,10.1,1242,Yes,No,,,No,CCIR_00931_ADNI3_AV45,725,,3D-OSEM (Siemens),2017-11-01,,1332,,Florbetapir (Amyvid),2017-11-02,No,,
3,4,4900,2,m60,2017-11-09,2017-11-09,Yes,1429,,Yes,,9.1,1430,Yes,No,,,No,3_ADNI3_FLORBETAPIR_LM,450,,3D-OSEM (Siemens),2017-10-30,,1522,,Florbetapir (Amyvid),2017-10-31,No,,
3,4,4919,20,m48,2017-02-01,2017-02-01,Yes,1506,,Yes,,10.7,1807,Yes,No,,,No,UISP_ADNI-3 AMYVID,546,,3D or LOR Ramla (Philips),2017-01-31,,1559,Yes,Florbetapir (Amyvid),2017-01-31,No,,
3,4,4926,20,m48,2017-05-31,2017-05-31,,,,No,,,,,,Withdrawn consent,,,,,No,,,,,,,,,,
3,4,4928,47,m60,2017-09-05,2017-09-05,Yes,1327,,Yes,,10.5,1328,Yes,No,,,No,ADNI AV45,400,,FORE/2D-OSEM (Siemens),2017-09-01,,1418,,Florbetapir (Amyvid),2017-09-05,No,,
3,4,4951,12,m48,2017-02-21,2017-02-21,Yes,1609,,Yes,,10.2,1610,Yes,No,,,No,ADNI3,730,,FORE/2D-OSEM (Siemens),2017-02-14,Technologist inadvertently started scan 49" after injection,1659,,Florbetapir (Amyvid),2017-02-14,No,,
3,4,4952,12,m48,2017-02-21,2017-02-21,Yes,1529,,Yes,,9.8,1530,Yes,No,,,No,ADNI3,730,,FORE/2D-OSEM (Siemens),2017-02-14,Scan delayed due to improper scheduling,1628,,Florbetapir (Amyvid),2017-02-14,No,,
3,4,4974,28,m60,2017-08-30,2017-09-14,Yes,1255,head on extra cushion for comfort,Yes,,9,1302,Yes,No,,,No,Brain F18 4x5 minutes ADNI3,258,,FORE/2D-OSEM (Siemens),2017-08-24,,1352,,Florbetapir (Amyvid),2017-08-24,No,,
3,4,5004,17,m48,2017-03-24,2017-03-24,Yes,1350,,Yes,,8.1,1550,Yes,No,,,No,825666 Brain AV45 DYN,739,,3D or LOR Ramla (Philips),2017-03-21,,1640,Yes,Florbetapir (Amyvid),2017-03-22,No,,
3,4,5078,28,m48,2017-08-30,2017-09-14,Yes,1218,,Yes,,9.3,1233,Yes,No,,,No,brain F18 4x5minutes ADNI3,258,,FORE/2D-OSEM (Siemens),2017-08-03,,1323,,Florbetapir (Amyvid),2017-08-03,No,,
3,4,5079,20,m48,2017-08-04,2017-08-04,Yes,1504,,Yes,,10.5,1505,Yes,No,,,No,UISP_ADNI-3 Amyvid,549,,3D or LOR Ramla (Philips),2017-08-02,,1557,No,Florbetapir (Amyvid),2017-08-02,No,,
3,4,5083,20,m48,2017-07-07,2017-07-07,Yes,1502,,Yes,,10.7,1503,Yes,No,,,No,UISP_ADNI-3 AMYVID,551,,3D or LOR Ramla (Philips),2017-06-29,57 min uptake-prior to pt. delay,1600,Yes,Florbetapir (Amyvid),2017-06-29,No,,
3,4,5091,41,m60,2018-01-31,2018-01-31,Yes,1436,after PET scan, tech checked image. Subject coughed and moved during scan.Consult and confirm w/ Dr. Meiborn that subject moved. The red0 start time is 16:06 and redo end time is 16:26,Yes,,10.7,1436,Yes,Yes,,,No,ADNI-2,630,,3D Iterative (GE),2018-01-30,,1526,,Florbetapir (Amyvid),2018-01-31,No,,
3,4,5093,20,m48,2017-07-07,2017-07-07,Yes,1504,,Yes,,10.6,1505,Yes,No,,,No,UISP_ADNI3_AMYVID,547,,3D or LOR Ramla (Philips),2017-07-05,,1556,Yes,Florbetapir (Amyvid),2017-07-05,No,,
3,4,5097,28,init,2018-02-13,2018-02-13,Yes,1220,,Yes,,9.7,1230,Yes,No,,,No,Brain_F18_4x5min_ADNI3,258,,FORE/2D-OSEM (Siemens),2018-02-06,,1320,,Florbetapir (Amyvid),2018-02-06,No,,
3,4,5100,28,m48,2017-08-01,2017-08-01,Yes,1243,,Yes,,9.7,1251,Yes,No,,,No,Brain_F18_6x5min-ADNI3,258,,FORE/2D-OSEM (Siemens),2017-07-25,,1341,,Florbetapir (Amyvid),2017-07-25,No,,
3,4,5109,20,m48,2017-09-08,2017-09-08,Yes,1509,,Yes,,9.9,1510,Yes,No,,,No,USIP_ADNI-3 AMYVID,620,,3D or LOR Ramla (Philips),2017-09-07,,1601,Yes,Florbetapir (Amyvid),2017-09-07,No,,
3,4,5113,52,m48,2017-07-10,2017-07-10,Yes,1435,,Yes,,9.9,1437,Yes,No,,,No,ADNI_AV45_Brain,500,,FORE/2D-OSEM (Siemens),2017-07-05,,1537,,Florbetapir (Amyvid),2017-07-05,No,,
3,4,5118,20,m48,2017-09-22,2017-09-22,Yes,1509,,Yes,,10.4,1510,Yes,No,,,No,UISP_ADNI-3 Amyvid,558,,3D or LOR Ramla (Philips),2017-09-19,prior pt. delay,1608,,Florbetapir (Amyvid),2017-09-20,No,,
3,4,5124,59,m60,2018-02-20,2018-02-23,Yes,1345,,Yes,,11,1345,Yes,No,,,No,ADNI3 Florbetapir/Florbetaben,733,,3D Iterative (GE),2018-02-19,,1435,,Florbetapir (Amyvid),2018-02-23,No,,
3,4,5126,27,m48,2017-06-16,2017-06-16,Yes,1359,Subtle movement frames 1-4, pt. snoring during study,Yes,,10.4,1359,Yes,Yes,,,No,,800,,FORE/2D-OSEM (Siemens),2017-05-08,,1449,,Florbetapir (Amyvid),,No,,
3,4,5130,2,m60,2017-12-08,2017-12-08,Yes,1428,,Yes,,9.4,1429,,No,,,No,3_ADNI3_FLORBETAPIR_LM,455,,3D-OSEM (Siemens),2017-12-06,,1519,,Florbetapir (Amyvid),,No,,
3,4,5132,47,m48,2017-05-25,2017-05-25,Yes,1415,,Yes,,10.8,1416,Yes,No,,,No,ADNI AV45,400,,FORE/2D-OSEM (Siemens),2017-05-24,,1506,,Florbetapir (Amyvid),2017-05-24,No,,
3,4,5140,15,m48,2018-03-02,2018-03-02,Yes,1529,,Yes,,10,1530,Yes,No,,,No,,700,,3D-OSEM (Siemens),2018-02-15,,1620,,Florbetapir (Amyvid),2018-03-02,No,,
3,4,5169,20,m48,2017-09-22,2017-09-22,Yes,1500,,Yes,,9.9,1500,Yes,No,,,No,UISP-ADNI3 amyvid,553,,3D or LOR Ramla (Philips),2017-09-21,,1550,,Florbetapir (Amyvid),2017-09-21,No,,
3,4,5175,50,m48,2017-07-05,2017-07-05,Yes,1456,,Yes,,10.8,1456,Yes,No,,,No,3PETCT_ADNI3_AV45_Brain_LM,646,,3D-OSEM (Siemens),2017-06-22,,1546,,Florbetapir (Amyvid),2017-06-22,No,,
3,4,5176,6,m48,2017-10-04,2017-10-04,Yes,1302,,Yes,,9.2,1302,Yes,No,,,No,ADNI3,800,,FORE Iterative (GE),2017-10-03,,1352,,Florbetapir (Amyvid),2017-10-13,No,,
3,4,5177,16,m48,2017-06-29,2017-06-29,Yes,1429,,Yes,,10.4,1430,Yes,No,,,No,ADNI-3,634,,3D Iterative (GE),2017-06-23,,1520,,Florbetapir (Amyvid),2017-06-26,No,,
3,4,5178,1,m48,2017-06-08,2017-06-08,Yes,1530,,Yes,,10.2,1531,Yes,No,,,No,,734,,3D or LOR Ramla (Philips),2017-06-05,Clinical patient scheduled before delayed scan start time,1633,Yes,Florbetapir (Amyvid),2017-06-07,No,,
3,4,5185,47,m48,2017-09-05,2017-09-05,Yes,1524,,Yes,,10.8,1525,Yes,No,,,No,ADNI AV45,400,,FORE/2D-OSEM (Siemens),2017-08-31,,1615,,Florbetapir (Amyvid),2017-09-05,No,,
3,4,5193,59,m48,2017-07-19,2017-07-19,Yes,1604,dose was 2.5 hrs late. Inj. dose was 7.0mCi.
Uploaded late due to Fedex misplacing package.,Yes,,7,1604,Yes,No,,,Yes,adni3,721,,3D Iterative (GE),2017-07-14,,1654,,Florbetapir (Amyvid),2017-07-19,No,,
3,4,5194,16,m48,2017-07-28,2017-07-28,Yes,1428,,Yes,,10.6,1424,Yes,No,,,No,ADNI-3,651,,3D Iterative (GE),2017-07-17,,1519,,Florbetapir (Amyvid),2017-07-18,No,,
3,4,5198,24,m48,2017-12-04,2017-12-04,Yes,1225,,Yes,,10.9,1225,Yes,No,,,No,1.14 ADNI DYN 3D Brain,947,,FORE Iterative (GE),2017-11-27,,1314,,Florbetapir (Amyvid),2017-11-27,No,,
3,4,5200,47,m48,2017-06-30,2017-06-30,Yes,1520,,Yes,,10.6,1522,Yes,No,,,No,ADNI AV45,400,,FORE/2D-OSEM (Siemens),2017-06-27,,1612,,Florbetapir (Amyvid),2017-06-30,No,,
3,4,5203,15,m48,2017-11-29,2017-11-29,Yes,1529,,Yes,,10,1530,,No,,,No,,700,,3D-OSEM (Siemens),2017-11-21,,1620,,Florbetapir (Amyvid),,No,,
3,4,5222,27,m48,2017-05-15,2017-05-15,Yes,1117,,Yes,,9.7,1118,Yes,No,,,No,2016_00233_ADNI3_AV45_Aduct,800,,FORE/2D-OSEM (Siemens),2017-05-08,,1208,,Florbetapir (Amyvid),,No,,
3,4,5228,47,m48,2017-09-29,2017-09-29,Yes,1526,,Yes,,10.6,1526,Yes,No,,,No,ADNI AV45,400,,FORE/2D-OSEM (Siemens),2017-09-26,,1616,,Florbetapir (Amyvid),2017-09-29,No,,
3,4,5230,1,m48,2017-08-16,2017-08-16,Yes,1503,,Yes,,10.8,1504,Yes,No,,,No,PET Brain AV45 ADNI/RESEARCH,734,,3D or LOR Ramla (Philips),2017-08-10,,1554,Yes,Florbetapir (Amyvid),2017-08-14,No,,
3,4,5234,43,m48,2018-02-09,2018-02-09,Yes,1046,,Yes,,10.5,1055,Yes,No,,,No,ADNI3 PET/CT Brain,630,,3D or LOR Ramla (Philips),2018-02-06,,1146,Yes,Florbetapir (Amyvid),2018-02-09,No,,
3,4,5236,16,m48,2017-07-21,2017-07-28,Yes,1350,,Yes,,9.8,1351,Yes,No,,,No,ADNI-3,633,,3D Iterative (GE),2017-07-20,,1441,,Florbetapir (Amyvid),2017-07-21,No,,
3,4,5237,16,m48,2017-08-16,2017-08-16,Yes,1420,,Yes,,10.6,1421,Yes,No,,,No,ADNI-3,638,,3D Iterative (GE),2017-08-08,,1511,,Florbetapir (Amyvid),2017-08-09,No,,
3,4,5253,28,m48,2017-09-15,2017-09-15,Yes,1225,,Yes,,9.6,1234,Yes,No,,,No,Brain_F18_4x5min_ADNI3,258,,FORE/2D-OSEM (Siemens),2017-09-14,,1324,,Florbetapir (Amyvid),2017-09-14,No,,
3,4,5258,50,m48,2017-09-07,2017-09-07,Yes,1510,,Yes,,10.8,1511,Yes,No,,,No,3_PETCT_ADNI3_AV45_Brain_LM,630,,3D-OSEM (Siemens),2017-07-07,,1601,,Florbetapir (Amyvid),2017-07-07,No,,
3,4,5259,24,m48,2017-12-15,2017-12-15,Yes,1137,,Yes,,10.9,1138,Yes,No,,,No,,708,,FORE Iterative (GE),2017-12-05,,1228,,Florbetapir (Amyvid),2017-12-05,No,,
3,4,5265,5,m48,2017-09-29,2017-09-29,Yes,1432,,Yes,,10.3,1432,,No,,,No,,529,,3D Iterative (GE),2017-09-19,,1522,,Florbetapir (Amyvid),,No,,
3,4,5266,47,m48,2017-08-21,2017-08-21,Yes,1528,,Yes,,10.5,1529,Yes,No,,,No,ADNI AV45,400,,FORE/2D-OSEM (Siemens),2017-08-18,,1619,,Florbetapir (Amyvid),2017-08-21,No,,
3,4,5277,20,m48,2017-09-08,2017-09-08,Yes,1523,,Yes,,8.7,1524,Yes,No,,,No,UISP_ADNI3 AMYVID,547,,3D or LOR Ramla (Philips),2017-09-06,,1615,Yes,Florbetapir (Amyvid),2017-09-07,No,,
3,4,5278,37,m48,2018-03-05,2018-03-05,Yes,1535,,Yes,,9.2,1537,Yes,No,,,No,AV45 DOD ADNI-LM,710,,3D-OSEM (Siemens),2018-02-28,PET Center: Pt. arrived on the wrong date for scan, so we could not start his scan on time, due to other scheduled patients ahead of him.

SC addendum: Please note that the nuclear medicine center made an error in scheduling. This was the reason for the d,1704,,Florbetapir (Amyvid),2018-03-02,Yes,delayed start time,
3,4,5288,20,m48,2018-01-18,2018-01-18,Yes,1448,,Yes,,10.9,1449,Yes,No,,,No,UISP_ADNI-3 AMYVID,550,,3D or LOR Ramla (Philips),2018-01-10,,1539,Yes,Florbetapir (Amyvid),2018-01-10,No,,
3,4,5289,23,m36,2017-05-16,2017-05-16,Yes,1405,,Yes,,10.3,1406,Yes,No,,,No,ADNI3_AV45.20min_4F.cnfg,834,,3D-OSEM (Siemens),2017-05-09,Start time is 14:55:46 (14 seconds early); Misread instructions,1455,,Florbetapir (Amyvid),2017-05-10,No,,
3,4,5290,19,m48,2017-09-11,2017-09-11,Yes,1239,,Yes,,10.3,1241,Yes,No,,,No,Project 322 (ADNI3) Delayed AV-45,458,,FORE/2D-OSEM (Siemens),2017-09-11,,1331,,Florbetapir (Amyvid),2017-09-11,No,,
4,4,6001,20,bl,2017-03-14,2017-03-28,Yes,1550,,Yes,8.4,,1551,Yes,No,,,No,UISP_ADNI3 FLORBETABEN,556,,3D or LOR Ramla (Philips),2017-03-07,,1721,Yes,Florbetaben (Neuraceq),2017-03-07,No,,
4,4,6002,20,bl,2017-05-15,2017-05-15,Yes,1534,,Yes,7.4,,1535,Yes,No,,,No,UISP_ADNI-3 FLORBETABEN,552,,3D or LOR Ramla (Philips),2017-03-28,,1650,Yes,Florbetaben (Neuraceq),2017-03-28,No,,
4,4,6005,19,bl,2017-04-20,2017-04-20,Yes,1257,Florbetaben dose injected was 6.46 mCi which is outside the range of 8.1 +/- 1-%. After injection there was a 1.7 mCi residual in the syringe and cap.,Yes,6.5,,1259,Yes,No,,,No,1 Project 322 Florbetaben,646,,FORE/2D-OSEM (Siemens),2017-04-19,,1429,,Florbetaben (Neuraceq),2017-04-19,No,,
4,4,6007,1,bl,2017-05-03,2017-05-03,Yes,1511,,Yes,,11.1,1513,Yes,No,,,No,PET BRAIN AV45 ADNI,659,,3D or LOR Ramla (Philips),2017-04-27,,1603,Yes,Florbetapir (Amyvid),2017-04-28,No,,
4,4,6008,55,bl,2017-05-26,2017-05-31,Yes,1421,,Yes,,8,1423,Yes,No,,,No,RIH_STUDY_ATRI_ADNI3_FLORBETAPIR,632,,3D-OSEM (Siemens),2017-05-23,,1513,,Florbetapir (Amyvid),2017-05-25,No,,
4,4,6009,1,bl,2017-06-02,2017-06-02,Yes,1537,,Yes,,9.9,1538,Yes,No,,,No,PET_BRAIN_AV45_ADNI,721,,3D or LOR Ramla (Philips),2017-05-16,,1628,Yes,Florbetapir (Amyvid),2017-05-17,No,,
4,4,6013,17,bl,2017-06-05,2017-06-27,Yes,1228,,Yes,7.1,,1229,Yes,No,,,No,82566 Brain DYN,724,,3D or LOR Ramla (Philips),2017-05-30,,1359,Yes,Florbetaben (Neuraceq),2017-06-02,Yes,Injected amount out of 10% window due to high residual, despite flushing syringe with saline. However, the injected amount (7.144) is more than 50% of the 8.1mci target so scan was conducted.,
4,4,6015,55,bl,2017-05-31,2017-06-02,Yes,1429,,Yes,7.8,,1430,Yes,No,,,No,RIH_STUDY_ATRI_ADNI3_FLORBETABEN,638,,3D-OSEM (Siemens),2017-05-24,,1600,,Florbetaben (Neuraceq),2017-05-25,No,,
4,4,6016,40,bl,2017-08-24,2017-11-17,Yes,1013,N/A,Yes,,9.2,1015,Yes,No,,,No,ADNI 3 AV45 4X300 Sec,638,,3D-OSEM (Siemens),2017-08-17,N/A,1105,,Florbetapir (Amyvid),2017-08-18,No,,
4,4,6019,50,bl,2017-09-07,2017-11-27,Yes,1525,,Yes,8.3,,1525,Yes,No,,,No,3_PETCT_ADNI3_Florbetaben_Brain_LM,616,,3D-OSEM (Siemens),2017-08-23,,1655,,Florbetaben (Neuraceq),2017-08-24,No,,
4,4,6024,47,bl,2017-11-30,2017-11-30,Yes,1503,,Yes,8.5,,1504,Yes,No,,,No,ADNI Florbetaben,400,,FORE/2D-OSEM (Siemens),2017-11-28,,1634,,Florbetaben (Neuraceq),2017-11-30,No,,
4,4,6025,40,bl,2017-09-27,2017-09-27,Yes,1145,,Yes,,9.2,1148,Yes,No,,,No,ADNI 3 AV45 4x300 sec,642,,3D Iterative (GE),2017-09-26,,1237,,Florbetapir (Amyvid),2017-09-27,No,,
4,4,6027,50,bl,2017-11-17,2017-11-17,Yes,1535,,Yes,7.9,,1536,Yes,No,,,No,3PETCT_ADNI3_Florbetaben_Brain_LM,617,,3D-OSEM (Siemens),2017-11-14,,1706,,Florbetaben (Neuraceq),2017-11-14,No,,
4,4,6030,1,bl,2017-07-31,2017-07-31,Yes,1521,,Yes,,10.7,1524,Yes,No,,,No,PET BRAIN AV45ADNI,739,,3D or LOR Ramla (Philips),2017-07-25,,1614,Yes,Florbetapir (Amyvid),2017-07-27,No,,
4,4,6031,27,bl,2017-08-23,2017-08-23,Yes,1103,*Movement in all frames,Yes,,10,1104,Yes,Yes,,,No,2016_00233_ADNI3_AV45_ADULT,800,,FORE/2D-OSEM (Siemens),2017-08-15,,1154,,Florbetapir (Amyvid),2017-08-14,No,,
4,4,6032,27,bl,2017-07-21,2017-08-01,Yes,1429,Injected dose fell below the 10% minimum dose Neuraceq is very sticky and residual is very unpredictable.,Yes,7.2,,1430,Yes,No,,,Yes,2016_00233_ADNI3_Neuraceq(Adult),830,,FORE/2D-OSEM (Siemens),2017-06-29,,1600,,Florbetaben (Neuraceq),2017-06-30,No,,
4,4,6033,19,bl,2017-06-29,2017-06-29,Yes,1327,,Yes,7.2,,1328,Yes,No,,,No,Project 322 (ADNI3) Delayed Florbetaben,458,,FORE/2D-OSEM (Siemens),2017-06-28,,1458,,Florbetaben (Neuraceq),2017-06-29,No,,
4,4,6034,20,bl,2017-10-09,2017-10-09,Yes,1454,,Yes,8.8,,1455,Yes,No,,,No,UISP_ADNI-3_FLORBETABEN,552,,3D or LOR Ramla (Philips),2017-10-03,,1625,Yes,Florbetaben (Neuraceq),2017-10-03,No,,
4,4,6037,50,bl,2017-09-07,2017-09-07,Yes,1526,,Yes,7.6,,1527,Yes,No,,,No,3_PETCT_ADNI3_flobetaben_Brain_LM,619,,3D-OSEM (Siemens),2017-08-02,,1657,,Florbetaben (Neuraceq),2017-08-02,No,,
4,4,6038,40,bl,2017-12-01,2017-12-01,Yes,1157,,Yes,,9.4,1208,Yes,No,,,No,ADNI3 AV45 4x300 sec,708,,3D Iterative (GE),2017-11-30,,1258,,Florbetapir (Amyvid),2017-12-01,No,,
4,4,6039,43,bl,2017-08-30,2017-08-30,Yes,1056,,Yes,,10,1057,Yes,No,,,No,ADNI3-PET/CT Brain,635,,3D or LOR Ramla (Philips),2017-08-24,,1147,Yes,Florbetapir (Amyvid),2017-08-30,No,,
4,4,6041,55,bl,2017-09-14,2017-09-22,Yes,1345,,Yes,8.2,,1347,Yes,No,,,No,RIH_STUDY_ATRI_ADNI3_FLORBETABEN,634,,3D-OSEM (Siemens),2017-09-13,,1518,,Florbetaben (Neuraceq),2017-09-14,No,,
4,4,6043,50,bl,2017-11-17,2017-11-17,Yes,1454,,Yes,7.9,,1455,Yes,No,,,No,3_PETCT_ADNI3_florbetaben_Brain_LM,617,,3D-OSEM (Siemens),2017-11-14,,1625,,Florbetaben (Neuraceq),2017-11-14,No,,
4,4,6044,59,bl,2017-07-20,2017-07-20,Yes,1303,,Yes,7.4,,1303,Yes,No,,,No,ADNI3 FLORBETAPIR/FLORBETABEN,827,,3D Iterative (GE),2017-07-19,,1433,,Florbetaben (Neuraceq),2017-07-20,No,,
4,4,6045,33,bl,2017-08-28,2017-08-28,Yes,1233,,Yes,8.4,,1234,Yes,No,,,No,AV_45_ADNI_2_LM (Adult),706,,FORE/2D-OSEM (Siemens),2017-08-10,,1404,,Florbetaben (Neuraceq),2017-08-15,No,,
4,4,6047,50,bl,2017-09-07,2017-09-07,Yes,1453,,Yes,8.4,,1454,Yes,No,,,No,PET3_PETCT_ADNI3_florbetaben_Brain_LM,616,,3D-OSEM (Siemens),2017-08-24,,1624,,Florbetaben (Neuraceq),2017-08-24,No,,
4,4,6052,59,bl,2017-08-03,2017-08-03,Yes,1347,,Yes,7.4,,1347,Yes,No,,,No,ADNI3 Florbetapir-Florbetaben,755,,3D Iterative (GE),2017-08-02,,1517,,Florbetaben (Neuraceq),2017-08-03,No,,
4,4,6053,1,bl,2017-08-31,2017-08-31,Yes,1511,,Yes,,10.5,1515,Yes,No,,,No,PET BRAIN AV45 ADNI/RESEARCH,707,,3D or LOR Ramla (Philips),2017-08-23,,1603,Yes,Florbetapir (Amyvid),2017-08-28,No,,
4,4,6054,59,bl,2017-08-23,2017-08-23,Yes,1327,,Yes,8,,1327,Yes,No,,,No,Florbetapir-Florbetaben,755,,3D Iterative (GE),2017-08-08,,1457,,Florbetaben (Neuraceq),2017-08-10,No,,
4,4,6056,61,bl,2017-08-31,2017-08-31,Yes,1110,Getting access to upload data,Yes,,10.3,1111,No,No,,,No,ADNI3_3D_Brain_Florbetapir,800,,3D Iterative (GE),2017-08-30,,1201,,Florbetapir (Amyvid),,No,,
4,4,6057,43,bl,2018-03-06,2018-03-06,Yes,1100,Raw data archived to local. Transferred to LONI 3/6/18-did not receive the disk until this date.,Yes,,10.5,1100,Yes,No,,,No,ADNI3 PET/CT Brain,630,,3D or LOR Ramla (Philips),2018-03-01,,1150,Yes,Florbetapir (Amyvid),2018-03-06,No,,
4,4,6058,59,bl,2017-09-21,2017-09-21,Yes,1335,,Yes,8.1,,1335,Yes,No,,,No,ADNI3 Florbetapir-Florbetaben,705,,3D Iterative (GE),2017-08-16,,1505,,Florbetaben (Neuraceq),2017-08-17,No,,
4,4,6059,58,bl,2017-12-21,2017-12-21,Yes,1431,,Yes,,10.8,1432,Yes,No,,,No,PTCT_Brain_3D_ADNI3_FLORBETAPIR,730,,3D Iterative (GE),2017-12-20,,1523,,Florbetapir (Amyvid),2017-12-21,No,,
4,4,6061,55,bl,2017-09-13,2017-09-13,Yes,1417,,Yes,8.8,,1422,Yes,No,,,No,RIH_STUDY_ATRI_ADNI3_FLORBETABEN,639,,3D-OSEM (Siemens),2017-09-12,,1552,,Florbetaben (Neuraceq),2017-09-13,No,,
4,4,6062,58,bl,2017-12-15,2017-12-15,Yes,1515,Patient sneezed halfway through scan,Yes,,10.8,1515,Yes,Yes,,,No,PTCT_Brain_3D_ADNI3_FLORBETAPIR,818,,3D Iterative (GE),2017-12-13,,1605,,Florbetapir (Amyvid),2017-12-14,No,,
4,4,6065,58,bl,2017-11-30,2017-11-30,Yes,1455,,Yes,,10.3,1456,Yes,No,,,No,PTCT_Brain_3D_ADNI3_FLORBETAPIR,707,,3D Iterative (GE),2017-11-28,,1546,,Florbetapir (Amyvid),2017-11-29,No,,
4,4,6066,1,bl,2017-09-22,2017-09-22,Yes,1458,,Yes,,10.3,1500,Yes,No,,,No,AV45 ADNI,734,,3D or LOR Ramla (Philips),2017-09-06,,1550,Yes,Florbetapir (Amyvid),2017-09-07,No,,
4,4,6067,2,bl,2018-03-05,2018-03-05,Yes,1412,,Yes,,9.9,1413,Yes,No,,,No,PET_3_ADNI3_Florbetapir_LM,508,,3D-OSEM (Siemens),2017-10-13,,1503,,Florbetapir (Amyvid),2017-10-16,No,,
4,4,6068,59,bl,2017-08-30,2017-08-30,Yes,1324,,Yes,10.5,,1326,Yes,No,,,No,ADNI3 Florbetaben,710,,3D Iterative (GE),2017-08-29,,1456,,Florbetaben (Neuraceq),2017-08-30,No,,
4,4,6069,17,bl,2017-09-20,2017-09-20,Yes,1430,,Yes,8.7,,1430,Yes,No,,,No,825666 Brain Amyloid DYN,731,,3D or LOR Ramla (Philips),2017-09-14,,1600,Yes,Florbetaben (Neuraceq),2017-09-15,No,,
4,4,6072,50,bl,2017-09-20,2017-09-20,Yes,1525,,Yes,8.5,,1525,Yes,No,,,No,3-petct-adni3-florbetaben-brain-lm,617,,3D-OSEM (Siemens),2017-09-14,,1655,,Florbetaben (Neuraceq),2017-09-14,No,,
4,4,6073,9,bl,2017-10-27,2017-10-27,Yes,1259,,Yes,,10.8,1300,Yes,No,,,No,ADNI2 AV45,504,,3D Iterative (GE),2017-10-12,,1351,,Florbetapir (Amyvid),2017-10-12,No,,
4,4,6075,55,bl,2017-10-12,2017-10-12,Yes,1429,,Yes,8.8,,1433,Yes,No,,,No,RIH_STUDY_ATRI_ADNI3_FLORBETABEN,654,,3D-OSEM (Siemens),2017-10-10,,1603,,Florbetaben (Neuraceq),2017-10-12,No,,
4,4,6076,11,bl,2017-10-18,2017-10-18,Yes,1215,,Yes,7.7,,1215,Yes,No,,,No,ADNI 3,820,,3D or LOR Ramla (Philips),2017-10-18,,1345,Yes,Florbetaben (Neuraceq),2017-10-18,No,,
4,4,6080,59,bl,2017-10-23,2017-10-23,Yes,1306,,Yes,8.6,,1308,Yes,No,,,No,,710,,3D Iterative (GE),2017-10-19,,1439,,Florbetaben (Neuraceq),2017-10-23,No,,
4,4,6082,49,bl,2017-10-23,2017-10-23,Yes,1232,,Yes,,9.3,1241,Yes,No,,,No,ADNI3 AV45 4X300sec,826,,3D Iterative (GE),2017-10-20,,1331,,Florbetapir (Amyvid),2017-10-23,No,,
4,4,6083,27,bl,2018-01-02,2018-01-02,Yes,1357,,Yes,7.9,,1359,Yes,No,,,No,2016_00233_ADNI3_Neuraceq,840,,FORE/2D-OSEM (Siemens),2017-12-20,,1529,,Florbetaben (Neuraceq),2017-12-21,No,,
4,4,6085,58,bl,2017-12-06,2017-12-06,Yes,1548,,Yes,,9,1549,Yes,No,,,No,PTCT_Brain_3D_ADNI3_FLORBETAPIR,723,,3D Iterative (GE),2017-12-05,,1640,,Florbetapir (Amyvid),2017-12-06,No,,
4,4,6088,26,bl,2017-11-28,2017-11-28,Yes,1507,,Yes,,10.4,1508,Yes,No,,,No,PET CT_Amyvid_ADNI3_Brain_LM,603,,3D-OSEM (Siemens),2017-11-22,,1559,,Florbetapir (Amyvid),2017-11-28,No,,
4,4,6094,59,bl,2018-02-14,2018-02-16,Yes,1208,,Yes,7.3,,1210,Yes,No,,,No,ADNI3 Florbetaben,610,,3D Iterative (GE),2017-11-07,89 min incubation, not 90, due to tech error,1339,,Florbetaben (Neuraceq),2017-11-10,No,,
4,4,6097,40,bl,2017-12-13,2017-12-13,Yes,1128,,Yes,,9,1131,Yes,No,,,No,ADNI 3 AV45 4x300 sec,615,,3D Iterative (GE),2017-12-11,,1221,,Florbetapir (Amyvid),2017-12-12,No,,
4,4,6103,1,bl,2017-12-04,2017-12-04,No,1431,,Yes,,10.7,1432,Yes,No,,,No,PET BRAIN AV45 ADNI,725,,3D or LOR Ramla (Philips),2017-11-21,Patient scan time delayed due to clinical schedule.,1531,Yes,Florbetapir (Amyvid),2017-12-01,No,,
4,4,6104,52,bl,2017-11-20,2017-11-20,Yes,1331,,Yes,8.2,,1334,Yes,No,,,No,ADNI_Nrceq_Brain,529,,FORE/2D-OSEM (Siemens),2017-11-14,,1504,,Florbetaben (Neuraceq),2017-11-14,No,,
4,4,6105,50,bl,2018-03-02,2018-03-02,Yes,1505,,Yes,7.9,,1506,Yes,No,,,No,3PETCT_ADNI3_Florbetaben_Brain_LM,629,,3D-OSEM (Siemens),2017-11-29,,1636,,Florbetaben (Neuraceq),2017-11-29,No,,
4,4,6110,52,bl,2017-12-04,2017-12-04,Yes,1350,,Yes,7.2,,1353,Yes,No,,,No,ADNI-Nrceq_Brain,529,,FORE/2D-OSEM (Siemens),2017-11-27,,1523,,Florbetaben (Neuraceq),2017-11-28,Yes,Does outside the range of 8.1 +/- 10%,
4,4,6115,27,bl,2018-02-19,2018-02-19,Yes,1409,motion in frame 4,Yes,8.4,,1410,Yes,Yes,,,No,2016_00233_ADNI3_Neuraceq(Adult),830,,FORE/2D-OSEM (Siemens),2018-02-07,,1540,,Florbetaben (Neuraceq),2018-02-08,No,,
4,4,6116,55,bl,2017-12-29,2017-12-29,Yes,1414,,Yes,8.03,,1418,Yes,No,,,No,RIH_STUDY_ATRI_ADNI3_FLORBETABEN,626,,3D-OSEM (Siemens),2017-12-19,,1548,,Florbetaben (Neuraceq),2017-12-26,No,,
4,4,6117,33,bl,2017-12-18,2017-12-18,Yes,1302,,Yes,8.1,,1303,Yes,No,,,No,AV_45_ADNI_2_LM (Adult),603,,3D-OSEM (Siemens),2017-12-13,,1433,,Florbetaben (Neuraceq),2017-12-14,No,,
4,4,6120,5,bl,2018-02-09,2018-02-09,Yes,1415,,Yes,8.5,,1417,Yes,No,,,No,Brain 3D: Florbetaben:ADNI3,525,,3D Iterative (GE),2017-11-28,,1547,,Florbetaben (Neuraceq),2017-11-29,No,,
4,4,6125,27,bl,2018-03-02,2018-03-02,Yes,1253,,Yes,7.4,,1254,Yes,No,,,No,2016_00233_ADNI3_Neuraceq (Adult),818,,FORE/2D-OSEM (Siemens),2018-02-27,,1424,,Florbetaben (Neuraceq),2018-02-27,No,,
4,4,6134,26,bl,2018-01-24,2018-01-24,Yes,1519,,Yes,,8.2,1523,Yes,No,,,No,PETCT_Amyvid_ADNI3_Brain_LM,525,,3D-OSEM (Siemens),2018-01-02,PET scanner went down delaying all previous patients and this patient,1625,,Florbetapir (Amyvid),2018-01-05,No,,
4,4,6136,28,bl,2018-01-05,2018-01-05,Yes,1209,,Yes,7.5,,1216,Yes,No,,,No,Brain_F18_4x5min_ADNI3,258,,3D-OSEM (Siemens),2017-12-12,91:57 emission start time - subject required more time with positioning,1348,,Florbetaben (Neuraceq),2017-12-13,No,,
4,4,6142,58,bl,2018-01-23,2018-01-23,Yes,1352,Restrained patient's head as much as possible. Patient kept moving legs and feet during scan.,Yes,,10.4,1353,Yes,Yes,,,No,PTCT_Brain_3D_ADNI3_FLORBETAPIR,734,,3D Iterative (GE),2018-01-17,,1443,,Florbetapir (Amyvid),2018-01-18,No,,
4,4,6144,27,bl,2018-01-08,2018-01-08,Yes,1523,Slight movement in all frames,Yes,8.2,,1524,Yes,Yes,,,No,2016_00233_ADNI3_Neuraceq(Adult),820,,FORE/2D-OSEM (Siemens),2018-01-03,,1656,,Florbetaben (Neuraceq),2018-01-03,No,,
4,4,6146,49,bl,2018-01-23,2018-01-23,Yes,1143,Injected activity 8.47mCi was below target dose due to small volume from radiopharmacy leading to high residual activity,Yes,,8.5,1150,Yes,No,,,Yes,ADNI3 AV45 4X300Sec,600,,3D Iterative (GE),2018-01-22,,1240,,Florbetapir (Amyvid),2018-01-23,No,,
4,4,6148,11,bl,2018-02-22,2018-02-22,Yes,1200,,Yes,8,,1200,Yes,No,,,No,ADNI 3,739,,3D or LOR Ramla (Philips),2018-02-22,,1330,Yes,Florbetaben (Neuraceq),2018-02-22,No,,
4,4,6158,2,bl,2018-02-28,2018-02-28,Yes,1423,,Yes,,9.2,1424,Yes,No,,,No,ADNI 3 Florbetapir-LM,517,,3D-OSEM (Siemens),2018-02-23,,1514,,Florbetapir (Amyvid),2018-02-26,No,,
4,4,6159,28,bl,2018-01-30,2018-01-30,Yes,1137,,Yes,8.2,,1149,Yes,No,,,No,BRain_F18_4x5min_ADNI3,258,,FORE/2D-OSEM (Siemens),2018-01-09,,1319,,Florbetaben (Neuraceq),2018-01-09,No,,
4,4,6160,25,bl,2018-02-01,2018-02-01,Yes,1339,,Yes,,10.3,1339,Yes,No,,,No,7_ADNI_3_Florbetapir,702,,FORE/2D-OSEM (Siemens),2018-01-11,The technologist panicked thinking they were approaching over 50 minutes (miscalculation) and started the scan by mistake at 41 minutes post injection.,1420,,Florbetapir (Amyvid),2018-01-18,No,,
4,4,6164,41,bl,2018-02-14,2018-02-22,Yes,1401,,Yes,8.3,,1402,Yes,No,,,No,ADNI-2,630,,3D Iterative (GE),2018-02-08,,1532,,Florbetaben (Neuraceq),2018-02-21,No,,
4,4,6168,47,bl,2018-02-21,2018-02-21,Yes,1429,,Yes,8.5,,1431,Yes,No,,,No,ADNI-Florbetaben,400,,FORE/2D-OSEM (Siemens),2018-02-13,,1601,,Florbetaben (Neuraceq),2018-02-21,No,,
4,4,6183,20,bl,2018-02-22,2018-02-22,Yes,1500,,Yes,8.6,,1502,Yes,No,,,No,UISP_ADNI-3 FLORBETAPEN,555,,3D or LOR Ramla (Philips),2018-02-15,,1632,Yes,Florbetaben (Neuraceq),2018-02-15,No,,
4,4,6184,19,bl,2018-02-15,2018-02-15,Yes,1346,,Yes,8.1,,1347,Yes,No,,,No,Project 322 Florbetaben delay (adult),650,,FORE/2D-OSEM (Siemens),2018-02-13,,1517,,Florbetaben (Neuraceq),2018-02-14,No,,
4,4,6186,14,bl,2018-03-06,2018-03-06,Yes,1448,,Yes,8.4,,1450,Yes,No,,,No,ADNI3-(Florbetaben),1137,,3D Iterative (GE),2018-02-28,,1620,,Florbetaben (Neuraceq),2018-03-05,No,,
4,4,6192,28,bl,2018-02-16,2018-02-16,Yes,1156,,Yes,7.8,,1211,Yes,No,,,No,Brain_F18_4x5min_ADNI3,258,,FORE/2D-OSEM (Siemens),2018-02-14,,1341,,Florbetaben (Neuraceq),2018-02-14,No,,
4,4,6207,13,bl,2018-02-26,2018-02-26,Yes,1427,,Yes,,9.9,1429,Yes,No,,,No,ADNI3,631,,3D Iterative (GE),2018-02-20,,1519,,Florbetapir (Amyvid),2018-02-23,No,,
4,4,6209,4,bl,2018-03-06,2018-03-06,Yes,1455,,Yes,8,,1455,Yes,No,,,No,I_PETCT_Breh_ADNI3_Florbetaben_LM,551,,3D-OSEM (Siemens),2018-02-27,,1626,,Florbetaben (Neuraceq),2018-03-05,No,,
