1,4,2,8,m144,2017-10-26,2017-10-26,,,2017-10-23,Sample usable,No,Yes,Yes,No,Sample usable,
1,4,21,8,m144,2018-02-15,2018-02-15,,,2018-02-06,Sample usable,No,Yes,Yes,No,Sample usable,
1,4,56,33,m144,2017-11-30,2017-11-30,,,2017-11-28,Sample usable,No,Yes,Yes,No,Sample usable,
1,4,59,33,m144,2018-01-12,2018-01-12,,,2017-12-12,Sample usable,No,Yes,Yes,No,Sample usable,
1,4,69,41,m144,2018-02-19,2018-02-19,,,2018-01-31,Sample usable,No,Yes,Yes,No,Sample usable,
1,4,72,45,m144,2017-10-26,2017-10-26,,,2017-10-24,Sample usable,No,Yes,Yes,No,Sample usable,
1,4,74,20,m132,2017-02-22,2017-02-22,,,2017-01-17,Sample usable,No,Yes,Yes,No,Sample usable,
1,4,96,17,m132,2017-03-23,2017-03-23,,Sample usable,2017-03-16,Sample usable,Yes,Yes,Yes,No,Sample usable,
1,4,106,45,m132,2017-11-21,2017-11-21,,Sample usable,2017-06-28,Sample usable,Yes,Yes,Yes,No,Sample usable,
1,4,112,47,m132,2017-07-12,2017-07-12,,Sample usable,2017-07-11,Sample usable,Yes,Yes,Yes,No,Sample usable,
1,4,120,20,m132,2017-03-30,2017-03-30,,,2017-03-29,Sample usable,No,Yes,Yes,No,Sample usable,
1,4,127,58,m132,2017-08-25,2017-08-25,,,2017-08-23,Sample usable,No,Yes,Yes,No,Sample usable,
1,4,150,27,m132,2017-09-11,2017-09-11,,,2017-09-05,Sample usable,No,Yes,Yes,No,Sample usable,
1,4,156,25,m144,2017-10-23,2017-10-23,,,2017-10-19,Sample usable,No,Yes,Yes,No,Sample usable,
1,4,178,16,m132,2017-05-02,2017-05-02,,,2017-04-26,Sample usable,No,Yes,Yes,No,Sample usable,
1,4,210,58,m144,2017-11-21,2017-11-21,,,2017-11-16,Sample usable,No,Yes,Yes,No,Sample usable,
1,4,259,47,m132,2017-11-02,2017-11-02,,Sample usable,2017-10-31,Sample usable,Yes,Yes,Yes,No,Sample usable,
1,4,303,27,m132,2017-04-13,2017-04-13,,,2017-04-12,Sample usable,No,Yes,Yes,No,Sample usable,
1,4,337,16,m132,2017-06-06,2017-06-06,,,2017-05-31,Sample usable,No,Yes,Yes,No,Sample usable,
1,4,337,16,m132,2017-06-16,2017-06-16,,Sample usable,2017-06-15,,Yes,No,No,No,,
1,4,377,27,m132,2017-03-23,2017-03-23,,,2017-03-13,Sample usable,No,Yes,Yes,No,Sample usable,
1,4,384,51,m132,2018-01-16,2018-01-16,,,2018-01-11,Sample usable,No,Yes,Yes,No,Sample usable,
1,4,413,1,m132,2017-06-29,2017-06-29,,,2017-06-27,Sample usable,No,Yes,Yes,No,Sample usable,
1,4,416,43,m132,2017-10-05,2017-10-05,,Sample usable,2017-07-10,Sample usable,Yes,Yes,Yes,No,Sample usable,
1,4,454,27,m132,2017-09-11,2017-09-11,,Sample usable,2017-09-07,Sample usable,Yes,Yes,Yes,No,Sample usable,
1,4,467,27,m132,2017-09-18,2017-09-18,,,2017-09-13,Sample usable,No,Yes,Yes,No,Sample usable,
1,4,473,58,m132,2017-10-26,2017-10-26,,,2017-10-23,Sample usable,No,Yes,Yes,No,Sample usable,
1,4,498,4,m132,2017-11-16,2017-11-16,,Sample usable,2017-11-10,Sample usable,Yes,Yes,Yes,No,Sample usable,
1,4,555,25,m132,2018-02-13,2018-02-13,,Sample usable,2018-02-07,Sample usable,Yes,Yes,Yes,No,Sample usable,
1,4,602,3,m132,2017-11-30,2017-11-30,,,2017-10-30,Sample usable,No,Yes,Yes,No,Sample usable,
1,4,610,3,m132,2017-09-18,2017-09-18,,Sample usable,2017-08-31,,Yes,No,No,No,,
1,4,610,3,m132,2017-09-25,2017-09-25,,,2017-08-29,Sample usable,No,Yes,Yes,No,Sample usable,
1,4,626,16,m132,2017-04-13,2017-04-13,,,2017-04-12,Sample usable,No,Yes,Yes,No,Sample usable,
1,4,677,23,m132,2017-07-24,2017-07-24,,,2017-07-18,Sample usable,No,Yes,Yes,No,Sample usable,
1,4,679,28,m132,2017-07-05,2017-07-05,,,2017-06-16,Sample usable,No,Yes,Yes,No,Sample usable,
1,4,684,47,m132,2017-08-23,2017-08-23,,,2017-08-09,Sample usable,No,Yes,Yes,No,Sample usable,
1,4,698,5,m132,2017-10-26,2017-10-26,,,2017-10-09,Sample usable,No,Yes,Yes,No,Sample usable,
1,4,731,4,m132,2017-09-21,2017-09-21,,Sample usable,2017-09-18,Sample usable,Yes,Yes,Yes,No,Sample usable,
1,4,734,24,m132,2017-10-18,2017-10-18,,,2017-10-13,Sample usable,No,Yes,Yes,No,Sample usable,
1,4,751,6,m132,2017-07-13,2017-07-13,,,2017-07-12,Sample usable,No,Yes,Yes,No,Sample usable,
1,4,802,58,m132,2017-08-01,2017-08-01,,,2017-06-29,Sample usable,No,Yes,Yes,No,Sample usable,
1,4,969,50,m132,2017-10-25,2017-10-25,,,2017-05-22,Sample usable,No,Yes,Yes,No,Sample usable,
1,4,981,2,m132,2017-11-30,2017-11-30,,,2017-11-28,Sample usable,No,Yes,Yes,No,Sample usable,
1,4,1016,24,m132,2018-01-11,2018-01-11,,Sample usable,2017-12-13,Sample usable,Yes,Yes,Yes,No,Sample usable,
1,4,1052,55,m120,2017-06-05,2017-06-05,,,2017-03-29,Sample usable,No,Yes,Yes,No,Sample usable,
1,4,1074,2,m132,2017-10-26,2017-10-26,,,2017-10-03,Sample usable,No,Yes,Yes,No,Sample usable,
1,4,1078,27,m120,2017-02-23,2017-02-23,,,2017-02-22,Sample usable,No,Yes,Yes,No,Sample usable,
1,4,1078,27,m132,2018-02-19,2018-02-19,,,2018-02-14,Sample usable,No,Yes,Yes,No,Sample usable,
1,4,1098,24,m132,2018-01-10,2018-01-10,Sample left out and thawed,,2018-01-08,Sample usable,No,Yes,Yes,No,Sample usable,
1,4,1122,2,m120,2017-08-11,2017-08-11,,,2017-08-10,Sample usable,No,Yes,Yes,No,Sample usable,
1,4,1155,1,m120,2017-05-03,2017-05-03,Plasma and Serum samples are not useable (hemolyzed), need to redraw,,2017-04-28,Sample not usable,No,Yes,Yes,Yes,Sample not usable,
1,4,1155,1,m120,2017-05-26,2017-05-26,Redrawn samples.,,2017-05-25,Sample usable,No,Yes,Yes,No,Sample usable,
1,4,1169,23,m132,2018-01-11,2018-01-11,,Sample usable,2017-12-14,Sample usable,Yes,Yes,Yes,No,Sample usable,
1,4,1190,18,m132,2017-10-26,2017-10-26,,,2017-10-23,Sample usable,No,Yes,Yes,No,Sample usable,
1,4,1222,5,m132,2018-01-24,2018-01-24,,,2018-01-03,Sample usable,No,Yes,Yes,No,Sample usable,
1,4,1261,1,m120,2017-03-17,2017-03-17,,,2017-03-15,Sample usable,No,Yes,Yes,No,Sample usable,
1,4,1280,1,m120,2017-03-23,2017-03-23,Initially serum and plasma sent from site by mistake  to NCRAD. Sent back to UPENN and received on 3/21/2017. Genetic samples initially received at UPENN - sent back to NCRAD on 3/21/2017.,,2017-03-09,Sample usable,No,Yes,Yes,Yes,Sample usable,
1,4,1300,45,m120,2017-07-12,2017-07-12,,,2017-07-11,Sample usable,No,Yes,Yes,No,Sample usable,
1,4,1418,28,m120,2017-07-24,2017-07-24,,,2017-07-18,Sample usable,No,Yes,Yes,No,Sample usable,
1,4,1427,47,m120,2017-09-11,2017-09-11,,,2017-09-07,Sample usable,No,Yes,Yes,No,Sample usable,
2,4,2119,23,m84,2017-06-15,2017-06-15,,Sample usable,2017-06-14,Sample usable,Yes,Yes,Yes,No,Sample usable,
2,4,2121,37,m84,2018-02-12,2018-02-12,,,2018-02-07,Sample usable,No,Yes,Yes,No,Sample usable,
2,4,2133,13,m84,2018-01-11,2018-01-11,,,2018-01-09,Sample usable,No,Yes,Yes,No,Sample usable,
2,4,2133,13,m84,2018-01-24,2018-01-24,,Sample usable,2018-01-16,,Yes,No,No,No,,
2,4,2146,47,m84,2017-10-31,2017-10-31,,,2017-10-10,Sample usable,No,Yes,Yes,No,Sample usable,
2,4,2155,13,m84,2017-09-21,2017-09-21,,,2017-09-20,Sample usable,No,Yes,Yes,No,Sample usable,
2,4,2155,13,m84,2017-11-01,2017-11-01,,Sample usable,2017-09-06,,Yes,No,No,No,,
2,4,2180,13,m84,2017-09-28,2017-09-28,,,2017-09-27,Sample usable,No,Yes,Yes,No,Sample usable,
2,4,2183,20,m72,2017-02-22,2017-02-22,,,2017-01-18,Sample usable,No,Yes,Yes,No,Sample usable,
2,4,2184,58,m84,2017-10-26,2017-10-26,,,2017-10-09,Sample usable,No,Yes,Yes,No,Sample usable,
2,4,2185,11,m84,2017-09-01,2017-09-01,,,2017-08-30,Sample usable,No,Yes,Yes,No,Sample usable,
2,4,2187,58,m84,2017-07-27,2017-07-27,,,2017-07-20,Sample usable,No,Yes,Yes,No,Sample usable,
2,4,2196,33,m84,2017-09-28,2017-09-28,,,2017-09-27,Sample usable,No,Yes,Yes,No,Sample usable,
2,4,2201,38,m84,2017-10-26,2017-10-26,,Sample usable,2017-10-11,Sample usable,Yes,Yes,Yes,No,Sample usable,
2,4,2219,20,m72,2017-02-22,2017-02-22,,,2017-01-24,Sample usable,No,Yes,Yes,No,Sample usable,
2,4,2234,47,init,2018-01-24,2018-01-24,,Sample usable,2018-01-22,Sample usable,Yes,Yes,Yes,No,Sample usable,
2,4,2238,38,m84,2018-01-16,2018-01-16,,,2018-01-11,Sample usable,No,Yes,Yes,No,Sample usable,
2,4,2239,19,m72,2017-03-30,2017-03-30,,,2017-03-29,Sample usable,No,Yes,Yes,No,Sample usable,
2,4,2239,19,m72,2017-05-17,2017-05-17,,Sample usable,2017-05-16,,Yes,No,No,No,,
2,4,2245,20,m72,2017-02-22,2017-02-22,,Sample usable,2017-02-15,,Yes,No,No,No,,
2,4,2245,20,m72,2017-02-22,2017-02-22,,,2017-01-04,Sample usable,No,Yes,Yes,No,Sample usable,
2,4,2263,17,m72,2017-04-07,2017-04-07,,,2017-04-06,Sample usable,No,Yes,Yes,No,Sample usable,
2,4,2263,17,m72,2017-04-28,2017-04-28,,Sample usable,2017-04-25,,Yes,No,No,No,,
2,4,2301,33,m72,2017-08-11,2017-08-11,,,2017-08-08,Sample usable,No,Yes,Yes,No,Sample usable,
2,4,2304,33,m72,2017-08-17,2017-08-17,,,2017-08-15,Sample usable,No,Yes,Yes,No,Sample usable,
2,4,2308,11,m72,2017-08-16,2017-08-16,,,2017-08-09,Sample usable,No,Yes,Yes,No,Sample usable,
2,4,2308,11,m72,2018-01-11,2018-01-11,,Sample usable,2017-12-15,,Yes,No,No,No,,
2,4,2315,58,m72,2017-09-27,2017-09-27,,,2017-09-20,Sample usable,No,Yes,Yes,No,Sample usable,
2,4,2332,49,m72,2017-05-17,2017-05-17,,Sample usable,2017-05-16,Sample usable,Yes,Yes,Yes,No,Sample usable,
2,4,2333,55,m84,2018-01-24,2018-01-24,,,2017-12-20,Sample usable,No,Yes,Yes,No,Sample usable,
2,4,2373,50,m72,2017-07-17,2017-07-17,,Sample usable,2017-06-27,Sample usable,Yes,Yes,Yes,No,Sample usable,
2,4,2374,2,m72,2017-12-04,2017-12-04,,Sample usable,2017-11-29,Sample usable,Yes,Yes,Yes,No,Sample usable,
2,4,2379,17,m72,2017-05-11,2017-05-11,,,2017-05-11,Sample usable,No,Yes,Yes,No,Sample usable,
2,4,2389,10,m72,2018-01-24,2018-01-24,,,2018-01-16,Sample usable,No,Yes,Yes,No,Sample usable,
2,4,2392,43,m72,2017-08-04,2017-08-04,,,2017-08-03,Sample usable,No,Yes,Yes,No,Sample usable,
2,4,2392,43,m72,2017-08-25,2017-08-25,,Sample usable,2017-08-24,,Yes,No,No,No,,
2,4,2394,5,m72,2017-08-17,2017-08-17,,Sample usable,2017-08-16,,Yes,No,No,No,,
2,4,2394,5,m72,2017-08-17,2017-08-17,,,2017-08-15,Sample usable,No,Yes,Yes,No,Sample usable,
2,4,2403,50,m72,2017-07-07,2017-07-07,,,2017-07-06,Sample usable,No,Yes,Yes,No,Sample usable,
3,4,4003,39,m84,2017-12-08,2017-12-08,,Sample usable,2017-12-04,Sample usable,Yes,Yes,Yes,No,Sample usable,
3,4,4004,28,m72,2017-10-26,2017-10-26,,,2017-10-10,Sample usable,No,Yes,Yes,No,Sample usable,
3,4,4028,27,m72,2017-11-08,2017-11-08,,,2017-11-06,Sample usable,No,Yes,Yes,No,Sample usable,
3,4,4028,27,m72,2017-11-08,2017-11-08,,Sample usable,2017-11-07,,Yes,No,No,No,,
3,4,4030,27,m72,2017-09-18,2017-09-18,,,2017-09-08,Sample usable,No,Yes,Yes,No,Sample usable,
3,4,4030,27,m72,2017-10-26,2017-10-26,,Sample usable,2017-10-23,,Yes,No,No,No,,
3,4,4036,59,m72,2017-11-30,2017-11-30,,,2017-11-27,Sample usable,No,Yes,Yes,No,Sample usable,
3,4,4037,28,m72,2017-07-25,2017-07-25,,,2017-07-13,Sample usable,No,Yes,Yes,No,Sample usable,
3,4,4043,44,m84,2018-02-19,2018-02-19,,,2018-02-15,Sample usable,No,Yes,Yes,No,Sample usable,
3,4,4051,28,m72,2017-07-07,2017-07-07,,,2017-07-05,Sample usable,No,Yes,Yes,No,Sample usable,
3,4,4060,28,m72,2017-09-18,2017-09-18,,,2017-09-11,Sample usable,No,Yes,Yes,No,Sample usable,
3,4,4061,58,m72,2017-10-27,2017-10-27,,,2017-09-26,Sample usable,No,Yes,Yes,No,Sample usable,
3,4,4067,58,m72,2017-07-31,2017-07-31,,,2017-07-27,Sample usable,No,Yes,Yes,No,Sample usable,
3,4,4071,27,m72,2017-03-30,2017-03-30,,Sample usable,2017-03-27,Sample usable,Yes,Yes,Yes,No,Sample usable,
3,4,4072,33,m72,2017-09-01,2017-09-01,,,2017-08-25,Sample usable,No,Yes,Yes,No,Sample usable,
3,4,4076,40,m72,2017-11-21,2017-11-21,,,2017-10-05,Sample usable,No,Yes,Yes,No,Sample usable,
3,4,4084,19,m72,2017-08-08,2017-08-08,,,2017-08-07,Sample usable,No,Yes,Yes,No,Sample usable,
3,4,4084,19,m72,2017-09-01,2017-09-01,,Sample usable,2017-08-29,,Yes,No,No,No,,
3,4,4086,40,m72,2017-12-08,2017-12-08,,,2017-11-13,Sample usable,No,Yes,Yes,No,Sample usable,
3,4,4094,9,m72,2017-10-19,2017-10-19,,Sample usable,2017-10-16,,Yes,No,No,No,,
3,4,4100,59,m72,2017-10-27,2017-10-27,,,2017-10-26,Sample usable,No,Yes,Yes,No,Sample usable,
3,4,4105,8,m72,2017-10-18,2017-10-18,,Sample usable,2017-10-17,Sample usable,Yes,Yes,Yes,No,Sample usable,
3,4,4114,25,m72,2017-09-27,2017-09-27,,,2017-09-22,Sample usable,No,Yes,Yes,No,Sample usable,
3,4,4115,18,m72,2018-01-11,2018-01-11,,Sample usable,2018-01-10,Sample usable,Yes,Yes,Yes,No,Sample usable,
3,4,4119,2,m72,2017-11-06,2017-11-06,,,2017-11-01,Sample usable,No,Yes,Yes,No,Sample usable,
3,4,4143,28,m72,2017-07-11,2017-07-11,,Sample usable,2017-07-10,Sample usable,Yes,Yes,Yes,No,Sample usable,
3,4,4143,28,m72,2017-07-11,2017-07-11,,,2017-07-07,Sample usable,No,Yes,Yes,No,Sample usable,
3,4,4143,28,m72,2017-08-11,2017-08-11,,Sample usable,2017-07-18,,Yes,No,No,No,,
3,4,4148,47,m72,2017-07-25,2017-07-25,,Sample usable,2017-07-13,Sample usable,Yes,Yes,Yes,No,Sample usable,
3,4,4160,55,m72,2017-06-29,2017-06-29,,,2017-06-19,Sample usable,No,Yes,Yes,No,Sample usable,
3,4,4164,18,m72,2018-01-11,2018-01-11,,Sample usable,2017-12-18,Sample usable,Yes,Yes,Yes,No,Sample usable,
3,4,4168,3,m72,2017-09-18,2017-09-18,,,2017-09-13,Sample usable,No,Yes,Yes,No,Sample usable,
3,4,4169,19,m72,2017-08-23,2017-08-23,,,2017-08-21,Sample usable,No,Yes,Yes,No,Sample usable,
3,4,4169,19,m72,2017-09-21,2017-09-21,,Sample usable,2017-09-19,,Yes,No,No,No,,
3,4,4170,45,m72,2017-10-26,2017-10-26,,,2017-10-09,Sample usable,No,Yes,Yes,No,Sample usable,
3,4,4176,24,m72,2018-01-24,2018-01-24,,Sample usable,2018-01-17,Sample usable,Yes,Yes,Yes,No,Sample usable,
3,4,4177,24,m72,2018-01-24,2018-01-24,,,2018-01-17,Sample usable,No,Yes,Yes,No,Sample usable,
3,4,4179,24,m72,2018-02-19,2018-02-19,,Sample usable,2018-02-14,Sample usable,Yes,Yes,Yes,No,Sample usable,
3,4,4184,33,m72,2017-11-01,2017-11-01,,,2017-11-30,Sample usable,No,Yes,Yes,No,Sample usable,
3,4,4185,3,m72,2017-09-25,2017-09-25,,,2017-09-21,Sample usable,No,Yes,Yes,No,Sample usable,
3,4,4187,59,m72,2017-06-16,2017-06-16,,,2017-06-05,Sample usable,No,Yes,Yes,No,Sample usable,
3,4,4197,47,m72,2017-09-21,2017-09-21,,Sample usable,2017-09-19,Sample usable,Yes,Yes,Yes,No,Sample usable,
3,4,4198,47,m72,2017-10-26,2017-10-26,,Sample usable,2017-10-10,Sample usable,Yes,Yes,Yes,No,Sample usable,
3,4,4200,28,m72,2017-10-18,2017-10-18,,,2017-10-17,Sample usable,No,Yes,Yes,No,Sample usable,
3,4,4210,47,m72,2017-09-21,2017-09-21,,Sample usable,2017-09-20,Sample usable,Yes,Yes,Yes,No,Sample usable,
3,4,4212,33,m72,2017-11-01,2017-11-01,,,2017-10-30,Sample usable,No,Yes,Yes,No,Sample usable,
3,4,4213,1,m72,2017-08-24,2017-08-24,,Sample usable,2017-08-11,Sample usable,Yes,Yes,Yes,No,Sample usable,
3,4,4214,27,m60,2017-02-22,2017-02-22,,,2017-02-13,Sample usable,No,Yes,Yes,No,Sample usable,
3,4,4229,1,m72,2017-09-25,2017-09-25,,Sample usable,2017-09-18,Sample usable,Yes,Yes,Yes,No,Sample usable,
3,4,4254,16,m60,2017-04-07,2017-04-07,,,2017-04-05,Sample usable,No,Yes,Yes,No,Sample usable,
3,4,4254,16,m60,2017-04-27,2017-10-25,CSF hemolyzed.,Sample not usable,2017-04-20,,Yes,No,No,No,,
3,4,4271,28,m72,2017-10-04,2017-10-04,,,2017-09-29,Sample usable,No,Yes,Yes,No,Sample usable,
3,4,4272,5,m72,2018-01-30,2018-01-30,,,2018-01-23,Sample usable,No,Yes,Yes,No,Sample usable,
3,4,4272,5,m72,2018-01-31,2018-01-31,,Sample usable,2018-01-23,,Yes,No,No,No,,
3,4,4276,16,m60,2017-05-04,2017-05-04,,,2017-04-12,Sample usable,No,Yes,Yes,No,Sample usable,
3,4,4277,23,m72,2017-08-03,2017-08-03,,Sample usable,2017-08-02,Sample usable,Yes,Yes,Yes,No,Sample usable,
3,4,4278,8,m72,2018-01-11,2018-01-11,,Sample usable,2017-12-12,Sample usable,Yes,Yes,Yes,No,Sample usable,
3,4,4288,2,m72,2017-11-09,2017-11-09,,Sample usable,2017-11-08,Sample usable,Yes,Yes,Yes,No,Sample usable,
3,4,4292,59,m72,2017-08-11,2017-08-11,,,2017-08-10,Sample usable,No,Yes,Yes,No,Sample usable,
3,4,4293,14,m72,2017-06-14,2017-06-14,,Sample usable,2017-06-12,Sample usable,Yes,Yes,Yes,No,Sample usable,
3,4,4294,50,m72,2017-11-02,2017-11-02,Draw site noted that blood was unable to be drawn after multiple attempts.   Subject will hydrate and return the following week after original draw date.,Sample usable,2017-10-31,,Yes,No,No,No,,
3,4,4299,54,m72,2017-11-06,2017-11-06,,,2017-10-27,Sample usable,No,Yes,Yes,No,Sample usable,
3,4,4299,54,m72,2018-01-12,2018-01-12,,Sample usable,2017-12-20,,Yes,No,No,No,,
3,4,4301,47,m72,2017-11-01,2017-11-01,,Sample usable,2017-10-30,Sample usable,Yes,Yes,Yes,No,Sample usable,
3,4,4302,27,m60,2017-02-22,2017-02-22,,Sample usable,2017-01-25,Sample usable,Yes,Yes,Yes,No,Sample usable,
3,4,4308,27,m60,2017-08-17,2017-08-17,,Sample usable,2017-08-14,Sample usable,Yes,Yes,Yes,No,Sample usable,
3,4,4313,13,m72,2017-10-26,2017-10-26,,,2017-10-13,Sample usable,No,Yes,Yes,No,Sample usable,
3,4,4324,6,m72,2017-07-11,2017-07-12,Serum arrived hemolyzed, site contacted for redraw - participant not able to come in for a redraw.,,2017-07-10,Sample usable,No,Yes,Yes,No,Sample not usable,
3,4,4332,58,m72,2017-08-01,2017-08-01,,,2017-07-05,Sample usable,No,Yes,Yes,No,Sample usable,
3,4,4332,58,m72,2017-11-06,2017-11-06,,Sample usable,2017-11-01,,Yes,No,No,No,,
3,4,4335,16,m72,2017-06-16,2017-06-16,,,2017-06-07,Sample usable,No,Yes,Yes,No,Sample usable,
3,4,4340,58,m72,2017-07-27,2017-07-27,,,2017-07-25,Sample usable,No,Yes,Yes,No,Sample usable,
3,4,4343,50,m60,2017-05-12,2017-05-12,,Sample usable,2017-05-09,Sample usable,Yes,Yes,Yes,No,Sample usable,
3,4,4351,54,m72,2017-11-30,2017-11-30,,,2017-10-31,Sample usable,No,Yes,Yes,No,Sample usable,
3,4,4352,50,m72,2017-07-17,2017-07-17,,Sample usable,2017-06-27,Sample usable,Yes,Yes,Yes,No,Sample usable,
3,4,4354,2,m60,2017-07-31,2017-07-31,Buffy coat + RBCs included in shipment, will contact NCRAD and have them shipped back,,2017-07-25,Sample usable,No,Yes,Yes,No,Sample usable,
3,4,4356,52,m72,2017-09-21,2017-09-21,,,2017-09-20,Sample usable,No,Yes,Yes,No,Sample usable,
3,4,4357,4,m72,2018-02-19,2018-02-19,,,2018-02-15,Sample usable,No,Yes,Yes,No,Sample usable,
3,4,4365,59,m72,2017-09-21,2017-09-21,,Sample usable,2017-09-18,Sample usable,Yes,Yes,Yes,No,Sample usable,
3,4,4367,14,m60,2017-05-17,2017-05-17,,Sample usable,2017-05-16,Sample usable,Yes,Yes,Yes,No,Sample usable,
3,4,4369,49,m72,2017-06-28,2017-06-28,,Sample usable,2017-06-26,,Yes,No,No,No,,
3,4,4369,49,m72,2017-06-28,2017-06-28,,,2017-06-15,Sample usable,No,Yes,Yes,No,Sample usable,
3,4,4387,5,m72,2017-11-06,2017-11-06,,,2017-11-01,Sample usable,No,Yes,Yes,No,Sample usable,
3,4,4388,6,m72,2017-07-24,2017-07-24,,,2017-07-19,Sample usable,No,Yes,Yes,No,Sample usable,
3,4,4389,26,m72,2017-11-16,2017-11-16,,,2017-11-14,Sample usable,No,Yes,Yes,No,Sample usable,
3,4,4396,49,m72,2018-01-12,2018-01-12,,,2017-12-20,Sample usable,No,Yes,Yes,No,Sample usable,
3,4,4399,13,m72,2017-07-17,2017-07-17,,,2017-07-13,Sample usable,No,Yes,Yes,No,Sample usable,
3,4,4399,13,m72,2017-10-25,2017-10-25,,Sample usable,2017-07-13,,Yes,No,No,No,,
3,4,4400,13,m72,2017-09-27,2017-09-27,,,2017-09-26,Sample usable,No,Yes,Yes,No,Sample usable,
3,4,4401,11,m72,2017-09-01,2017-09-01,,,2017-08-29,Sample usable,No,Yes,Yes,No,Sample usable,
3,4,4405,50,m60,2017-08-11,2017-08-11,,,2017-08-09,Sample usable,No,Yes,Yes,No,Sample usable,
3,4,4410,27,m60,2017-03-03,2017-03-03,,Sample usable,2017-03-01,Sample usable,Yes,Yes,Yes,No,Sample usable,
3,4,4414,25,m60,2017-10-20,2017-10-20,,,2017-10-18,Sample usable,No,Yes,Yes,No,Sample usable,
3,4,4414,25,m60,2017-10-26,2017-10-26,,Sample usable,2017-10-23,,Yes,No,No,No,,
3,4,4415,50,m72,2017-10-23,2017-10-23,,Sample usable,2017-10-17,Sample usable,Yes,Yes,Yes,No,Sample usable,
3,4,4417,50,m60,2017-10-23,2017-10-23,Plasma and serum arrived hemolyzed, will contact draw site for a re-draw,Sample usable,2017-10-13,Sample not usable,Yes,Yes,Yes,No,Sample not usable,
3,4,4419,16,m60,2017-05-04,2017-05-04,,,2017-04-14,Sample usable,No,Yes,Yes,No,Sample usable,
3,4,4422,49,m60,2017-03-30,2017-03-30,,Sample usable,2017-03-24,,Yes,No,No,No,,
3,4,4422,49,m60,2017-04-07,2017-04-07,,,2017-04-06,Sample usable,No,Yes,Yes,No,Sample usable,
3,4,4424,58,m72,2017-08-10,2017-08-10,,,2017-08-07,Sample usable,No,Yes,Yes,No,Sample usable,
3,4,4428,37,m72,2018-01-12,2018-01-12,,,2017-12-18,Sample usable,No,Yes,Yes,No,Sample usable,
3,4,4429,23,m72,2018-01-11,2018-01-11,,Sample usable,2017-12-08,Sample usable,Yes,Yes,Yes,No,Sample usable,
3,4,4430,26,m72,2017-11-10,2017-11-10,,,2017-11-09,Sample usable,No,Yes,Yes,No,Sample usable,
3,4,4431,58,m72,2017-10-27,2017-10-27,,,2017-09-25,Sample usable,No,Yes,Yes,No,Sample usable,
3,4,4446,52,m60,2017-06-15,2017-06-15,Samples hemolyzed, will contact site and request a redraw,,2017-06-12,Sample not usable,No,Yes,Yes,No,Sample not usable,
3,4,4448,18,m72,2018-01-09,2018-01-09,,,2017-12-04,Sample usable,No,Yes,Yes,No,Sample usable,
3,4,4453,44,m72,2018-02-27,2018-02-27,,,2018-02-21,Sample usable,No,Yes,Yes,No,Sample usable,
3,4,4464,25,m72,2018-02-19,2018-02-19,,,2018-02-01,Sample usable,No,Yes,Yes,No,Sample usable,
3,4,4466,54,m72,2017-12-08,2017-12-08,,,2017-12-05,Sample usable,No,Yes,Yes,No,Sample usable,
3,4,4469,41,m72,2017-11-08,2017-11-08,,Sample usable,2017-11-06,Sample usable,Yes,Yes,Yes,No,Sample usable,
3,4,4482,54,m72,2017-10-18,2017-10-18,,,2017-10-17,Sample usable,No,Yes,Yes,No,Sample usable,
3,4,4482,54,m72,2017-11-08,2017-11-08,,Sample usable,2017-11-07,,Yes,No,No,No,,
3,4,4485,4,m60,2017-09-18,2017-09-18,,,2017-09-08,Sample usable,No,Yes,Yes,No,Sample usable,
3,4,4488,5,m72,2017-09-21,2017-09-21,,Sample usable,2017-09-19,Sample usable,Yes,Yes,Yes,No,Sample usable,
3,4,4489,52,m60,2017-06-16,2017-06-16,,,2017-06-05,Sample usable,No,Yes,Yes,No,Sample usable,
3,4,4502,18,m72,2017-11-01,2017-11-01,Site noted "plasma not collected, poor veins and uncooperative patient".  Will contact for a redraw.,Sample usable,2017-10-30,,Yes,No,Yes,No,Sample usable,
3,4,4510,28,m72,2017-10-05,2017-10-05,,,2017-10-03,Sample usable,No,Yes,Yes,No,Sample usable,
3,4,4513,28,m72,2018-02-19,2018-02-19,,,2018-02-01,Sample usable,No,Yes,Yes,No,Sample usable,
3,4,4520,54,m72,2018-01-24,2018-01-24,,,2017-11-08,Sample usable,No,Yes,Yes,No,Sample usable,
3,4,4536,54,m72,2017-11-30,2017-11-30,,,2017-11-02,Sample usable,No,Yes,Yes,No,Sample usable,
3,4,4547,8,m60,2017-08-25,2017-08-25,,Sample usable,2017-08-24,Sample usable,Yes,Yes,Yes,No,Sample usable,
3,4,4548,14,m60,2017-07-31,2017-07-31,,,2017-07-27,Sample usable,No,Yes,Yes,No,Sample usable,
3,4,4556,41,m60,2017-11-08,2017-11-08,,,2017-11-07,Sample usable,No,Yes,Yes,No,Sample usable,
3,4,4576,11,m60,2017-08-23,2017-08-23,,,2017-08-10,Sample usable,No,Yes,Yes,No,Sample usable,
3,4,4580,10,m72,2018-02-13,2018-02-13,Samples arrived thawed, non dry ice present in box.  Plasma arrived hemolyzed, will contact site and request a redraw for both serum and plasma,,2018-02-06,Sample not usable,No,Yes,Yes,No,Sample not usable,
3,4,4585,21,init,2018-02-27,2018-02-27,,,2018-02-20,Sample usable,No,Yes,Yes,No,Sample usable,
3,4,4587,54,m72,2018-01-12,2018-01-12,,,2017-12-12,Sample usable,No,Yes,Yes,No,Sample usable,
3,4,4598,52,m60,2017-07-31,2017-07-31,,,2017-07-27,Sample usable,No,Yes,Yes,No,Sample usable,
3,4,4612,6,m60,2017-07-31,2017-07-31,No paperwork included in shipment, information obtained from tube labels,,2017-07-26,Sample usable,No,Yes,Yes,No,Sample usable,
3,4,4620,5,m72,2018-01-11,2018-01-11,,,2017-12-11,Sample usable,No,Yes,Yes,No,Sample usable,
3,4,4637,5,m60,2017-10-26,2017-10-26,,Sample usable,2017-10-11,,Yes,No,No,No,,
3,4,4637,5,m60,2017-10-26,2017-10-26,,,2017-10-11,Sample usable,No,Yes,Yes,No,Sample usable,
3,4,4643,9,m60,2017-10-27,2017-10-27,,,2017-09-21,Sample usable,No,Yes,Yes,No,Sample usable,
3,4,4649,38,m72,2018-01-12,2018-01-12,,,2018-01-10,Sample usable,No,Yes,Yes,No,Sample usable,
3,4,4654,1,m60,2017-05-10,2017-05-10,,Sample usable,2017-05-08,Sample usable,Yes,Yes,Yes,No,Sample usable,
3,4,4659,16,m60,2017-06-19,2017-06-19,Samples arrived hemolyzed, will contact site and request a redraw,,2017-06-14,Sample not usable,No,Yes,Yes,No,Sample not usable,
3,4,4674,19,m60,2017-06-29,2017-06-29,,,2017-06-27,Sample usable,No,Yes,Yes,No,Sample usable,
3,4,4706,27,m60,2017-10-19,2017-10-19,,Sample usable,2017-10-05,Sample usable,Yes,Yes,Yes,No,Sample usable,
3,4,4715,26,m60,2017-10-26,2017-10-26,,,2017-10-12,Sample usable,No,Yes,Yes,No,Sample usable,
3,4,4722,52,m60,2017-07-12,2017-09-11,,,2017-06-21,Sample usable,No,Yes,Yes,No,Sample usable,
3,4,4723,52,m60,2017-07-05,2017-07-05,,,2017-06-22,Sample usable,No,Yes,Yes,No,Sample usable,
3,4,4744,16,m60,2017-07-25,2017-07-25,,,2017-07-13,Sample usable,No,Yes,Yes,No,Sample usable,
3,4,4765,47,m60,2017-07-05,2017-07-05,,,2017-06-21,Sample usable,No,Yes,Yes,No,Sample usable,
3,4,4767,33,m60,2017-07-05,2017-07-05,,Sample usable,2017-06-16,Sample usable,Yes,Yes,Yes,No,Sample usable,
3,4,4782,33,m60,2017-09-01,2017-09-01,,,2017-08-28,Sample usable,No,Yes,Yes,No,Sample usable,
3,4,4782,33,m60,2017-09-11,2017-09-11,,Sample usable,2017-09-06,,Yes,No,No,No,,
3,4,4799,1,m60,2017-06-05,2017-06-05,,Sample usable,2017-05-26,Sample usable,Yes,Yes,Yes,No,Sample usable,
3,4,4804,20,m48,2017-02-22,2017-02-22,,,2016-12-21,Sample usable,No,Yes,Yes,No,Sample usable,
3,4,4817,50,m60,2017-06-14,2017-06-14,Paperwork was not sent with sample, Biomarker forms were also not filled out on EDC. Received 6/13/17 but do not have exact date of collection.,,,Sample usable,No,Yes,Yes,No,Sample usable,
3,4,4827,8,m60,2017-09-05,2017-09-05,,,2017-08-31,Sample usable,No,Yes,Yes,No,Sample usable,
3,4,4835,14,m60,2017-07-27,2017-07-27,,Sample usable,2017-07-24,Sample usable,Yes,Yes,Yes,No,Sample usable,
3,4,4868,13,m60,2017-09-18,2017-09-18,,,2017-09-14,Sample usable,No,Yes,Yes,No,Sample usable,
3,4,4869,20,m48,2017-02-22,2017-02-22,,,2017-01-23,Sample usable,No,Yes,Yes,No,Sample usable,
3,4,4869,20,m48,2017-06-05,2017-06-05,,Sample usable,2017-05-31,,Yes,No,No,No,,
3,4,4869,20,m60,2018-01-24,2018-01-24,,,2018-01-22,Sample usable,No,Yes,Yes,No,Sample usable,
3,4,4873,20,m48,2017-02-22,2017-02-22,,,2016-12-06,Sample usable,No,Yes,Yes,No,Sample usable,
3,4,4874,28,m60,2017-08-10,2017-08-10,,,2017-08-04,Sample usable,No,Yes,Yes,No,Sample usable,
3,4,4883,50,m60,2018-01-24,2018-01-24,,,2017-08-15,Sample usable,No,Yes,Yes,No,Sample usable,
3,4,4889,13,m60,2018-01-09,2018-01-09,,,2017-12-04,Sample usable,No,Yes,Yes,No,Sample usable,
3,4,4889,13,m60,2018-01-09,2018-01-09,Subject was non fasting,Sample usable,2017-12-04,,Yes,No,No,No,,
3,4,4893,8,m60,2017-11-09,2017-11-09,,,2017-11-08,Sample usable,No,Yes,Yes,No,Sample usable,
3,4,4900,2,m60,2017-11-01,2017-11-01,plasma is hemolyzed, will contact site for a redraw,,2017-10-30,Sample not usable,No,Yes,Yes,No,Sample usable,
3,4,4919,20,m48,2017-02-22,2017-02-22,,Sample usable,2017-02-08,,Yes,No,No,No,,
3,4,4919,20,m48,2017-02-22,2017-02-22,,,2016-12-06,Sample usable,No,Yes,Yes,No,Sample usable,
3,4,4919,20,m60,2018-01-26,2018-01-26,Samples fedexed on Thursday 12/14/17, received on 12/18-thawed.,,2017-12-14,Sample not usable,No,Yes,Yes,No,Sample not usable,
3,4,4926,20,m48,2017-02-22,2017-02-22,,,2017-02-20,Sample usable,No,Yes,Yes,No,Sample usable,
3,4,4951,12,m48,2017-02-22,2017-02-22,,,2017-02-14,Sample usable,No,Yes,Yes,No,Sample usable,
3,4,4952,12,m48,2017-02-22,2017-02-22,,,2017-02-14,Sample usable,No,Yes,Yes,No,Sample usable,
3,4,4974,28,m60,2017-10-26,2017-10-26,,,2017-10-12,Sample usable,No,Yes,Yes,No,Sample usable,
3,4,5004,17,m48,2017-04-28,2017-04-28,,Sample usable,2017-04-27,Sample usable,Yes,Yes,Yes,No,Sample usable,
3,4,5078,28,m48,2017-08-08,2017-08-08,,Sample usable,2017-08-07,Sample usable,Yes,Yes,Yes,No,Sample usable,
3,4,5079,20,m48,2017-04-28,2017-04-28,,,2017-04-26,Sample usable,No,Yes,Yes,No,Sample usable,
3,4,5083,20,m48,2017-02-23,2017-02-23,,,2017-02-22,Sample usable,No,Yes,Yes,No,Sample usable,
3,4,5091,41,m60,2018-02-14,2018-02-14,,,2018-02-06,Sample usable,No,Yes,Yes,No,Sample usable,
3,4,5093,20,m48,2017-03-23,2017-03-23,,,2017-03-16,Sample usable,No,Yes,Yes,No,Sample usable,
3,4,5093,20,m48,2017-07-17,2017-07-17,,Sample usable,2017-07-12,,Yes,No,No,No,,
3,4,5097,28,init,2018-02-19,2018-02-19,,,2018-01-29,Sample usable,No,Yes,Yes,No,Sample usable,
3,4,5100,28,m48,2017-07-11,2017-07-11,,,2017-07-10,Sample usable,No,Yes,Yes,No,Sample usable,
3,4,5109,20,m48,2017-04-07,2017-04-07,,,2017-04-05,Sample usable,No,Yes,Yes,No,Sample usable,
3,4,5113,52,m48,2017-07-12,2017-07-12,CSF was received in unlabeled tubes alongside two empty tubes with the correct CSF labels.,Sample usable,2017-07-05,Sample usable,Yes,Yes,Yes,No,Sample usable,
3,4,5118,20,m48,2017-07-24,2017-07-24,,,2017-07-18,Sample usable,No,Yes,Yes,No,Sample usable,
3,4,5126,27,m48,2017-05-10,2017-05-10,,,2017-05-08,Sample usable,No,Yes,Yes,No,Sample usable,
3,4,5132,47,m48,2017-06-29,2017-06-29,,,2017-05-18,Sample usable,No,Yes,Yes,No,Sample usable,
3,4,5140,15,m48,2018-01-11,2018-01-11,,Sample usable,2017-12-08,,Yes,No,No,No,,
3,4,5141,28,m48,2017-06-28,2017-06-28,,Sample usable,2017-06-23,Sample usable,Yes,Yes,Yes,No,Sample usable,
3,4,5158,21,m48,2018-02-21,2018-02-21,Serum and plasma fedexed in separate boxes. Plasma sent on dry ice, received frozen; serum shipped only with cold packs, received thawed but cold to touch. Site contacted but subject was unable to come in for redraw.,,2018-02-13,Sample usable,No,Yes,Yes,No,Sample usable,
3,4,5169,20,m48,2017-05-26,2017-05-26,,,2017-05-25,Sample usable,No,Yes,Yes,No,Sample usable,
3,4,5170,20,m48,2017-07-05,2017-07-05,,,2017-06-21,Sample usable,No,Yes,Yes,No,Sample usable,
3,4,5175,50,m48,2017-09-28,2017-09-28,,Sample usable,2017-08-30,Sample usable,Yes,Yes,Yes,No,Sample usable,
3,4,5176,6,m48,2017-09-28,2017-09-28,,,2017-09-27,Sample usable,No,Yes,Yes,No,Sample usable,
3,4,5177,16,m48,2017-06-29,2017-06-29,,,2017-06-27,Sample usable,No,Yes,Yes,No,Sample usable,
3,4,5178,1,m48,2017-06-16,2017-06-16,,,2017-06-02,Sample usable,No,Yes,Yes,No,Sample usable,
3,4,5185,47,m48,2017-09-01,2017-09-01,,Sample usable,2017-08-29,Sample usable,Yes,Yes,Yes,No,Sample usable,
3,4,5193,59,m48,2017-06-14,2017-06-14,,,2017-06-12,Sample usable,No,Yes,Yes,No,Sample usable,
3,4,5194,16,m48,2017-07-31,2017-07-31,,,2017-07-25,Sample usable,No,Yes,Yes,No,Sample usable,
3,4,5197,20,m48,2017-06-16,2017-06-16,,,2017-06-05,Sample usable,No,Yes,Yes,No,Sample usable,
3,4,5198,24,m48,2017-12-04,2017-12-04,,Sample usable,2017-11-29,Sample usable,Yes,Yes,Yes,No,Sample usable,
3,4,5200,47,m48,2017-07-25,2017-07-25,,Sample usable,2017-07-12,Sample usable,Yes,Yes,Yes,No,Sample usable,
3,4,5203,15,m48,2017-10-18,2017-10-18,,,2017-10-17,Sample usable,No,Yes,Yes,No,Sample usable,
3,4,5203,15,m48,2018-01-11,2018-01-11,,Sample usable,2017-12-15,,Yes,No,No,No,,
3,4,5222,27,m48,2017-05-10,2017-05-10,,Sample usable,2017-05-08,Sample usable,Yes,Yes,Yes,No,Sample usable,
3,4,5228,47,m48,2017-10-18,2017-10-18,,Sample usable,2017-10-17,Sample usable,Yes,Yes,Yes,No,Sample usable,
3,4,5230,1,m48,2017-08-08,2017-08-08,,,2017-08-07,Sample usable,No,Yes,Yes,No,Sample usable,
3,4,5234,43,m48,2017-09-18,2017-09-18,,,2017-09-13,Sample usable,No,Yes,Yes,No,Sample usable,
3,4,5236,16,m48,2017-07-31,2017-07-31,,,2017-07-27,Sample usable,No,Yes,Yes,No,Sample usable,
3,4,5237,16,m48,2017-08-23,2017-08-23,,,2017-08-09,Sample usable,No,Yes,Yes,No,Sample usable,
3,4,5253,28,m48,2017-09-18,2017-09-18,,,2017-09-12,Sample usable,No,Yes,Yes,No,Sample usable,
3,4,5259,24,m48,2017-12-04,2017-12-04,,,2017-11-29,Sample usable,No,Yes,Yes,No,Sample usable,
3,4,5265,5,m48,2017-09-21,2017-09-21,,Sample usable,2017-09-19,Sample usable,Yes,Yes,Yes,No,Sample usable,
3,4,5266,47,m48,2017-08-23,2017-08-23,,Sample usable,2017-08-10,Sample usable,Yes,Yes,Yes,No,Sample usable,
3,4,5277,20,m48,2017-08-17,2017-08-17,,,2017-08-15,Sample usable,No,Yes,Yes,No,Sample usable,
3,4,5288,20,m48,2017-09-18,2017-09-18,,,2017-09-13,Sample usable,No,Yes,Yes,No,Sample usable,
3,4,5289,23,m36,2017-05-11,2017-05-11,,Sample usable,2017-05-10,Sample usable,Yes,Yes,Yes,No,Sample usable,
3,4,5290,19,m48,2017-09-18,2017-09-18,,,2017-09-11,Sample usable,No,Yes,Yes,No,Sample usable,
3,4,5290,19,m48,2017-10-18,2017-10-18,,Sample usable,2017-10-17,,Yes,No,No,No,,
4,4,6001,20,bl,2017-02-22,2017-02-22,,,2017-01-19,Sample usable,No,Yes,Yes,No,Sample usable,
4,4,6001,20,bl,2017-02-23,2017-02-23,,Sample usable,2017-02-22,,Yes,No,No,No,,
4,4,6002,20,bl,2017-02-22,2017-02-22,,,2017-02-02,Sample usable,No,Yes,Yes,No,Sample usable,
4,4,6002,20,bl,2017-05-26,2017-05-26,,Sample usable,2017-05-24,,Yes,No,No,No,,
4,4,6002,20,m12,2018-02-19,2018-02-19,,,2018-01-29,Sample usable,No,Yes,Yes,No,Sample usable,
4,4,6005,19,bl,2017-05-04,2017-05-04,,Sample usable,2017-04-27,Sample usable,Yes,Yes,Yes,No,Sample usable,
4,4,6007,1,bl,2017-04-19,2017-04-19,,Sample usable,2017-04-17,Sample usable,Yes,Yes,Yes,No,Sample usable,
4,4,6008,55,bl,2017-05-24,2017-05-24,,Sample usable,2017-05-19,Sample usable,Yes,Yes,Yes,No,Sample usable,
4,4,6009,1,bl,2017-06-14,2017-06-14,,Sample usable,2017-06-15,Sample usable,Yes,Yes,Yes,No,Sample usable,
4,4,6013,17,bl,2017-06-05,2017-06-05,,Sample usable,2017-05-31,Sample usable,Yes,Yes,Yes,No,Sample usable,
4,4,6015,55,bl,2017-06-05,2017-06-05,,Sample usable,2017-05-19,Sample usable,Yes,Yes,Yes,No,Sample usable,
4,4,6016,40,bl,2017-08-25,2017-08-25,,Sample usable,2017-08-22,Sample usable,Yes,Yes,Yes,No,Sample usable,
4,4,6017,59,bl,2017-06-05,2017-06-05,,,2017-06-01,Sample usable,No,Yes,Yes,No,Sample usable,
4,4,6019,50,bl,2017-06-16,2017-06-16,,Sample usable,2017-06-15,Sample usable,Yes,Yes,Yes,No,Sample usable,
4,4,6024,47,bl,2017-12-08,2017-12-08,,Sample usable,2017-12-05,Sample usable,Yes,Yes,Yes,No,Sample usable,
4,4,6025,40,bl,2017-09-21,2017-09-21,,Sample usable,2017-09-19,Sample usable,Yes,Yes,Yes,No,Sample usable,
4,4,6030,1,bl,2017-07-27,2017-07-27,,Sample usable,2017-07-24,Sample usable,Yes,Yes,Yes,No,Sample usable,
4,4,6031,27,bl,2017-08-16,2017-08-16,,,2017-07-11,Sample usable,No,Yes,Yes,No,Sample usable,
4,4,6031,27,bl,2017-11-21,2017-11-21,,Sample usable,2017-11-16,,Yes,No,No,No,,
4,4,6032,27,bl,2017-11-21,2017-11-21,,,2017-06-29,Sample usable,No,Yes,Yes,No,Sample usable,
4,4,6033,19,bl,2017-11-21,2017-11-21,,Sample usable,2017-06-28,Sample usable,Yes,Yes,Yes,No,Sample usable,
4,4,6034,20,bl,2017-07-17,2017-07-17,,,2017-07-13,Sample usable,No,Yes,Yes,No,Sample usable,
4,4,6034,20,bl,2017-07-31,2017-07-31,,Sample usable,2017-07-26,,Yes,No,No,No,,
4,4,6035,50,bl,2017-10-26,2017-10-26,,,2017-10-24,Sample usable,No,Yes,Yes,No,Sample usable,
4,4,6037,50,bl,2017-08-02,2017-08-02,,Sample usable,2017-08-01,Sample usable,Yes,Yes,Yes,No,Sample usable,
4,4,6038,40,bl,2017-12-08,2017-12-08,,Sample usable,2017-11-02,Sample usable,Yes,Yes,Yes,No,Sample usable,
4,4,6039,43,bl,2017-08-16,2017-08-16,,Sample usable,2017-08-09,Sample usable,Yes,Yes,Yes,No,Sample usable,
4,4,6041,55,bl,2017-08-08,2017-08-08,,,2017-08-07,Sample usable,No,Yes,Yes,No,Sample usable,
4,4,6041,55,bl,2017-08-25,2017-08-25,,Sample usable,2017-08-07,,Yes,No,No,No,,
4,4,6043,50,bl,2017-10-26,2017-10-26,,,2017-10-24,Sample usable,No,Yes,Yes,No,Sample usable,
4,4,6044,59,bl,2017-07-27,2017-07-27,,Sample usable,2017-07-24,Sample usable,Yes,Yes,Yes,No,Sample usable,
4,4,6045,33,bl,2017-08-03,2017-08-03,,Sample usable,2017-08-02,Sample usable,Yes,Yes,Yes,No,Sample usable,
4,4,6047,50,bl,2017-08-11,2017-08-11,Samples arrived hemolyzed, will contact site for redraw,Sample usable,2017-08-08,Sample not usable,Yes,Yes,Yes,No,Sample not usable,
4,4,6051,58,bl,2017-11-08,2017-11-08,,Sample usable,2017-11-06,Sample usable,Yes,Yes,Yes,No,Sample usable,
4,4,6052,59,bl,2017-07-27,2017-07-27,,,2017-07-25,Sample usable,No,Yes,Yes,No,Sample usable,
4,4,6052,59,bl,2017-08-17,2017-08-17,,Sample usable,2017-08-16,,Yes,No,No,No,,
4,4,6053,1,bl,2017-09-01,2017-09-01,,Sample usable,2017-08-25,Sample usable,Yes,Yes,Yes,No,Sample usable,
4,4,6054,59,bl,2017-08-23,2017-08-23,,Sample usable,2017-08-17,Sample usable,Yes,Yes,Yes,No,Sample usable,
4,4,6056,61,bl,2017-09-05,2017-09-05,,Sample usable,2017-08-31,Sample usable,Yes,Yes,Yes,No,Sample usable,
4,4,6057,43,bl,2018-02-14,2018-02-14,,Sample usable,2018-02-06,Sample usable,Yes,Yes,Yes,No,Sample usable,
4,4,6058,59,bl,2017-09-26,2017-09-26,According to 941 site participant was fasting for CSF draw but not for serum&plasma collection, site contacted but redraw could not be obtained.,Sample usable,2017-09-18,Sample usable,Yes,Yes,Yes,No,Sample usable,
4,4,6059,58,bl,2018-02-15,2018-02-15,,Sample usable,2018-02-05,Sample usable,Yes,Yes,Yes,No,Sample usable,
4,4,6061,55,bl,2017-09-21,2017-09-28,,,2017-09-19,Sample usable,No,Yes,Yes,No,Sample usable,
4,4,6061,55,bl,2017-09-28,2017-09-28,,Sample usable,2017-08-30,,Yes,No,No,No,,
4,4,6062,58,bl,2018-02-27,2018-02-27,,Sample usable,2018-02-26,Sample usable,Yes,Yes,Yes,No,Sample usable,
4,4,6063,43,bl,2018-02-27,2018-02-27,,Sample usable,2018-02-20,Sample usable,Yes,Yes,Yes,No,Sample usable,
4,4,6065,58,bl,2018-02-19,2018-02-19,,Sample usable,2018-02-14,Sample usable,Yes,Yes,Yes,No,Sample usable,
4,4,6066,1,bl,2017-09-18,2017-09-18,,Sample usable,2017-09-08,Sample usable,Yes,Yes,Yes,No,Sample usable,
4,4,6067,2,bl,2017-12-05,2017-12-05,,Sample usable,2017-10-13,Sample usable,Yes,Yes,Yes,No,Sample usable,
4,4,6068,59,bl,2017-09-05,2017-09-05,,Sample usable,2017-08-30,Sample usable,Yes,Yes,Yes,No,Sample usable,
4,4,6069,17,bl,2017-09-11,2017-09-11,,Sample usable,2017-09-06,Sample usable,Yes,Yes,Yes,No,Sample usable,
4,4,6072,50,bl,2017-09-11,2017-09-11,Sample QC form not included in shipping packaging,Sample usable,2017-09-07,Sample usable,Yes,Yes,Yes,No,Sample usable,
4,4,6073,9,bl,2017-10-26,2017-10-26,,Sample usable,2017-10-12,Sample usable,Yes,Yes,Yes,No,Sample usable,
4,4,6075,55,bl,2017-10-18,2017-10-18,,Sample usable,2017-10-17,,Yes,No,No,No,,
4,4,6075,55,bl,2017-10-26,2017-10-26,,,2017-10-23,Sample usable,No,Yes,Yes,No,Sample usable,
4,4,6076,11,bl,2017-10-26,2017-10-26,,,2017-10-24,Sample usable,No,Yes,Yes,No,Sample usable,
4,4,6076,11,bl,2018-01-09,2018-01-09,,Sample usable,2017-12-01,,Yes,No,No,No,,
4,4,6080,59,bl,2017-10-18,2017-10-18,,,2017-10-16,Sample usable,No,Yes,Yes,No,Sample usable,
4,4,6080,59,bl,2017-10-26,2017-10-26,,Sample usable,2017-10-20,,Yes,No,No,No,,
4,4,6083,27,bl,2017-11-30,2017-11-30,,Sample usable,2017-11-27,Sample usable,Yes,Yes,Yes,No,Sample usable,
4,4,6084,3,bl,2017-11-16,2017-11-16,,Sample usable,2017-11-13,Sample usable,Yes,Yes,Yes,No,Sample usable,
4,4,6088,26,bl,2017-12-04,2017-12-04,,,2017-11-30,Sample usable,No,Yes,Yes,No,Sample usable,
4,4,6094,59,bl,2017-11-09,2017-11-09,,Sample usable,2017-11-08,Sample usable,Yes,Yes,Yes,No,Sample usable,
4,4,6097,40,bl,2018-01-11,2018-01-11,,,2017-12-04,Sample usable,No,Yes,Yes,No,Sample usable,
4,4,6100,44,bl,2018-02-19,2018-02-19,,,2018-02-12,Sample usable,No,Yes,Yes,No,Sample usable,
4,4,6103,1,bl,2018-01-09,2018-01-09,,Sample usable,2017-12-04,Sample usable,Yes,Yes,Yes,No,Sample usable,
4,4,6104,52,bl,2017-12-04,2017-12-04,,Sample usable,2017-11-14,Sample usable,Yes,Yes,Yes,No,Sample usable,
4,4,6110,52,bl,2018-01-09,2018-01-09,Plasma arrived hemolyzed, will contact site for redraw,Sample usable,2017-11-27,Sample not usable,Yes,Yes,Yes,No,Sample usable,
4,4,6116,55,bl,2018-01-09,2018-01-09,,Sample usable,2017-12-01,,Yes,No,No,No,,
4,4,6116,55,bl,2018-01-12,2018-01-12,,,2017-12-11,Sample usable,No,Yes,Yes,No,Sample usable,
4,4,6117,33,bl,2018-01-12,2018-01-12,,,2017-12-15,Sample usable,No,Yes,Yes,No,Sample usable,
4,4,6118,45,bl,2018-01-09,2018-01-09,,Sample usable,2017-12-06,,Yes,No,No,No,,
4,4,6119,44,bl,2018-02-15,2018-02-15,,Sample usable,2018-02-05,Sample usable,Yes,Yes,Yes,No,Sample usable,
4,4,6125,27,bl,2018-02-13,2018-02-13,,Sample usable,2018-02-07,Sample usable,Yes,Yes,Yes,No,Sample usable,
4,4,6133,44,bl,2018-01-24,2018-01-24,,,2018-01-17,Sample usable,No,Yes,Yes,No,Sample usable,
4,4,6134,26,bl,2018-01-11,2018-01-11,,Sample usable,2018-01-09,Sample usable,Yes,Yes,Yes,No,Sample usable,
4,4,6136,28,bl,2018-01-12,2018-01-12,,,2017-12-14,Sample usable,No,Yes,Yes,No,Sample usable,
4,4,6136,28,bl,2018-01-12,2018-01-12,,Sample usable,2017-12-19,,Yes,No,No,No,,
4,4,6142,58,bl,2018-02-19,2018-02-19,,Sample usable,2018-01-29,Sample usable,Yes,Yes,Yes,No,Sample usable,
4,4,6144,27,bl,2018-01-24,2018-01-24,,Sample usable,2018-01-03,Sample usable,Yes,Yes,Yes,No,Sample usable,
4,4,6146,49,bl,2018-01-24,2018-01-24,,Sample usable,2018-01-22,Sample usable,Yes,Yes,Yes,No,Sample usable,
4,4,6147,47,bl,2018-02-27,2018-02-27,,Sample usable,2018-02-22,Sample usable,Yes,Yes,Yes,No,Sample usable,
4,4,6157,62,bl,2018-02-27,2018-02-27,Plasma arrived hemolyzed, will contact site for redraw,Sample usable,2018-02-23,Sample not usable,Yes,Yes,Yes,No,Sample usable,
4,4,6163,6,bl,2018-02-28,2018-02-28,,,2018-02-27,Sample usable,No,Yes,Yes,No,Sample usable,
4,4,6164,41,bl,2018-02-27,2018-02-27,,Sample usable,2018-02-20,Sample usable,Yes,Yes,Yes,No,Sample usable,
4,4,6168,47,bl,2018-02-19,2018-02-19,,Sample usable,2018-02-14,Sample usable,Yes,Yes,Yes,No,Sample usable,
4,4,6178,55,bl,2018-02-27,2018-02-27,,Sample usable,2018-02-21,Sample usable,Yes,Yes,Yes,No,Sample usable,
4,4,6183,20,bl,2018-02-13,2018-02-13,,,2018-02-08,Sample usable,No,Yes,Yes,No,Sample usable,
4,4,6184,19,bl,2018-02-15,2018-02-15,,,2018-02-05,Sample usable,No,Yes,Yes,No,Sample usable,
4,4,6184,19,bl,2018-02-27,2018-02-27,,Sample usable,2018-02-20,,Yes,No,No,No,,
4,4,6186,14,bl,2018-02-28,2018-02-28,,Sample usable,2018-02-27,Sample usable,Yes,Yes,Yes,No,Sample usable,
4,4,6192,28,bl,2018-02-27,2018-02-27,,Sample usable,2018-02-21,Sample usable,Yes,Yes,Yes,No,Sample usable,
4,4,6207,13,bl,2018-02-27,2018-02-27,,,2018-02-20,Sample usable,No,Yes,Yes,No,Sample usable,
4,4,6209,4,bl,2018-02-27,2018-02-27,,,2018-02-23,Sample usable,No,Yes,Yes,No,Sample usable,
