1,3,2,8,m120,2015-12-11,,Participant has severe joint deformities in bilateral hands which may have minimally affected his response time.,Participant was not familiar with playing cards and thought it might have contributed to the outcome.,Yes,2015-12-08,,,1,In-clinic/Supervised,
1,3,2,8,m120,2015-12-16,,,none,Yes,2015-12-09,,,2,Remote/Independent,
1,3,2,8,m126,2016-07-01,,,none,Yes,2016-06-23,,,3,Remote/Independent,
1,4,2,8,m144,2017-10-26,2017-10-26,,,No,,Participant Unable for Cognitive Reasons,hhlfyc,,,
1,3,21,8,m120,2015-12-11,,,P enjoyed the tasks,Yes,2015-12-07,,,1,In-clinic/Supervised,
1,3,21,8,m120,2015-12-16,,Participants cannot get to login site using any browser for searching. They must use the URL at the top of the webpage.,P called and was distressed that she had difficulty reaching the website. Time set up with coordinator to assist. ntervention,Yes,2015-12-16,,,2,Remote/Independent,
1,3,21,8,m126,2016-07-01,,P called coordinator with difficulty accessing the proper website. Coordinator also did, but later sent her an email with longer http://description.,Participant reports being disappointed with the verbal response to wrong answers,Yes,2016-06-28,,,3,Remote/Independent,
1,4,21,8,m144,2018-01-29,2018-01-29,,,Yes,2018-01-25,,HHMCQH,,,
1,3,56,32,m120,2016-01-20,,,,Yes,2016-01-20,,,1,In-clinic/Supervised,
1,3,59,32,m120,2016-01-20,,,,Yes,2016-01-20,,,1,In-clinic/Supervised,
1,4,69,41,m144,2018-02-06,2018-02-06,,,Yes,2018-01-31,,RJ4YDX,,,
1,4,72,45,m144,2017-10-30,2017-10-30,,,No,,Participant/Study Partner Refused,GK6FH9,,,
1,4,74,20,m132,2017-01-17,2017-01-17,,,Yes,2017-01-17,,33HGGY,,,
1,3,96,16,m120,2016-07-19,2017-02-10,,Had difficulty getting on the website from home. Had to try several times.,Yes,2016-03-07,,,1,In-clinic/Supervised,
1,4,96,17,m132,2017-03-06,2017-03-06,,,Yes,2017-03-06,,49LPPQ,,,
1,4,106,45,m132,2017-10-24,2017-10-24,,,No,,Participant Unable for Cognitive Reasons,GK3KQH,,,
1,3,112,47,m120,2016-10-13,,,,Yes,2016-02-05,,,1,In-clinic/Supervised,
1,3,112,47,m120,2016-10-17,,,,No,,Unknown,,2,Remote/Independent,
1,4,112,47,m132,2017-12-06,2017-12-06,Not called for by protocol - participant has AD diagnosis.,,No,,Other Reason,76967Y,,,
1,4,120,20,m132,2017-04-03,2017-04-03,,,Yes,2017-03-29,,33QRXF,,,
1,4,127,58,m132,2017-09-13,2017-09-13,,,Yes,2017-08-23,,Q9NRP9,,,
1,3,138,48,m120,2016-03-02,,,,Yes,2016-02-18,,,1,In-clinic/Supervised,
1,3,138,48,m120,2016-03-02,,,,Yes,2016-03-01,,,2,Remote/Independent,
1,4,150,27,m132,2017-09-12,2018-02-23,,,No,,Participant Unable for Cognitive Reasons,ck6j77,,,
1,3,156,24,m120,2017-01-18,,,,Yes,2016-06-13,,,1,In-clinic/Supervised,
1,3,156,24,m120,2017-03-02,,,,Yes,2016-07-15,,,2,Remote/Independent,
1,4,156,25,m144,2017-11-03,2017-11-03,,,Yes,2017-10-26,,PPD94Q,,,
1,4,159,16,m132,2017-06-05,2017-06-05,,,No,,Participant/Study Partner Refused,9CRQC4,,,
1,3,178,15,m120,2016-03-10,,,,Yes,2016-02-29,,,1,In-clinic/Supervised,
1,3,178,15,m120,2016-03-14,,,,Yes,2016-03-11,,,2,Remote/Independent,
1,3,178,15,m120,2016-09-12,,,,Yes,2016-09-12,,,3,Remote/Independent,
1,4,178,16,m132,2017-05-31,2017-05-31,,,Yes,2017-04-19,,9CPFY9,,,
1,3,200,48,m120,2016-03-28,,,,Yes,2016-03-16,,,1,In-clinic/Supervised,
1,3,200,48,m120,2016-04-28,,,Participant stated he forgot to log in after in-clinic visit. Upon remainder logged in and completed the independent test.,Yes,2016-04-27,,,2,Remote/Independent,
1,3,205,48,m120,2016-06-17,,,,Yes,2016-02-29,,,1,In-clinic/Supervised,
1,3,205,48,m120,2016-06-20,,,,Yes,2016-03-01,,,2,Remote/Independent,
1,4,210,58,m144,2017-12-06,2017-12-06,,,No,,Participant/Study Partner Refused,Q9PYYJ,,,
1,3,225,48,m120,2016-04-06,,,Participant does not have computer access.,No,,Participant Unable for Other Reasons (Physical, auditory, etc.),,1,In-clinic/Supervised,
1,3,229,48,m120,2016-04-11,,,Subject does not know how to use a computer.,No,,Other Reason,,1,In-clinic/Supervised,
1,3,259,47,m120,2016-05-23,,Participant too tired at the end of the main study visit.  Cogstate not completed.,,No,,Participant/Study Partner Refused,,1,In-clinic/Supervised,
1,4,259,47,m132,2017-11-16,2017-11-16,Participant AD - not called for by protocol,,No,,Other Reason,766HX9,,,
1,3,272,48,m120,2016-05-11,,,,Yes,2016-05-05,,,1,In-clinic/Supervised,
1,3,272,48,m120,2016-06-23,2016-09-28,,,Yes,2016-05-25,,,2,Remote/Independent,
1,4,303,27,m132,2017-04-12,2017-04-12,,,No,,Participant/Study Partner Refused,CJL4QG,,,
1,4,337,16,m132,2017-06-26,2017-06-26,,,Yes,2017-06-13,,9D6PRX,,,
1,4,377,27,m132,2017-03-16,2017-03-16,,,Yes,2017-03-13,,CJ4GNG,,,
1,4,413,1,m132,2017-06-21,2017-06-21,,,Yes,2017-06-15,,9R37L9,,,
1,3,416,42,m120,2016-01-09,,Signed ICF 1/4/16.,Felt beginning practice session was boring--same card (Joker) & it felt like it took a long time.,Yes,2016-01-08,,,1,In-clinic/Supervised,
1,4,416,43,m132,2017-07-26,2017-07-26,,,Yes,2017-07-10,,L4HYXY,,,
1,4,454,27,m132,2017-09-21,2018-02-23,,no computer access at retirement home,No,,Equipment/Technical related issue,ck9kpd,,,
1,4,467,27,m132,2017-09-13,2018-02-23,,,No,,Participant Unable for Cognitive Reasons,ckjkg6,,,
1,3,473,33,m120,2016-09-30,,,,Yes,2016-04-26,,,1,In-clinic/Supervised,
1,4,473,58,m132,2017-10-27,2017-10-27,Subject needed to get to another appointment and said he would perform the assessment at home. Instructions given,,No,,Other Reason,Q9Q9WQ,,,
1,4,498,4,m132,2017-10-27,2017-10-27,,,Yes,2017-10-23,,D7CPGC,,,
1,3,522,48,m120,2016-04-12,,,Subject does not know how to use computer,No,,Other Reason,,1,In-clinic/Supervised,
1,4,602,3,m132,2017-11-16,2017-11-16,,,Yes,2017-10-30,,PGQ4G4,,,
1,4,610,3,m132,2017-09-12,2017-09-12,,,Yes,2017-08-29,,PGKQWQ,,,
1,4,626,16,m132,2017-06-01,2017-06-01,per protocol, AD subjects excluded from cogstate,,No,,Other Reason,9CWK9D,,,
1,3,668,55,m108,2015-10-02,,,,Yes,2015-09-29,,,1,In-clinic/Supervised,
1,3,668,55,m108,2016-01-27,,,,Yes,2015-10-11,,,2,Remote/Independent,
1,3,668,55,m108,2016-09-06,,,,Yes,2016-03-09,,,3,Remote/Independent,
1,3,668,55,m120,2016-10-24,,,,No,,Participant/Study Partner Refused,,4,In-clinic/Supervised,
1,4,677,23,m132,2017-07-21,2017-07-21,,,Yes,2017-07-20,,7XW4KM,,,
1,4,679,28,m132,2017-06-21,2017-06-21,,,Yes,2017-06-16,,CRKXG3,,,
1,3,684,47,m120,2016-10-03,,Participant attempted the Cogstate Battery on 8/12/2016.  She withdrew in the middle of testing though due to eye strain with using the program on the computer.  (Participant has known vision problems - see AEs).,,No,,Participant Unable for Other Reasons (Physical, auditory, etc.),,1,In-clinic/Supervised,
1,4,684,47,m132,2017-09-09,2017-09-09,,Due to her vision problems, she said she had difficulty differentiating the shapes during the recall task (ie hearts vs diamonds and spades vs clubs).  She could see the colors just fine. The on-card back task was ok for her as well.,Yes,2017-09-08,,74MPR9,,,
1,4,698,5,m132,2017-09-28,2017-09-28,,,No,,Participant Unable for Cognitive Reasons,9K4YHP,,,
1,4,731,4,m132,2017-09-21,2017-09-21,,,Yes,2017-09-07,,D6WWGQ,,,
1,4,734,24,m132,2017-10-17,2017-10-17,,Subject said it took too long and did not give him any feedback, and so he does not want to continue doing it at home.,Yes,2017-10-13,,M3HDRG,,,
1,4,751,6,m132,2017-07-13,2017-07-13,,,Yes,2017-07-12,,JLH3NC,,,
1,4,767,55,m132,2017-06-23,2017-06-23,,,Yes,2017-06-23,,3WYYHX,,,
1,3,800,55,m108,2015-09-16,,,,Yes,2015-09-16,,,1,In-clinic/Supervised,
1,3,800,55,m108,2016-01-29,,Participant tried several times to complete the testing remotely. He was unable to bring the website up. After discussing with the CC and participant, it was decided to have him complete the testing on site. The participant was left in a testing room to l,,Yes,2015-10-22,,,2,In-clinic/Supervised,
1,4,802,58,m132,2017-07-07,2017-07-07,,,Yes,2017-06-29,,Q9RKKL,,,
1,3,896,38,m108,2016-01-13,,,,Yes,2016-01-06,,,1,In-clinic/Supervised,
1,3,896,38,m108,2016-06-30,,,,Yes,2016-01-20,,,2,Remote/Independent,
1,3,925,47,m108,2016-03-31,,Because the participant was having trouble telling the difference between red and black, this portion of the the test repeated several times.  By this point, the participant had already taken the "have you seen this card before?" section, which allows the,Participant indicated it was hard to tell the difference between red and black.  We adjusted the screen several times, but he still had trouble with this.,Yes,2016-03-30,,,1,In-clinic/Supervised,
1,4,969,50,m132,2017-11-07,2017-11-07,,,Yes,2017-05-22,,J2DKW9,,,
1,4,1016,24,m132,2017-12-21,2017-12-21,Subject did fine in clinic, but called and was unable to log in from home. I walked her through process but she was unable to get it to work; not sure if it was a technical issue, but she decided not to do them at home.,,Yes,2017-12-05,,M3N63K,,,
1,4,1052,55,m120,2017-06-02,2017-06-02,Patient's English reading is not very well, coordinator had to read instructions and explain them to her between every practice and test. Patient had trouble understanding the basics of each test even after thorough explanations.,,Yes,2017-06-01,,3WXQXH,,,
1,4,1078,27,m120,2017-02-23,2017-02-27,ID was not provided since pt and study partner refused.,,No,,Participant/Study Partner Refused,CJ7X99,,,
1,4,1078,27,m132,2018-02-23,2018-02-23,,,No,,Participant Unable for Cognitive Reasons,,,,
1,4,1098,24,m132,2017-12-21,2017-12-21,,Subject in AD arm; not required per protocol.,No,,Participant Unable for Cognitive Reasons,M3LQMR,,,
1,4,1122,2,m120,2017-05-19,2017-05-19,,,Yes,2017-05-18,,JDQGYn,,,
1,4,1155,1,m120,2017-04-24,2017-04-24,,,Yes,2017-04-20,,9QLX3G,,,
1,4,1169,23,m132,2017-12-21,2017-12-21,,,Yes,2017-12-19,,7YCJNL,,,
1,3,1190,17,m108,2016-05-19,2016-10-06,subject has mild difficulty switching between instructions, practice, and tests,no comments,Yes,2016-05-04,,,1,In-clinic/Supervised,
1,3,1190,17,m108,2016-10-12,,Participant can't remember exactly what date cogstate was completed on but reports that she followed the instructions on the handout she was given and that 5/16 "sounds right",Participant still has trouble switching from task to task quickly.,Yes,2016-05-16,,,2,Remote/Independent,
1,4,1190,18,m132,2017-11-13,2017-11-13,,,Yes,2017-10-27,,7FQLYR,,,
1,4,1222,5,m132,2018-01-11,2018-01-11,,,Yes,2017-12-18,,9KDRF9,,,
1,4,1261,1,m120,2017-03-15,2017-03-15,,,Yes,2017-03-14,,9QJ374,,,
1,4,1280,1,m120,2017-03-03,2017-03-03,,,Yes,2017-03-02,,9QC496,,,
1,4,1286,41,m132,2018-02-06,2018-02-06,,,Yes,2018-02-01,,RJ7D7L,,,
1,4,1300,45,m120,2017-06-27,2017-06-27,CBB not completed due to the participant being in the AD Cohort.,,No,,Other Reason,GJY766,,,
1,4,1378,55,m120,2017-07-13,2017-07-13,,,Yes,2017-07-13,,3X7HNW,,,
1,3,1408,48,m108,2016-07-25,,,,Yes,2016-07-19,,,1,In-clinic/Supervised,
1,3,1408,48,m108,2016-07-26,,,,Yes,2016-07-25,,,2,Remote/Independent,
1,4,1418,28,m120,2017-09-25,2017-09-25,,,Yes,2017-07-18,,CRX4LR,,,
1,4,1427,47,m120,2017-10-20,2017-10-20,not called for by protocol - participant has AD,,No,,Other Reason,74WGFC,,,
2,3,2002,48,m72,2016-06-14,,,,Yes,2016-06-09,,,1,In-clinic/Supervised,
2,3,2002,48,m72,2016-06-15,,,,Yes,2016-06-14,,,2,Remote/Independent,
2,3,2061,24,m60,2016-08-26,2018-02-28,,,Yes,2016-03-29,,,1,In-clinic/Supervised,
2,3,2061,24,m60,2016-08-26,,,,Yes,2016-04-11,,,2,Remote/Independent,
2,3,2061,24,m72,2017-03-02,,,,Yes,2016-09-14,,,3,In-clinic/Supervised,
2,3,2061,24,m72,2017-03-02,,,,Yes,2016-09-22,,,4,Remote/Independent,
2,4,2061,25,m84,2017-09-15,2017-09-15,,,Yes,2017-09-13,,PPCQK6,,,
2,4,2068,18,m84,2017-10-31,2017-11-01,Participant does not have a personal computer at home and does not want to use the computer at the library. Per the protocol, we did not complete the in clinic CBB because there would not be any follow up at home assessments.,,No,,Other Reason,7FQN99,,,
2,4,2119,23,m84,2017-06-13,2017-06-13,,,Yes,2017-06-13,,7XRXK3,,,
2,4,2121,37,m84,2018-03-06,2018-03-06,,,Yes,2018-02-07,,3LHJCQ,,,
2,3,2130,48,m60,2016-02-16,,,,Yes,2016-01-27,,,1,In-clinic/Supervised,
2,3,2130,48,m60,2016-02-16,,,,Yes,2016-02-10,,,2,Remote/Independent,
2,3,2130,48,m60,2016-09-28,,,,Yes,2016-08-01,,,3,Remote/Independent,
2,3,2133,13,m60,2015-12-07,,,,Yes,2015-12-07,,,1,In-clinic/Supervised,
2,3,2133,13,m60,2016-01-14,2016-06-29,,,Yes,2015-12-22,,,2,Remote/Independent,
2,3,2133,13,m60,2016-06-06,,,,Yes,2016-06-05,,,3,Remote/Independent,
2,4,2133,13,m84,2018-01-12,2018-01-12,,,Yes,2018-01-10,,K9NNHX,,,
2,3,2146,47,m60,2015-11-23,,,,Yes,2015-10-21,,,1,In-clinic/Supervised,
2,3,2146,47,m60,2016-07-05,2016-10-13,,,Yes,2015-10-27,,,2,Remote/Independent,
2,4,2146,47,m84,2017-10-11,2017-10-11,,,Yes,2017-10-10,,74RNXF,,,
2,3,2155,13,m60,2015-12-04,,,,Yes,2015-12-04,,,1,In-clinic/Supervised,
2,3,2155,13,m60,2016-01-14,2016-10-04,subject had problems accessing website and using log in credentials,,Yes,2015-12-15,,,2,Remote/Independent,
2,3,2155,13,m60,2016-06-29,,,,Yes,2016-06-08,,,3,Remote/Independent,
2,4,2155,13,m84,2017-09-07,2017-09-07,,Participant being extremely upset with the "Have You Seen This Card" portion and refused to continue.,No,,Participant Unable for Cognitive Reasons,K99WFP,,,
2,3,2180,13,m60,2016-01-08,,,,Yes,2016-01-06,,,1,In-clinic/Supervised,
2,3,2180,13,m60,2016-01-20,,,,Yes,2016-01-20,,,2,Remote/Independent,
2,3,2180,13,m60,2016-07-15,2016-10-04,,,Yes,2016-07-07,,,3,Remote/Independent,
2,4,2180,13,m84,2017-09-27,2017-09-27,,,Yes,2017-09-27,,K9FFXM,,,
2,3,2183,19,m60,2015-12-15,,,,Yes,2015-12-11,,,1,In-clinic/Supervised,
2,3,2183,19,m60,2015-12-21,,,,Yes,2015-12-21,,,2,Remote/Independent,
2,3,2183,19,m60,2016-06-15,,Subject a few calls in order to log in and needed reminder that K and D were on his keyboard, rather than to be clicked on with his mouse.,,Yes,2016-06-15,,,3,Remote/Independent,
2,4,2183,20,m72,2017-02-17,2017-02-17,,,Yes,2017-01-18,,33C4NR,,,
2,4,2183,20,m84,2017-12-28,2017-12-28,,,Yes,2017-12-27,,,,,
2,3,2184,33,m60,2016-11-14,,,Called first task "numbing", wished every task was shorter.,Yes,2016-11-14,,,1,In-clinic/Supervised,
2,4,2184,58,m84,2017-10-20,2017-10-20,,,Yes,2017-10-09,,Q9XNJ7,,,
2,4,2185,11,m84,2017-09-02,2017-09-02,,not interested,No,,Participant/Study Partner Refused,P6KLWL,,,
2,4,2187,58,m84,2017-07-20,2017-07-20,,,No,,Participant/Study Partner Refused,Q9XPDY,,,
2,4,2196,33,m84,2017-09-28,2017-09-28,,Participant has significant difficulty using a computer and was not able to complete the battery.,No,,Participant Unable for Cognitive Reasons,4KDQQY,,,
2,4,2201,38,m84,2017-10-05,2017-10-05,,,Yes,2017-10-04,,N9K44H,,,
2,3,2213,47,m60,2015-12-21,,,,Yes,2015-12-03,,,1,In-clinic/Supervised,
2,4,2219,20,m72,2017-02-17,2017-02-17,,,No,,Participant/Study Partner Refused,33JM47,,,
2,4,2219,20,m84,2018-02-06,2018-02-06,Participant did not wish to participate in the CBB at the beginning of ADNI3 so they will not be completing at this visit or following visits.,,No,,Other Reason,,,,
2,3,2220,48,m60,2016-02-16,,Subject had a prior engagement on the day of the visit. Unable to complete the in-clinic CBB on day of visit and had to return the next day.,,Yes,2016-01-27,,,1,In-clinic/Supervised,
2,3,2220,48,m60,2016-02-16,,,,Yes,2016-02-09,,,2,Remote/Independent,
2,3,2220,48,m60,2016-10-17,,,,Yes,2016-08-17,,,3,Remote/Independent,
2,3,2234,47,m60,2016-07-05,,,,Yes,2016-06-15,,,1,In-clinic/Supervised,
2,3,2234,47,m60,2016-07-05,,,,Yes,2016-06-16,,,2,Remote/Independent,
2,3,2234,47,m72,2017-01-27,,,none,Yes,2017-01-26,,,3,In-clinic/Supervised,
2,4,2238,38,m84,2018-01-17,2018-01-17,,,Yes,2018-01-11,,N9P4P3,,,
2,3,2239,18,m60,2015-12-22,,,Subject a bit nervous at first but was able to get comfortable with the computer.,Yes,2015-11-20,,,1,In-clinic/Supervised,
2,3,2239,18,m60,2015-12-22,2016-09-12,Reminder call was made to subject on 12/3/15.  She reported she was planning to do it the next day 12/4/15.,,Yes,2015-12-05,,,2,Remote/Independent,
2,3,2239,18,m60,2016-09-12,,,,Yes,2016-05-14,,,3,Remote/Independent,
2,3,2239,18,m60,2016-11-17,,,no comments given.,Yes,2016-11-15,,,4,Remote/Independent,
2,4,2239,19,m72,2017-04-03,2017-04-03,,,Yes,2017-03-30,,667Y7H,,,
2,3,2245,19,m60,2016-01-06,,,,Yes,2016-01-06,,,1,In-clinic/Supervised,
2,3,2245,19,m60,2016-01-15,,,,Yes,2016-01-15,,,2,Remote/Independent,
2,3,2245,19,m60,2016-07-07,,,,Yes,2016-07-06,,,3,Remote/Independent,
2,4,2245,20,m72,2017-02-15,2017-02-15,,,Yes,2017-01-04,,337KPJ,,,
2,4,2245,20,m84,2018-01-10,2018-01-10,,,Yes,2018-01-03,,,,,
2,3,2263,16,m60,2017-02-10,,,,Yes,2016-03-18,,,2,In-clinic/Supervised,
2,3,2263,16,m60,2016-03-22,2016-09-14,,,Yes,2016-04-05,,,1,Remote/Independent,
2,4,2263,17,m72,2017-04-19,2017-04-19,,,Yes,2017-04-18,,49MNGN,,,
2,3,2274,8,m60,2016-02-11,2016-09-08,In Clinic assessment done 2/15/16. P did not complete the CBB at the visit on 2/9 as originally recorded. P should have had a reminder of D and K keys being yes and no for 2 trials. Did well when directions understood. Will need to have his spouse set up ,Tell my wife how to get me get on to this website.,Yes,2016-02-15,,,1,In-clinic/Supervised,
2,3,2274,8,m60,2016-02-26,,Participant and CS needed to be contacted for reminder, but the remote assessment had been done. Unclear on the specific date of completion.,,Yes,2016-02-22,,,2,Remote/Independent,
2,3,2301,32,m60,2016-03-03,,,,Yes,2016-03-03,,,1,In-clinic/Supervised,
2,3,2301,32,m60,2016-07-07,,,,Yes,2016-03-08,,,2,Remote/Independent,
2,4,2301,33,m72,2017-08-11,2017-08-11,,,Yes,2017-08-11,,4K4GG3,,,
2,3,2304,32,m60,2016-03-21,,,,Yes,2016-03-18,,,1,In-clinic/Supervised,
2,3,2304,32,m60,2016-07-07,,,,Yes,2016-04-03,,,2,Remote/Independent,
2,4,2304,33,m72,2018-02-27,2018-02-27,,,Yes,2017-08-16,,4K9LWK,,,
2,3,2308,11,m60,2017-02-04,,,,Yes,2016-04-28,,,1,In-clinic/Supervised,
2,3,2308,11,m60,2017-02-04,,,difficulty accessing website from home.,Yes,2016-05-10,,,2,Remote/Independent,
2,4,2308,11,m72,2017-08-14,2017-08-16,Participant did not consent to CBB because of limited access to computer/internet.,I no longer have convenient access to computer/internet. I also had quite a bit of difficulty with website when I tried to do it in ADNI 2.,No,,Participant/Study Partner Refused,P6HXXF,,,
2,4,2315,58,m72,2017-09-22,2017-09-22,Test would not load after numerous attempts,,No,,Equipment/Technical related issue,Q9XRGP,,,
2,4,2332,49,m72,2017-05-12,2017-05-12,,,Yes,2017-05-11,,3DQ3QK,,,
2,4,2333,55,m84,2017-12-20,2017-12-20,,,Yes,2017-12-20,,3XFK7G,,,
2,3,2367,37,m60,2016-06-03,,,,Yes,2016-05-17,,,1,In-clinic/Supervised,
2,3,2367,37,m60,2016-07-05,,,,Yes,2016-05-19,,,2,Remote/Independent,
2,3,2367,37,m60,2016-11-22,,,,Yes,2016-11-22,,,3,Remote/Independent,
2,4,2373,50,m72,2017-11-07,2017-11-07,,,No,,Participant Unable for Cognitive Reasons,J4KRJN,,,
2,4,2374,2,m72,2017-12-13,2017-12-13,,,No,,Participant/Study Partner Refused,JDQGYn,,,
2,4,2379,17,m72,2017-06-01,2017-06-01,,,Yes,2017-05-17,,49PD74,,,
2,4,2392,43,m72,2017-08-04,2017-08-04,Technical issues on Cogstate website--test sequence not available.  Sponsor notified that participant could not wait any longer & would try to log in from home tomorrow-8/4/17.,,No,,Equipment/Technical related issue,L4JLQ3,,,
2,3,2394,5,m60,2016-07-28,,,,Yes,2016-07-19,,,1,In-clinic/Supervised,
2,3,2394,5,m60,2016-07-28,,,It went OK,Yes,2016-07-26,,,2,Remote/Independent,
2,4,2394,5,m72,2017-08-17,2017-08-17,,,Yes,2017-08-14,,9JX3GQ,,,
2,4,2403,50,m72,2017-07-07,2017-07-07,participant has a diagnosis of AD,,No,,Other Reason,134456,,,
3,3,4003,38,m60,2016-05-06,,,,Yes,2016-04-19,,,1,In-clinic/Supervised,
3,3,4003,38,m60,2016-08-25,,No issues, mentioned completing remote testing on 04/25/2016.,None.,Yes,2016-04-25,,,2,Remote/Independent,
3,4,4003,39,m84,2017-12-13,2017-12-13,,,Yes,2017-12-13,,HPGKPH,,,
3,3,4004,27,m60,2016-05-27,,,participant commented that the directions were easy to understand and the interface was user friendly,Yes,2016-05-24,,,1,In-clinic/Supervised,
3,3,4004,27,m60,2016-06-23,,,,Yes,2016-06-08,,,2,Remote/Independent,
3,4,4004,28,m72,2017-11-06,2017-11-06,,,No,,Other Reason,CWQYD7,,,
3,4,4028,27,m72,2017-11-08,2017-11-08,,,Yes,2017-11-07,,CJYQPJ,,,
3,4,4030,27,m72,2017-09-20,2018-02-23,,,No,,Participant Unable for Cognitive Reasons,ckc64j,,,
3,4,4036,59,m72,2018-02-14,2018-02-14,,,Yes,2017-11-27,,NRYYQ6,,,
3,4,4037,28,m72,2017-09-25,2017-09-25,,,No,,Participant/Study Partner Refused,CRRCL3,,,
3,4,4041,28,m72,2017-11-06,2017-11-17,,participant resides in nursing home,No,,Other Reason,CWL4FN,,,
3,4,4051,28,m72,2017-06-08,2017-06-08,,,Yes,2017-06-08,,CRHQYY,,,
3,4,4060,28,m72,2017-09-15,2017-09-15,,,Yes,2017-09-11,,CW6L96,,,
3,4,4061,58,m72,2017-09-28,2017-09-28,,,Yes,2017-09-26,,QC3YFC,,,
3,4,4067,58,m72,2017-07-28,2017-07-28,,,Yes,2017-07-27,,QC9NHR,,,
3,3,4071,26,m54,2016-10-20,2016-11-10,,,Yes,2016-07-22,,,1,In-clinic/Supervised,
3,3,4071,26,m54,2016-10-20,,,,Yes,2016-07-30,,,2,Remote/Independent,
3,4,4071,27,m72,2017-03-27,2017-03-27,,,No,,Participant/Study Partner Refused,CJK9XG,,,
3,3,4072,32,m60,2016-07-28,,,Assessment froze and restarted about halfway through. Participant started over and was successful in completing it. Participant did express frustration with the assessment as she does not play cards and does not recognize suits of the cards and found it d,Yes,2016-07-28,,,1,In-clinic/Supervised,
3,3,4072,32,m60,2016-08-08,,,1). Using middle-row letter keys K&D instead of arrows is physically awkward. 2). Playing card recognition is not a universal skill. 3). Just plain annoying,Yes,2016-08-07,,,2,Remote/Independent,
3,4,4072,33,m72,2017-09-25,2017-09-25,,,Yes,2017-08-25,,4KCDDG,,,
3,4,4076,40,m72,2017-10-05,2017-10-05,,,Yes,2017-10-04,,6QQMNK,,,
3,4,4084,19,m72,2017-08-07,2017-08-07,,She said she enjoyed it.,Yes,2017-08-07,,66GFJ6,,,
3,4,4086,40,m72,2017-11-14,2017-11-14,,Participant states not interested.,No,,Participant/Study Partner Refused,6QRPY7,,,
3,4,4100,59,m72,2017-10-26,2017-10-26,,Participant has no access to a computer or internet,No,,Participant Unable for Other Reasons (Physical, auditory, etc.),NRRF9X,,,
3,3,4105,8,m48,2015-12-29,,,,Yes,2015-12-28,,,1,In-clinic/Supervised,
3,3,4105,8,m48,2016-02-25,,Approval from Clinops to have participant complete assessment out of window. Participant had surgery, on pain medication with limited mobility.,Apologetic about the delay in completing battery,Yes,2016-02-16,,,2,Remote/Independent,
3,3,4105,8,m54,2016-07-01,,,,Yes,2016-06-27,,,3,Remote/Independent,
3,4,4105,8,m72,2017-12-07,2017-12-07,,None,Yes,2017-12-07,,HHJNLY,,,
3,3,4114,24,m60,2016-10-12,,,,Yes,2016-08-12,,,1,In-clinic/Supervised,
3,3,4114,24,m60,2016-10-12,,,,Yes,2016-08-15,,,2,Remote/Independent,
3,4,4114,25,m72,2017-10-25,2017-10-25,,,Yes,2017-09-27,,PPCRR3,,,
3,4,4115,18,m72,2018-01-19,2018-01-19,,The "have you seen this card before" task was very confusing and difficult.,Yes,2018-01-11,,7G6Q9X,,,
3,4,4119,2,m72,2017-12-06,2017-12-06,,,Yes,2017-11-02,,JDQGYn,,,
3,3,4128,9,m48,2015-09-18,,,,Yes,2015-09-17,,,1,In-clinic/Supervised,
3,4,4138,28,m72,2017-09-25,2017-11-06,,,No,,Other Reason,CWJ6DM,,,
3,3,4143,27,m48,2015-10-26,2015-10-29,Participant required the "have you seen this card before" task to be explained during practice.  She also needed to be oriented to the idea of using the d and k keys as Yes and No.,,Yes,2015-10-26,,,1,In-clinic/Supervised,
3,3,4143,27,m48,2016-07-11,2017-05-16,,,Yes,2015-11-02,,,2,Remote/Independent,
3,4,4143,28,m72,2017-11-06,2017-11-06,,,Yes,2017-07-07,,CRQ7MG,,,
3,4,4148,47,m72,2017-09-08,2017-09-08,,,Yes,2017-07-20,,74JMXJ,,,
3,4,4150,4,m72,2017-11-22,2017-11-22,,,Yes,2017-10-23,,D79C9F,,,
3,4,4160,55,m72,2017-06-29,2017-06-29,,,Yes,2017-06-29,,3X7MPQ,,,
3,3,4162,37,m60,2016-11-10,,,Subject was unable to complete CBB. The One Card Learning task was too difficult for the subject and she refused to continue. Subject will be withdrawing from CBB sub-study.,Yes,2016-10-26,,,1,In-clinic/Supervised,
3,4,4164,18,m72,2017-12-19,2017-12-19,,,Yes,2017-12-18,,7G6JXC,,,
3,4,4168,3,m72,2017-09-15,2017-09-15,,,Yes,2017-09-13,,PGNR66,,,
3,4,4169,19,m72,2017-09-01,2017-09-01,,,Yes,2017-08-31,,66HDCC,,,
3,4,4170,45,m72,2017-11-09,2017-11-09,,,No,,Participant/Study Partner Refused,GK4KWJ,,,
3,4,4176,24,m72,2018-01-12,2018-01-12,,CBB done in clinic on 10-JAN-2018 but does not want to continue at home. Never plays cards so too confusing, long.,Yes,2018-01-10,,M3P3CJ,,,
3,4,4177,24,m72,2018-02-02,2018-02-02,,,Yes,2018-01-24,,M3PG76,,,
3,4,4179,24,m72,2018-02-05,2018-02-05,,,Yes,2018-01-24,,M3WMPX,,,
3,4,4185,3,m72,2017-09-21,2017-09-21,,,Yes,2017-09-21,,PGPRH3,,,
3,4,4187,59,m72,2017-06-06,2017-06-06,,,Yes,2017-06-05,,NR4RJC,,,
3,3,4197,47,m48,2015-11-17,,,,Yes,2015-10-16,,,1,In-clinic/Supervised,
3,3,4197,47,m48,2015-11-17,,,,Yes,2015-10-28,,,2,Remote/Independent,
3,3,4197,47,m48,2016-07-05,,,,Yes,2016-03-01,,,3,Remote/Independent,
3,3,4197,47,m60,2016-10-03,,Participant attempted the CBB on 9/13/2016.  Participant decided to stop part way through due to frustration with the testing related his memory difficulties (MCI).,,No,,Other Reason,,4,In-clinic/Supervised,
3,4,4197,47,m72,2017-12-07,2017-12-07,,,No,,Participant/Study Partner Refused,76JJWX,,,
3,3,4198,47,m48,2016-01-27,,,,Yes,2015-10-16,,,1,In-clinic/Supervised,
3,3,4198,47,m48,2016-01-27,,participant had difficulty getting to the page to log in.  I think she was typing the web address into a search engine instead of entering the address directly into the address bar.  I e-mailed her the link and she was able to access the page from there.,,Yes,2015-10-28,,,2,Remote/Independent,
3,3,4198,47,m48,2016-07-05,,,,Yes,2016-03-01,,,3,Remote/Independent,
3,4,4198,47,m72,2017-12-04,2017-12-04,,,Yes,2017-10-05,,74QYX7,,,
3,3,4200,27,m48,2015-10-30,,,,Yes,2015-10-28,,,1,In-clinic/Supervised,
3,4,4200,28,m72,2017-11-06,2017-11-06,,,Yes,2017-10-17,,CWC994,,,
3,4,4210,47,m72,2017-10-02,2017-10-02,,Participant found it frustrating that cards are used in this test because he is not a card player and feels it is meaningless for him.  He indicated that he doesn't care for cards and has no incentive to memorize them.  

Also, he recommended that once th,Yes,2017-09-20,,74NWFY,,,
3,4,4213,1,m72,2017-08-18,2017-08-18,,,Yes,2017-08-10,,9R7KR4,,,
3,4,4214,27,m60,2017-02-21,2017-02-21,,,Yes,2017-02-17,,CHYXHK,,,
3,4,4229,1,m72,2017-10-10,2017-10-10,,,Yes,2017-09-14,,9RHWNR,,,
3,3,4234,37,m36,2016-05-06,,,,Yes,2016-05-05,,,1,In-clinic/Supervised,
3,3,4234,37,m36,2016-07-05,,,,Yes,2016-05-13,,,2,Remote/Independent,
3,3,4234,37,m36,2016-11-21,,,,Yes,2016-11-20,,,3,Remote/Independent,
3,4,4234,38,m72,2018-01-25,2018-01-25,,subject unable to compete due to mental fatigue,No,,Other Reason,N9PPG7,,,
3,3,4235,8,m60,2016-10-11,,Participant was former IT programmer, thus familiar with computer access and expectations.,,Yes,2016-10-10,,,1,In-clinic/Supervised,
3,3,4235,8,m60,2016-10-12,,,,Yes,2016-10-11,,,2,Remote/Independent,
3,4,4254,16,m60,2017-05-01,2017-05-01,,,No,,Participant/Study Partner Refused,9CR4FC,,,
3,3,4271,27,m48,2015-10-28,,,,Yes,2015-10-27,,,1,In-clinic/Supervised,
3,3,4271,27,m48,2016-06-23,,,,Yes,2015-10-30,,,2,Remote/Independent,
3,4,4271,28,m72,2017-11-01,2017-11-01,,,Yes,2017-09-22,,CW7Q93,,,
3,4,4272,5,m72,2018-01-18,2018-01-18,A bit of confusion with differentiation of the cards seen in the practice sessions vs. the cards seen in the testing sessions.,,Yes,2018-01-16,,9KFMWM,,,
3,4,4276,16,m60,2017-04-15,2017-04-15,,,Yes,2017-04-07,,9CNJ43,,,
3,4,4277,23,m72,2017-08-01,2017-08-01,,,Yes,2017-07-21,,7XYMHQ,,,
3,3,4278,8,m54,2016-02-08,,CS will need to support P in accessing the CBB online, remotely. P had difficulty inderstading the instructions when shifting form the practice to trial when asked to remember cards. Continually reinforced the new start of practice or session was like hav,At the end of the session, "Oh, I think I know how to do this now.",Yes,2016-02-08,,,1,In-clinic/Supervised,
3,3,4278,8,m54,2016-02-25,,participant and CS needed a reminder to return their reimbursement form with date of remote assessment,,Yes,2016-02-17,,,2,Remote/Independent,
3,3,4278,8,m54,2016-08-26,2016-10-12,Participant definitely completed the CBB on 8/22/16.  Coordinator unable to provide an explanation for the absence of the  completed document.                                  P was contacted by phone for a reminder on 8/19 following a letter mailed 8/12.,,Yes,2016-08-22,,,3,Remote/Independent,
3,4,4278,8,m72,2017-12-06,2017-12-06,Participant became frustrated while testing.,,Yes,2017-12-04,,HJ33RH,,,
3,4,4288,2,m72,2018-03-01,2018-03-01,,,Yes,2017-09-26,,JDPLWP,,,
3,4,4292,59,m72,2017-08-10,2017-08-10,,,Yes,2017-08-10,,NR99D4,,,
3,4,4293,14,m72,2017-06-07,2017-06-07,Patient spent nearly 40 minutes doing the practice trials and tests, but was getting frustrated and tired and no longer wished to continue.  He will try again at home, in 2 weeks.,Patient spent nearly 40 minutes doing the practice trials and tests, but was getting frustrated and tired and no longer wished to continue.  He will try again at home, in 2 weeks.,No,,Other Reason,7MGYW3,,,
3,4,4294,50,m72,2017-11-10,2017-11-10,,,No,,Other Reason,j4mwdp,,,
3,4,4299,54,m72,2017-12-22,2017-12-22,,,No,,Participant/Study Partner Refused,4QQRN6,,,
3,4,4301,47,m72,2017-12-06,2017-12-06,,,No,,Participant/Study Partner Refused,7649F4,,,
3,4,4302,27,m60,2017-01-26,2017-03-16,,family does not want pt using a computer,No,,Participant/Study Partner Refused,CJGF74,,,
3,4,4308,27,m60,2017-08-16,2017-08-16,,,Yes,2017-08-14,,CJX6KX,,,
3,3,4313,13,m48,2016-01-14,,,,Yes,2015-11-18,,,1,In-clinic/Supervised,
3,3,4313,13,m48,2016-01-14,2016-10-04,participant had difficulty accessing the website and using log in credentials,,Yes,2015-12-08,,,2,Remote/Independent,
3,3,4313,13,m54,2016-10-04,,,,Yes,2016-05-18,,,3,Remote/Independent,
3,3,4313,13,m60,2016-11-21,,,Participant had issues with the sizing of the exam on screen. Had to reduce the view size to complete the test.,Yes,2016-11-19,,,4,Remote/Independent,
3,4,4313,13,m72,2017-10-20,2017-10-20,PARTICIPANT HAD NO PROBLEMS OR ISSUES. FINISHED TEST QUICKLY AND HAD NO QUESTIONS,,Yes,2017-10-17,,K9HDMC,,,
3,4,4324,6,m72,2017-07-11,2017-07-11,,,No,,Participant Unable for Cognitive Reasons,JLG3R7,,,
3,4,4332,58,m72,2017-07-14,2017-07-14,,,Yes,2017-07-05,,QCFWN3,,,
3,4,4335,16,m72,2017-06-05,2017-06-05,,,Yes,2017-06-01,,9CWC3R,,,
3,4,4340,58,m72,2017-10-25,2017-10-25,,,Yes,2017-07-25,,QCG4FG,,,
3,4,4343,50,m60,2017-05-16,2017-05-16,Participant struggled with login and took several breaks.,None,Yes,2017-04-25,,J3CPDD,,,
3,3,4349,13,m48,2016-01-11,,,,Yes,2015-11-10,,,1,In-clinic/Supervised,
3,3,4349,13,m48,2016-01-14,,subject had problems accessing website and using log in credentials,,Yes,2015-11-23,,,2,Remote/Independent,
3,3,4349,13,m48,2016-06-06,2016-10-14,,,Yes,2016-04-27,,,3,Remote/Independent,
3,4,4351,54,m72,2017-11-17,2017-11-17,,,Yes,2017-10-31,,4QWL77,,,
3,4,4352,50,m72,2017-11-09,2017-11-09,,,Yes,2017-06-27,,J3NMN9,,,
3,4,4354,2,m60,2017-09-26,2017-11-10,,participant refused to work with computers,No,,Participant Unable for Cognitive Reasons,JF4RCW,,,
3,4,4356,52,m72,2017-09-19,2017-09-28,Participant unsure about continuing with CBB going forward. Participant completed the CBB in clinic, but was inadvertently given the wrong ID. The participant was sent home with the correct ID on the worksheet. Followed up with participant on 9/28/2017 an,Left handed and did not like the "k" for yes and "d" for no arrangement.,Yes,2017-09-18,,FXDK7P,,,
3,4,4365,59,m72,2017-08-28,2017-08-28,,,Yes,2017-08-28,,NRGLK9,,,
3,4,4367,14,m60,2017-05-11,2017-05-11,,,Yes,2017-05-10,,7MGHNM,,,
3,4,4369,49,m72,2017-06-15,2017-06-15,,,Yes,2017-06-13,,3DRFKX,,,
3,4,4387,5,m72,2017-10-24,2017-10-24,,,Yes,2017-10-24,,9K6MFR,,,
3,4,4388,6,m72,2017-07-21,2017-07-21,,,Yes,2017-07-19,,JLHMCG,,,
3,4,4389,26,m72,2017-11-16,2017-11-16,,,Yes,2017-11-08,,DG9MFF,,,
3,4,4396,49,m72,2017-12-20,2017-12-20,,,Yes,2017-12-20,,3DWYXX,,,
3,3,4399,13,m48,2016-01-12,,,,Yes,2016-01-07,,,1,In-clinic/Supervised,
3,3,4399,13,m48,2016-01-21,2016-10-04,,,Yes,2016-01-18,,,2,Remote/Independent,
3,3,4399,13,m54,2016-10-04,,,,Yes,2016-07-07,,,3,Remote/Independent,
3,4,4399,13,m72,2017-07-14,2017-07-14,,,Yes,2017-07-13,,K94LCM,,,
3,3,4400,13,m48,2016-01-19,,,,Yes,2015-12-14,,,1,In-clinic/Supervised,
3,3,4400,13,m48,2016-01-19,,,,Yes,2015-12-28,,,2,Remote/Independent,
3,3,4400,13,m48,2016-07-07,,,,Yes,2016-06-14,,,3,Remote/Independent,
3,4,4400,13,m72,2017-08-23,2017-08-23,,after a while, participant started guessing because the task ran on for so long (have you seen this card before?),Yes,2017-08-21,,K97LRW,,,
3,3,4401,11,m48,2017-02-04,,Visit was conducted in-home and there was quite a bit of difficulty accessing the website for the CBB.,Patricipant felt it was a lot trouble, partly due to the difficulty accessing the website.,Yes,2016-06-17,,,1,In-clinic/Supervised,
3,4,4401,11,m72,2017-09-02,2017-09-02,,Problems with site before, not sure I want to deal with it again.,No,,Participant/Study Partner Refused,P6JLKF,,,
3,4,4404,43,m72,2018-01-04,2018-01-04,,,No,,Participant/Study Partner Refused,L4XXLQ,,,
3,4,4405,50,m60,2017-07-18,2017-07-18,,,Yes,2017-07-18,,J3QJQF,,,
3,4,4410,27,m60,2017-02-22,2017-02-22,,,Yes,2017-02-21,,CJ3L3Y,,,
3,3,4414,24,m48,2016-10-19,,,,Yes,2016-08-29,,,1,In-clinic/Supervised,
3,3,4414,24,m48,2016-10-19,,,,Yes,2016-09-14,,,2,Remote/Independent,
3,4,4414,25,m60,2017-11-01,2017-11-01,CBB not required due to participant AD dx,,No,,Participant Unable for Cognitive Reasons,,,,
3,4,4415,50,m72,2017-09-29,2017-09-29,,,No,,Other Reason,J4GDDR,,,
3,4,4417,50,m60,2017-08-08,2017-08-08,,,Yes,2017-08-08,,J3YLJ9,,,
3,4,4419,16,m60,2017-06-01,2017-06-01,no internet access,,No,,Equipment/Technical related issue,9CYJRW,,,
3,4,4422,49,m60,2017-03-22,2017-03-22,,,Yes,2017-03-21,,3DPLC7,,,
3,4,4424,58,m72,2017-08-07,2017-08-07,,,Yes,2017-08-07,,QCGQGM,,,
3,4,4427,28,m72,2017-11-06,2017-11-06,,,Yes,2017-11-07,,CWLHQ4,,,
3,4,4428,37,m72,2018-01-12,2018-01-12,,,Yes,2017-12-18,,3LGXLG,,,
3,4,4429,23,m72,2017-12-12,2017-12-12,,,Yes,2017-12-11,,7Y49YX,,,
3,4,4430,26,m72,2017-11-15,2017-11-15,,,No,,Participant Unable for Cognitive Reasons,DGCNC9,,,
3,4,4431,58,m72,2017-10-03,2017-10-03,,,Yes,2017-09-25,,QCH7PR,,,
3,3,4444,16,m48,2017-05-15,,,,Yes,2016-04-21,,,1,Remote/Independent,
3,4,4446,52,m60,2017-06-23,2017-06-23,,,No,,Participant/Study Partner Refused,FX3P6L,,,
3,4,4448,18,m72,2017-12-06,2017-12-06,,She forgot to do some of the at home CBB assessments for ADNI2,Yes,2017-12-06,,7FX649,,,
3,4,4453,44,m72,2018-01-24,2018-01-24,,,Yes,2018-01-22,,KJPPJ9,,,
3,3,4464,24,m48,2016-08-26,,,,Yes,2016-06-08,,,1,In-clinic/Supervised,
3,3,4464,24,m48,2016-08-26,,,,Yes,2016-06-21,,,2,Remote/Independent,
3,4,4464,25,m72,2018-02-08,2018-02-08,,,Yes,2018-02-01,,PPLG6P,,,
3,3,4466,55,m48,2016-04-29,,,,Yes,2016-03-08,,,1,In-clinic/Supervised,
3,3,4466,55,m48,2016-04-29,,Participant tried several times over a 2 week period to complete the remote testing. He was unable to sign into the CogState site.,Participant requests to be removed from this part of the study.,No,,Site Error,,2,Remote/Independent,
3,4,4466,54,m72,2017-12-15,2017-12-15,,,Yes,2017-12-05,,4R4NNY,,,
3,4,4469,41,m72,2017-12-01,2017-12-01,,,Yes,2017-11-29,,RJ4H4K,,,
3,4,4473,1,m60,2017-03-10,2017-03-10,,,Yes,2017-03-07,,9QF34L,,,
3,4,4482,54,m72,2017-10-19,2017-10-19,,,Yes,2017-10-17,,4QQPCY,,,
3,4,4485,4,m60,2017-09-16,2017-09-16,,,Yes,2017-08-15,,D6RHWC,,,
3,4,4488,5,m72,2017-09-12,2017-09-12,,,Yes,2017-09-12,,9JYR3M,,,
3,4,4489,52,m60,2017-06-07,2017-06-07,,,Yes,2017-06-06,,FX3CWY,,,
3,3,4502,17,m48,2016-04-12,,After observing participant's level of impairment and explaining the battery with the study partner it was decided that the subject is too impaired to understand or complete the battery.,,No,,Participant Unable for Cognitive Reasons,,1,In-clinic/Supervised,
3,4,4502,18,m72,2017-11-09,2017-11-09,,,No,,Participant Unable for Cognitive Reasons,7FRK3M,,,
3,3,4510,27,m48,2016-03-16,,,Participant said that she enjoyed the battery.,Yes,2016-03-15,,,1,In-clinic/Supervised,
3,3,4510,27,m48,2016-04-22,2016-05-03,Participant had a hard time navigating to the site.,,Yes,2016-05-03,,,2,Remote/Independent,
3,4,4510,28,m72,2017-11-06,2017-11-06,,,Yes,2017-09-29,,CWC6Q7,,,
3,3,4513,27,m48,2016-03-04,,,Participant enjoyed the CBB, he found the "have you seen this card before" frustrating and felt that he was seeing cards used in previous activities.,Yes,2016-03-04,,,1,In-clinic/Supervised,
3,3,4513,27,m48,2016-04-18,2016-06-23,,,Yes,2016-03-26,,,2,Remote/Independent,
3,4,4520,54,m72,2017-11-22,2017-11-22,,,Yes,2017-11-08,,4QYP7L,,,
3,4,4536,54,m72,2017-12-15,2017-12-15,,,Yes,2017-11-02,,4QY4CJ,,,
3,4,4538,26,m60,2017-11-02,2017-11-02,,Participant noted that the CBB was confusing at first.,Yes,2017-11-02,,DG73WD,,,
3,3,4545,9,m48,2016-04-05,,,,Yes,2016-03-17,,,1,In-clinic/Supervised,
3,3,4545,9,m48,2016-04-05,,,,Yes,2016-03-20,,,2,Remote/Independent,
3,3,4547,8,m48,2016-03-23,,P was struggling with timing, use of the K and D keys. Needed reminders of a new deck of cards at the start of each trial.,Trainer explained the log on process several times for home use with repetitions. P stated he would call or email me with questions.,Yes,2016-03-14,,,1,In-clinic/Supervised,
3,3,4547,8,m48,2016-03-23,,Reassured P that this was a learning opportunity for everyone. Later the P asked to retake the test-- reassured him. P stated that he would practice for the session in 6 months.,P contacted trainer for log on instructions. Sent an email, "I completed the online testing this morning. Felt that I did not do well. In answering questions I was shooting to mark the words YES or NO rather than just the button itself. The large buttons ,Yes,2016-03-21,,,2,Remote/Independent,
3,3,4547,8,m54,2016-09-08,,P called for reminder to complete CBB. Reimbursed form returned within 2 days.,,Yes,2016-09-06,,,3,Remote/Independent,
3,4,4547,8,m60,2017-09-05,2017-09-05,,,No,,Participant Unable for Cognitive Reasons,HHFF6D,,,
3,4,4548,14,m60,2017-06-28,2017-06-28,,,Yes,2017-06-27,,7MJQY9,,,
3,3,4553,48,m48,2016-03-16,,,,Yes,2016-03-15,,,1,In-clinic/Supervised,
3,3,4553,48,m48,2016-04-25,,,Participant was out of town during the 2-week window and did not have internet access.,Yes,2016-04-25,,,2,Remote/Independent,
3,4,4556,41,m60,2017-11-20,2017-11-20,,,Yes,2017-11-07,,RJ34D6,,,
3,3,4571,48,m48,2016-06-20,,,,Yes,2016-06-15,,,1,In-clinic/Supervised,
3,4,4576,11,m60,2017-08-15,2017-08-16,,No easy access to computer/internet.,No,,Participant/Study Partner Refused,P6J4PC,,,
3,3,4586,48,m48,2016-07-12,,,,Yes,2016-07-05,,,1,In-clinic/Supervised,
3,4,4587,54,m72,2017-12-14,2017-12-14,,,Yes,2017-12-12,,4R96WX,,,
3,4,4598,52,m60,2017-08-02,2017-08-02,,,Yes,2017-07-24,,FXDK7P,,,
3,3,4604,47,m48,2016-07-05,,,In the instructions for section 4, the participant indicated that the word "just" should be underlined in the instructions.  Having this emphasized by the coordinator reading out loud made him realize he had glossed over the word just reading it to himsel,Yes,2016-04-07,,,1,In-clinic/Supervised,
3,3,4604,47,m48,2016-07-05,,,,Yes,2016-04-26,,,2,Remote/Independent,
3,4,4604,47,m60,2017-10-26,2017-10-26,,,Yes,2017-08-01,,74K9P6,,,
3,3,4607,48,m48,2016-05-24,,,,Yes,2016-05-12,,,1,In-clinic/Supervised,
3,3,4607,48,m48,2016-06-23,,,,Yes,2016-05-20,,,2,Remote/Independent,
3,4,4612,6,m60,2017-07-27,2017-07-27,,,Yes,2017-07-26,,JLJCKM,,,
3,3,4620,5,m48,2016-07-18,,Cogstate window exception request approved.,,Yes,2016-07-18,,,1,In-clinic/Supervised,
3,3,4620,5,m48,2016-07-28,,,,Yes,2016-07-28,,,2,Remote/Independent,
3,4,4620,5,m72,2017-12-18,2017-12-18,,,Yes,2017-12-05,,9K97M3,,,
3,4,4631,54,m72,2018-02-28,2018-02-28,,,No,,Participant Unable for Cognitive Reasons,4R9WQN,,,
3,3,4636,48,m48,2016-04-20,,,,Yes,2016-04-19,,,1,In-clinic/Supervised,
3,3,4636,48,m48,2016-04-27,2016-06-23,,,Yes,2016-04-25,,,2,Remote/Independent,
3,3,4637,5,m48,2016-07-28,,,,Yes,2016-07-21,,,1,In-clinic/Supervised,
3,3,4637,5,m48,2016-07-28,,,This went fine. There is an alert to encourage participants to be in a quiet room; no response is required.,Yes,2016-07-28,,,2,Remote/Independent,
3,4,4637,5,m60,2017-10-09,2017-10-09,,,Yes,2017-10-09,,9K64XD,,,
3,3,4643,9,m48,2016-06-10,,,,Yes,2016-06-08,,,1,In-clinic/Supervised,
3,3,4643,9,m48,2016-07-21,,,,Yes,2016-06-17,,,2,Remote/Independent,
3,3,4649,37,m36,2016-11-11,,,,Yes,2016-06-09,,,1,In-clinic/Supervised,
3,3,4649,37,m36,2016-11-11,,,,Yes,2016-06-21,,,2,Remote/Independent,
3,3,4649,37,m36,2017-01-06,,,,Yes,2017-01-06,,,3,Remote/Independent,
3,4,4649,38,m72,2017-12-29,2017-12-29,,,Yes,2017-12-27,,N9LMGH,,,
3,3,4653,48,m48,2016-05-05,,,,Yes,2016-05-03,,,1,In-clinic/Supervised,
3,3,4653,48,m48,2016-06-21,2016-07-21,Subject was not able to log on and complete CBB within 14 days due to computer issues. Issues resolved test completed today.,,Yes,2016-07-20,,,2,Remote/Independent,
3,4,4654,1,m60,2017-05-04,2017-05-04,,,Yes,2017-05-02,,9QQ97K,,,
3,4,4659,16,m60,2017-06-18,2017-06-18,,,No,,Other Reason,9D6KL7,,,
3,3,4674,18,m48,2016-08-02,,,He felt it was interesting,Yes,2016-05-24,,,1,In-clinic/Supervised,
3,3,4674,18,m48,2016-10-20,,,No problems reported.,Yes,2016-06-03,,,2,Remote/Independent,
3,3,4674,18,m48,2016-12-05,,No problems reported.,No Comments.,Yes,2016-12-02,,,3,Remote/Independent,
3,4,4674,19,m60,2017-07-28,2017-07-28,,He reported that he had done this test before.,Yes,2017-07-28,,66D47M,,,
3,3,4706,26,m48,2016-05-23,,,,Yes,2016-05-18,,,1,In-clinic/Supervised,
3,3,4706,26,m48,2016-06-27,,,,Yes,2016-05-29,,,2,Remote/Independent,
3,4,4706,27,m60,2017-10-17,2018-02-23,,,No,,Participant Unable for Cognitive Reasons,cklf46,,,
3,4,4715,26,m60,2017-10-13,2017-10-13,,,No,,Participant Unable for Cognitive Reasons,DG6WMK,,,
3,4,4722,52,m60,2017-06-23,2017-06-23,,,No,,Participant/Study Partner Refused,FX4JkX,,,
3,4,4723,52,m60,2017-06-23,2017-06-23,,,No,,Participant/Study Partner Refused,FX6N66,,,
3,3,4742,48,m48,2016-06-20,,,,Yes,2016-06-15,,,1,In-clinic/Supervised,
3,3,4742,48,m48,2016-06-23,,,,Yes,2016-06-23,,,2,Remote/Independent,
3,3,4744,15,m48,2016-06-23,,,,Yes,2016-06-14,,,1,In-clinic/Supervised,
3,3,4744,15,m48,2016-06-27,,subject needed study partner's assistance to log in.,,Yes,2016-06-27,,,2,Remote/Independent,
3,3,4744,15,m48,2016-12-16,,,,Yes,2016-12-14,,,3,Remote/Independent,
3,4,4744,16,m60,2017-08-03,2017-08-03,,,Yes,2017-07-21,,9DCRNK,,,
3,4,4765,47,m60,2017-12-07,2017-12-07,Participant is AD, so per protocol, did not complete the Cogstate.,,No,,Other Reason,76K6Q4,,,
3,3,4767,32,m48,2016-07-15,,,,Yes,2016-07-13,,,1,In-clinic/Supervised,
3,3,4767,32,m48,2016-07-15,,,,Yes,2016-07-15,,,2,Remote/Independent,
3,4,4767,33,m60,2017-07-06,2017-07-06,,,Yes,2017-06-29,,4K379Q,,,
3,4,4782,33,m60,2017-09-06,2017-09-06,,Participant not comfortable using the computer for this assessment. Per wife, participant has had more difficulty using the computer over the past year.,No,,Participant/Study Partner Refused,4KDMG6,,,
3,4,4785,25,m48,2017-11-29,2017-11-29,,,Yes,2017-11-15,,PPF737,,,
3,4,4799,1,m60,2017-05-26,2017-05-26,,,Yes,2017-05-18,,9QRWW4,,,
3,4,4804,20,m48,2017-02-13,2017-02-14,Participant chose not to take part in Cogstate.,,No,,Other Reason,33P9RH,,,
3,3,4816,55,m36,2015-10-09,,,Doesn't like computers.,Yes,2015-10-06,,,1,In-clinic/Supervised,
3,4,4817,50,m60,2017-04-19,2017-04-19,,,Yes,2017-04-18,,J39GGL,,,
3,4,4827,8,m60,2017-09-05,2017-09-05,,,No,,Participant Unable for Cognitive Reasons,HHHJDR,,,
3,3,4832,48,m48,2016-07-22,,,,Yes,2016-07-19,,,1,In-clinic/Supervised,
3,3,4832,48,m48,2016-08-02,2016-09-28,,,Yes,2016-07-23,,,2,Remote/Independent,
3,4,4835,14,m60,2017-07-18,2017-07-18,,,Yes,2017-07-17,,7MKJ67,,,
3,3,4842,48,m48,2016-07-18,,,Subject does not own a computer.,No,,Equipment/Technical related issue,,1,In-clinic/Supervised,
3,3,4858,37,m48,2016-11-10,,,,Yes,2016-11-10,,,1,In-clinic/Supervised,
3,3,4858,37,m48,2016-11-30,,,,Yes,2016-11-28,,,2,Remote/Independent,
3,4,4868,13,m60,2017-08-04,2017-08-04,,,No,,Participant Unable for Cognitive Reasons,K9779F,,,
3,3,4869,19,m36,2016-02-02,,,,Yes,2016-01-26,,,2,In-clinic/Supervised,
3,3,4869,19,m36,2016-02-02,,Subject needed assistance finding and logging into the site.,,Yes,2016-02-02,,,1,Remote/Independent,
3,4,4869,20,m48,2017-01-24,2017-01-24,,,Yes,2017-01-20,,33J9GJ,,,
3,4,4869,20,m60,2018-01-22,2018-01-22,,Experienced difficulty in the past and does not feel confident in his computer skills.  Does not want to continue.,No,,Participant/Study Partner Refused,,,,
3,4,4873,20,m48,2017-01-26,2017-01-26,,,No,,Participant/Study Partner Refused,33JNQC,,,
3,4,4874,28,m60,2017-09-15,2017-09-15,,,Yes,2017-08-04,,CW66JL,,,
3,4,4876,28,m60,2017-07-11,2017-07-11,,,Yes,2017-06-30,,CRLGWN,,,
3,4,4883,50,m60,2017-11-09,2017-11-09,,,Yes,2017-08-15,,j49hfm,,,
3,3,4889,13,m48,2016-09-14,,,,Yes,2016-09-14,,,1,In-clinic/Supervised,
3,4,4889,13,m60,2017-12-04,2017-12-04,participant made comments about how long the exam took and was wondering if it took everybody as long as him.,,Yes,2017-12-04,,K9JJF7,,,
3,3,4893,8,m36,2015-12-16,,P had difficulty finding the K and D keys for Yes and No. Was easily frustrated with shortened attention span.,Eager to help with research, but concerned with her performance.,Yes,2015-12-14,,,1,In-clinic/Supervised,
3,3,4893,8,m36,2016-01-04,,P required multiple reminders to complete,,Yes,2015-12-24,,,2,Remote/Independent,
3,3,4893,8,m42,2016-07-01,,,,Yes,2016-06-28,,,3,Remote/Independent,
3,4,4893,8,m60,2017-11-10,2017-11-10,CDR 1, AD Cohort,,No,,Participant Unable for Cognitive Reasons,HHLMXH,,,
3,4,4900,2,m60,2017-12-19,2017-12-19,,,Yes,2017-10-31,,JFC6HP,,,
3,4,4919,20,m48,2017-02-03,2017-02-03,,,No,,Participant/Study Partner Refused,33M6JR,,,
3,4,4919,20,m60,2017-12-19,2017-12-19,,not interested in the cogstate,No,,Participant/Study Partner Refused,,,,
3,3,4926,19,m36,2015-11-12,,,,Yes,2015-10-06,,,1,In-clinic/Supervised,
3,3,4926,19,m36,2015-11-20,2016-09-09,,,Yes,2015-10-18,,,2,Remote/Independent,
3,3,4926,19,m36,2016-05-25,2016-09-09,,was not sure of exact date of completion, guessed 5/14/16,Yes,2016-05-11,,,3,Remote/Independent,
3,4,4926,20,m48,2017-02-21,2017-02-21,,,Yes,2017-02-20,,33PYQW,,,
3,4,4928,47,m60,2017-10-04,2017-12-07,Other reason: Participant is AD therefore per protocol, does not do the CBB.,,No,,Other Reason,7664WG,,,
3,3,4974,27,m36,2015-11-09,,A bilateral tremor made it very difficult for the participant to complete the task. He was confused when tasks were skipped because he did not perform well enough on the training and then brought back at the end.,The participant was frustrated by previous cards appearing in the top right corner of the screen during the learning tasks. He did not understand why they were there and was so distracted by them that he was unable to complete the task.,Yes,2015-11-06,,,1,In-clinic/Supervised,
3,4,4974,28,m60,2017-11-06,2017-11-06,,,No,,Other Reason,CWJCQD,,,
3,4,5004,17,m48,2017-03-24,2017-03-24,,,Yes,2017-03-21,,49M3JR,,,
3,3,5047,42,m36,2016-01-12,,,Thought it was "boring" in the beginning.  Thought having to remember "D" for no & "K" was a bit much & sometimes confusing.,Yes,2016-01-07,,,1,In-clinic/Supervised,
3,4,5047,43,m60,2018-01-04,2018-01-04,,Found it to to be too confusing in ADNI-2.,No,,Participant/Study Partner Refused,L69N33,,,
3,3,5066,48,m36,2016-02-19,,,,Yes,2016-02-17,,,1,In-clinic/Supervised,
3,3,5066,48,m36,2016-03-02,,,,Yes,2016-03-02,,,2,Remote/Independent,
3,4,5078,28,m48,2017-09-25,2017-09-25,,,No,,Equipment/Technical related issue,CRYK6P,,,
3,4,5079,20,m48,2017-04-27,2017-04-27,,,Yes,2017-04-26,,33YW9G,,,
3,4,5083,20,m48,2017-02-22,2017-02-22,,,Yes,2017-02-22,,33Q3NM,,,
3,4,5091,41,m60,2018-02-06,2018-02-06,,,Yes,2018-01-30,,RJ4XPP,,,
3,4,5093,20,m48,2017-03-10,2017-03-10,,,Yes,2017-03-09,,33QD97,,,
3,4,5100,28,m48,2017-11-01,2017-11-01,,,Yes,2017-07-20,,CRQMYN,,,
3,4,5109,20,m48,2017-04-06,2017-04-06,,,No,,Participant/Study Partner Refused,33XJCH,,,
3,4,5113,52,m48,2017-07-10,2017-07-10,,,Yes,2017-07-07,,FXCCFP,,,
3,4,5118,20,m48,2017-07-27,2017-07-27,,,Yes,2017-07-18,,3463PJ,,,
3,4,5124,59,m60,2018-02-14,2018-02-14,,,Yes,2017-12-28,,NRX44Y,,,
3,4,5126,27,m48,2017-06-13,2017-06-13,,,Yes,2017-05-08,,CJLNLP,,,
3,4,5132,47,m48,2017-10-04,2017-10-04,,,No,,Participant/Study Partner Refused,74JLH4,,,
3,4,5140,15,m48,2018-03-02,2018-03-02,,,Yes,2017-11-21,,LP9X7G,,,
3,4,5141,28,m48,2017-11-01,2017-11-01,,,Yes,2017-06-22,,CRL73W,,,
3,4,5169,20,m48,2017-05-30,2017-05-30,,,Yes,2017-05-25,,343GD7,,,
3,4,5170,20,m48,2017-06-22,2017-06-22,,,Yes,2017-06-21,,3446WG,,,
3,4,5175,50,m48,2017-06-06,2017-06-06,,,Yes,2017-06-06,,J3K7HW,,,
3,4,5176,6,m48,2017-09-29,2017-09-29,,,Yes,2017-09-27,,JLNGY4,,,
3,4,5177,16,m48,2017-06-27,2017-06-27,,,Yes,2017-06-23,,9D6Y3C,,,
3,4,5178,1,m48,2017-06-07,2017-06-07,,,Yes,2017-05-30,,9QYMLX,,,
3,4,5185,47,m48,2017-09-11,2017-09-11,,,Yes,2017-08-14,,74KW3R,,,
3,4,5193,59,m48,2017-06-12,2017-06-12,,,Yes,2017-06-09,,NR66RP,,,
3,4,5194,16,m48,2017-08-03,2017-08-03,,,Yes,2017-07-17,,9DCWDQ,,,
3,4,5197,20,m48,2017-06-14,2017-06-14,,,Yes,2017-06-05,,3444R9,,,
3,4,5198,24,m48,2017-12-01,2017-12-01,,,Yes,2017-11-27,,M3HH63,,,
3,4,5200,47,m48,2017-07-14,2017-07-14,,,Yes,2017-07-07,,74J76H,,,
3,4,5203,15,m48,2017-10-18,2017-10-18,,,Yes,2017-10-17,,LP9NPL,,,
3,3,5213,9,m24,2015-09-10,,,,Yes,2015-09-10,,,1,In-clinic/Supervised,
3,3,5213,9,m24,2015-10-21,,,,Yes,2015-09-14,,,2,Remote/Independent,
3,4,5222,27,m48,2017-06-13,2017-06-13,,,Yes,2017-05-08,,CJLH7D,,,
3,4,5228,47,m48,2017-10-25,2017-10-25,One pop-up appeared during the recall task. The coordinator closed it promptly but this did cause a brief delay mid-test.,Participant has an essential tremor in her right hand.  She commented that during the first task, she needed to steady her right hand using her left.  The 2nd-4th tasks were a little more difficult since she wasn't able to use her left hand for steadiness,Yes,2017-10-24,,763KPP,,,
3,4,5230,1,m48,2017-08-08,2017-08-08,,,Yes,2017-08-03,,9R49XL,,,
3,4,5234,43,m48,2018-01-04,2018-01-04,,Participant wants to think about it.,No,,Participant/Study Partner Refused,L67WHK,,,
3,4,5236,16,m48,2017-08-15,2017-08-15,,does not want to use computer,No,,Participant/Study Partner Refused,9DJKQR,,,
3,4,5237,16,m48,2017-08-21,2017-08-21,,,Yes,2017-08-08,,9DK74R,,,
3,4,5244,28,m48,2017-11-06,2017-11-06,,,Yes,2017-10-31,,CWWNWR,,,
3,4,5253,28,m48,2017-09-15,2017-09-15,,,Yes,2017-09-12,,CW7NHY,,,
3,4,5259,24,m48,2017-12-20,2017-12-20,Subject had very limited computer skills. I do not think she could do this at home on her own.,We tried to log in and start CBB but participant was having trouble typing and using the mouse and asked if she could not participate in this part.,No,,Participant/Study Partner Refused,M3JJWR,,,
3,4,5265,5,m48,2017-09-29,2017-09-29,,,Yes,2017-09-18,,9K4DGL,,,
3,4,5266,47,m48,2017-09-29,2017-09-29,,,Yes,2017-08-22,,74L9MH,,,
3,4,5277,20,m48,2017-08-16,2017-08-16,,,Yes,2017-08-15,,346l64,,,
3,4,5278,37,m48,2018-03-06,2018-03-06,,,Yes,2018-02-28,,3lnl6k,,,
3,4,5288,20,m48,2017-09-13,2017-09-13,,,Yes,2017-09-13,,349NL9,,,
3,4,5289,23,m36,2017-05-15,2017-05-15,,,Yes,2017-05-09,,7XMJF9,,,
3,3,5290,18,m24,2015-10-02,,Easily administered.,Felt she responded too quickly to some of the items.,Yes,2015-10-02,,,1,In-clinic/Supervised,
3,3,5290,18,m24,2015-12-22,,,,Yes,2015-10-13,,,2,Remote/Independent,
3,3,5290,18,m24,2016-08-02,2016-09-12,,none,Yes,2016-03-29,,,3,Remote/Independent,
3,3,5290,18,m24,2016-09-29,,,All done.  No issues,Yes,2016-09-29,,,4,Remote/Independent,
3,4,5290,19,m48,2017-09-12,2017-09-12,,She noted that she had remembered doing this before.,Yes,2017-09-12,,66HGFM,,,
4,4,6001,20,bl,2017-01-23,2017-01-23,,,Yes,2017-01-19,,33G3KH,,,
4,4,6002,20,bl,2017-02-02,2017-02-02,,,Yes,2017-02-02,,33KDY9,,,
4,4,6002,20,m12,2018-01-29,2018-01-29,,,Yes,2018-01-29,,,,,
4,4,6005,19,bl,2017-03-20,2017-03-20,,,Yes,2017-03-16,,667D37,,,
4,4,6007,1,bl,2017-04-18,2017-04-18,,,Yes,2017-04-11,,9QJ6LY,,,
4,4,6008,55,bl,2017-05-25,2017-05-25,,,Yes,2017-05-23,,3WPW4L,,,
4,4,6009,1,bl,2017-06-05,2017-06-05,,,Yes,2017-05-16,,9QN43D,,,
4,4,6013,17,bl,2017-05-11,2017-06-28,Based on protocol, AD subjects do not participate in cogstate brief battery.,,No,,Participant Unable for Cognitive Reasons,49PKD9,,,
4,4,6015,55,bl,2017-05-25,2017-05-25,,,Yes,2017-05-24,,3WR6FG,,,
4,4,6016,40,bl,2017-08-15,2017-08-15,,,Yes,2017-08-10,,6QH6QP,,,
4,4,6017,59,bl,2017-06-01,2017-06-01,,,Yes,2017-06-01,,NR4D66,,,
4,4,6019,50,bl,2017-09-28,2017-09-28,,,Yes,2017-06-15,,J3K7HW,,,
4,4,6024,47,bl,2018-01-25,2018-01-25,,,Yes,2017-11-29,,767wk4,,,
4,4,6025,40,bl,2017-09-14,2017-09-14,,,Yes,2017-09-12,,6QL6GC,,,
4,4,6030,1,bl,2017-07-31,2017-07-31,,,Yes,2017-07-25,,9R43C7,,,
4,4,6031,27,bl,2017-08-11,2017-08-11,,,Yes,2017-07-12,,CJQRQM,,,
4,4,6032,27,bl,2017-08-21,2017-08-21,,didn't want to do it.,No,,Other Reason,00000,,,
4,4,6033,19,bl,2017-07-10,2017-07-10,,(No comments),Yes,2017-07-10,,66FPYY,,,
4,4,6034,20,bl,2017-07-13,2017-07-13,,PARTICIPANT DOES NOT HAVE A COMPUTER AT HOME and DOES NOT HAVE COMPUTER SKILLS,No,,Participant/Study Partner Refused,344Y7F,,,
4,4,6035,50,bl,2017-11-09,2017-11-09,,,Yes,2017-10-13,,j4h9yr,,,
4,4,6037,50,bl,2017-09-28,2017-09-28,,,Yes,2017-08-11,,J3QN3P,,,
4,4,6038,40,bl,2017-11-02,2017-11-02,,,Yes,2017-11-02,,6QRFXW,,,
4,4,6039,43,bl,2017-08-23,2018-01-04,,Per Checklist-not done on AD participants.,No,,Other Reason,L4JN7F,,,
4,4,6041,55,bl,2017-08-08,2017-08-08,,,Yes,2017-08-07,,3X9CCD,,,
4,4,6043,50,bl,2017-08-11,2017-08-11,,,Yes,2017-08-11,,J44HCP,,,
4,4,6044,59,bl,2017-07-19,2017-07-19,,,Yes,2017-07-12,,NR7NQ9,,,
4,4,6045,33,bl,2017-08-30,2017-08-30,,,Yes,2017-08-22,,4K6H4P,,,
4,4,6047,50,bl,2017-09-28,2017-09-28,,,Yes,2017-08-02,,J3QWWJ,,,
4,4,6051,58,bl,2017-08-08,2017-08-08,,,Yes,2017-08-08,,QCNLNC,,,
4,4,6052,59,bl,2017-08-01,2017-08-01,,,Yes,2017-07-28,,NR7WPL,,,
4,4,6053,1,bl,2017-08-31,2017-08-31,Computer crashed half way through the test and participant didn't want to start over. Only half of the test was completed.,,Yes,2017-08-24,,9RFPQP,,,
4,4,6054,59,bl,2017-08-16,2017-08-16,,,Yes,2017-08-15,,NRCW33,,,
4,4,6056,61,bl,2017-08-17,2017-08-17,,,Yes,2017-08-17,,QKF93H,,,
4,4,6057,43,bl,2018-02-15,2018-02-15,,Found it difficult as she doesn't play cards & doesn't even know the correct names of the suits.,Yes,2018-02-06,,L4WL7L,,,
4,4,6058,59,bl,2017-09-21,2017-09-21,,,Yes,2017-08-16,,NRFL7C,,,
4,4,6059,58,bl,2017-12-04,2017-12-04,,,Yes,2017-11-20,,QCQ4ND,,,
4,4,6061,55,bl,2017-09-08,2017-09-08,,,Yes,2017-09-08,,3XD3RX,,,
4,4,6062,58,bl,2017-12-05,2017-12-05,,,Yes,2017-11-27,,QCW9L7,,,
4,4,6063,43,bl,2018-02-28,2018-02-28,,,Yes,2018-02-27,,L4XKW4,,,
4,4,6064,58,bl,2018-01-09,2018-01-09,,,Yes,2018-01-09,,QD3P9R,,,
4,4,6065,58,bl,2017-11-14,2017-11-14,,,Yes,2017-11-02,,QD664Y,,,
4,4,6066,1,bl,2017-09-19,2017-09-19,,,Yes,2017-09-07,,9RHDWM,,,
4,4,6067,2,bl,2018-03-05,2018-03-05,,,Yes,2017-10-13,,JFDNKG,,,
4,4,6068,59,bl,2017-08-30,2017-08-30,,,Yes,2017-08-30,,NRLGQH,,,
4,4,6069,17,bl,2017-09-14,2017-09-14,,,Yes,2017-09-06,,49RQ7N,,,
4,4,6072,50,bl,2017-09-05,2017-09-05,,,No,,Other Reason,N/A,,,
4,4,6073,9,bl,2017-10-27,2017-10-27,,He could not comprehend the practice portion and did not want to continue with testing. However, after a break he decided to attempt it and was able to complete the test.,Yes,2017-10-11,,C6R469,,,
4,4,6075,55,bl,2017-10-23,2017-10-23,,,Yes,2017-10-23,,3XDNXH,,,
4,4,6076,11,bl,2017-11-01,2017-11-01,We were able to access the site but could not access the test. When we hit enter after logging in it would only take us to the last page "thanking us" and asking if we wanted to join the BHR. Will try at another in-person visit.,,No,,Equipment/Technical related issue,P6LMMQ,,,
4,4,6080,59,bl,2017-10-16,2017-10-16,,,Yes,2017-10-16,,NRRDHG,,,
4,4,6082,49,bl,2017-10-23,2017-10-23,,,Yes,2017-10-20,,3DW3W6,,,
4,4,6083,27,bl,2017-11-27,2018-02-23,,no computer at home and unwilling to seek computer elsewhere to participate,No,,Equipment/Technical related issue,ckmwp4,,,
4,4,6084,3,bl,2017-11-20,2017-11-20,,,Yes,2017-11-13,,PGQNNC,,,
4,4,6085,58,bl,2017-12-05,2017-12-05,,,Yes,2017-11-21,,QDCNGJ,,,
4,4,6088,26,bl,2017-12-11,2017-12-11,,,Yes,2017-11-30,,DGDYGH,,,
4,4,6094,59,bl,2017-11-03,2017-11-03,,,Yes,2017-11-03,,NRXL7F,,,
4,4,6097,40,bl,2017-12-08,2017-12-08,,,Yes,2017-12-04,,6QWQD7,,,
4,4,6103,1,bl,2017-11-22,2017-11-22,,,Yes,2017-11-21,,9RK93H,,,
4,4,6104,52,bl,2017-11-16,2017-11-16,,,Yes,2017-11-14,,FXFNGH,,,
4,4,6105,50,bl,2018-03-02,2018-03-02,,,Yes,2017-12-05,,J4NHKX,,,
4,4,6110,52,bl,2017-12-04,2017-12-04,,,Yes,2017-11-28,,FXFRXW,,,
4,4,6115,27,bl,2018-02-27,2018-02-27,,,Yes,2018-02-27,,CKPY3W,,,
4,4,6116,55,bl,2017-12-20,2017-12-20,,,Yes,2017-12-19,,3XFH34,,,
4,4,6117,33,bl,2018-02-21,2018-02-21,,,Yes,2017-12-13,,4KKKQ6,,,
4,4,6118,45,bl,2017-12-28,2017-12-28,,,Yes,2017-12-28,,GK96YM,,,
4,4,6120,5,bl,2018-02-16,2018-02-16,,,Yes,2017-11-28,,9K74NX,,,
4,4,6125,27,bl,2018-02-27,2018-02-27,,,Yes,2018-02-27,,CKQCHR,,,
4,4,6131,58,bl,2018-02-23,2018-02-23,,,Yes,2018-02-16,,QDHKWD,,,
4,4,6133,44,bl,2018-01-19,2018-01-19,,,Yes,2018-01-18,,KJN77G,,,
4,4,6134,26,bl,2018-01-24,2018-02-14,,,No,,Site Error,DGH9GF,,,
4,4,6136,28,bl,2018-01-05,2018-01-05,,,Yes,2017-12-14,,CWY7WL,,,
4,4,6142,58,bl,2018-01-03,2018-01-03,Not performed per protocol for AD subjects.,,No,,Other Reason,Q9RLHX,,,
4,4,6146,49,bl,2018-01-18,2018-01-18,,,Yes,2018-01-17,,3DX3LF,,,
4,4,6151,58,bl,2018-02-23,2018-02-23,,,Yes,2018-02-01,,QDH6J4,,,
4,4,6157,62,bl,2018-02-23,2018-02-23,,,Yes,2018-02-21,,QRW3YJ,,,
4,4,6158,2,bl,2018-02-23,2018-02-23,,,Yes,2018-02-23,,JFDLMH,,,
4,4,6163,6,bl,2018-02-28,2018-02-28,GUID: 2026109902,,Yes,2018-02-27,,JLNHHK,,,
4,4,6164,41,bl,2018-02-14,2018-02-14,,,Yes,2018-02-08,,RJ9NHX,,,
4,4,6178,55,bl,2018-02-23,2018-02-23,,,Yes,2018-02-23,,3XGP4N,,,
4,4,6179,26,bl,2018-02-22,2018-02-22,,,No,,Participant Unable for Cognitive Reasons,DGHG4Q,,,
4,4,6183,20,bl,2018-02-08,2018-02-08,,,Yes,2018-02-08,,34DDCK,,,
4,4,6184,19,bl,2018-02-06,2018-02-06,,She indicated that she was happy that samples of the tasks were provided prior to each task.,Yes,2018-02-05,,66JFLY,,,
4,4,6185,15,bl,2018-03-02,2018-03-02,,,Yes,2018-02-14,,LPG7HG,,,
4,4,6186,14,bl,2018-02-19,2018-02-19,,,Yes,2018-02-19,,7ML43G,,,
4,4,6189,26,bl,2018-02-14,2018-02-14,,found it a little difficult,Yes,2018-02-12,,DGFYCR,,,
4,4,6202,19,bl,2018-03-05,2018-03-05,,,Yes,2018-03-02,,66J4G6,,,
4,4,6207,13,bl,2018-02-26,2018-02-26,,boring, goes on too long,Yes,2018-02-20,,K9P3HP,,,
4,4,6209,4,bl,2018-02-28,2018-02-28,,,Yes,2018-02-27,,d7fnpq,,,
4,4,6234,4,bl,2018-03-07,2018-03-07,,,Yes,2018-03-06,,d7fyxg,,,
