1,4,303,27,m132,2018-01-27,2018-01-27,Other Assessment/Procedure,,,2017-05-11,ICF signed 4/12/2017 but final baseline visit 5/11/2017.,,,Other deviation related to protocol procedure,,No,No risk,Protocol Procedures,Initial Visit - Continuing Pt,
1,4,337,16,m132,2017-08-24,2017-08-24,Biomarker Sample Collection (e.g. Blood and CSF),,,2017-06-15,consent was signed on 5/22/17 and study partner interview and CDR done. Subject returned for procedures on 5/31/17 but we were unable to get tau PET until 6/13/17 (8 days OOW) and PL until 6/15/17 (10 days OOW),,,Other deviation related to protocol procedure,,No,No risk,Protocol Procedures,Initial Visit - Continuing Pt,
1,4,377,27,m132,2018-01-27,2018-01-27,Other Assessment/Procedure,,,2017-04-14,ICF signed 3/13/2017 but final baseline visit 4/14/2017,,,Other deviation related to protocol procedure,,No,No risk,Protocol Procedures,Initial Visit - Continuing Pt,
1,4,610,3,m132,2018-01-13,2018-01-13,FDG-PET,,,2017-09-28,Study coordinator misread protocol directions regarding required PET scan imaging for the NC cohort. A FDG scan was conducted which was not part of the NC cohort. Study Coordinator will be more careful in reading protocol directions.,,,Other deviation related to protocol procedure,,No,Significant risk,Protocol Procedures,Initial Visit - Continuing Pt,
1,4,626,16,m132,2017-08-24,2017-08-24,Tau (AV-1451) PET,start of visit was 3/28/17. MRI/tau PET was originally scheduled for 4/11 (within window) but we had to reschedule visit to 4/12/17 because the scanner was taken offline.,,2017-04-12,MRI and tau PET done 1 day out of window due to having to reschedule visit secondary to MRI scanner availability.,,,Other deviation related to protocol procedure,,No,No risk,Protocol Procedures,Initial Visit - Continuing Pt,
1,4,677,23,m132,2017-08-07,2017-08-07,Biomarker Sample Collection (e.g. Blood and CSF),Lumbar puncture not done - participant refuses to have any more LPs.,,2017-07-18,Lumbar puncture not done - participant refuses to have any more LPs.,,,Other deviation related to protocol procedure,,No,No risk,Protocol Procedures,Initial Visit - Continuing Pt,
1,4,767,55,m132,2017-06-28,2017-06-28,Amyloid PET,,,2017-05-18,Patient amyloid dose was incorrect. Patient received Florbetaben radiotracer when should have been florbetapir. Patient will continue with florbetapir for all longitudinal scans.,,,Other deviation related to protocol procedure,,No,Minimal risk,Protocol Procedures,Initial Visit - Continuing Pt,
1,4,767,55,m132,2017-06-28,2017-06-28,MRI,,,2017-04-29,Participant completed MRI on 4/29/2017 12 days out of window period, amyloid scan on 5/18/2017 31 days out of window period and Tau PET scan on 6/22/2017 66 days out of window period.,,,Other deviation related to protocol procedure,,Yes,No risk,Protocol Procedures,Initial Visit - Continuing Pt,
1,4,1052,55,m120,2017-06-28,2017-06-28,MRI,,,2017-04-19,Patient MRI conducted on 4/19/2017 7 days out of window, Amyloid PET scan on 5/30/2017 48 days out of window, FDG PET scan on 6/1/2017 50 days out of window and Tau PET scan on 6/20/2017 69 days out of window.,,,Other deviation related to protocol procedure,,Yes,No risk,Protocol Procedures,Initial Visit - Continuing Pt,
1,4,1378,55,m120,2017-06-28,2017-06-28,MRI,,,2017-06-03,Patient MRI conducted on 6/3/2017 26 days OOW, Amyloid PET on 6/28/2017 51 days OOW, FDG PET on 7/5/2017 58 days OOW, and Tau PET on 7/11/2017 64 days OOW. All due to hospital site scheduling availability.,,,Other deviation related to protocol procedure,,Yes,No risk,Protocol Procedures,Initial Visit - Continuing Pt,
2,4,2119,23,m84,2017-07-10,2017-07-10,FDG-PET,,,2017-07-10,FDG PET conducted OOW because of availability of the participant and the scanner (participant was out of the country for the 2 weeks immediately following the other study procedures).,,,Other deviation related to protocol procedure,,No,No risk,Protocol Procedures,Initial Visit - Continuing Pt,
2,4,2133,13,m84,2018-01-25,2018-01-25,Tau (AV-1451) PET,,,2018-01-24,due to failure of tau production on original scan date of 1/16/18, tau PET needed to be rescheduled,,,Other deviation related to protocol procedure,,Yes,No risk,Protocol Procedures,Initial Visit - Continuing Pt,
2,4,2155,13,m84,2017-09-25,2017-09-25,Tau (AV-1451) PET,,,2017-09-21,procedures were scheduled out of window due to scanner limitations.,,,Other deviation related to protocol procedure,,Yes,No risk,Protocol Procedures,Initial Visit - Continuing Pt,
2,4,2155,13,m84,2017-11-01,2017-11-01,Biomarker Sample Collection (e.g. Blood and CSF),,,2017-10-30,LP could not be conducted within window due to scheduling complications,,,Other deviation related to protocol procedure,,Yes,No risk,Protocol Procedures,Initial Visit - Continuing Pt,
2,4,2180,13,m84,2017-10-13,2017-10-13,FDG-PET,,,2017-10-12,due to scheduling restraints we were unable to schedule scans within window.,,,Other deviation related to protocol procedure,,Yes,No risk,Protocol Procedures,Initial Visit - Continuing Pt,
2,4,2184,58,m84,2018-02-15,2018-02-15,Amyloid PET,,,2018-02-07,Due to site staffing and scheduling issues, Initial Visit Amyvid scan performed out of window. IV date: 09-Oct-2017; Amyvid date: 07-Feb-2018. Site has reallocated staffing resources and trained a dedicated administrative assistant to schedule PET scans i,,,Other deviation related to protocol procedure,,No,No risk,Protocol Procedures,Initial Visit - Continuing Pt,
2,4,2239,19,m72,2017-07-18,2017-07-18,Biomarker Sample Collection (e.g. Blood and CSF),,,2017-05-16,Out of window lumbar puncture which was approved by Tiffany Chow on 
3-16-17,,,Other deviation related to protocol procedure,,Yes,No risk,Protocol Procedures,Initial Visit - Continuing Pt,
2,4,2301,33,m72,2017-08-21,2017-08-21,Tau (AV-1451) PET,,,2017-08-08,Injected dose assay for tau PET scan was 6.86 mCi instead of 10.0 (+/- 10%). The manufacturer had the tau dose calibrated for 1430 Eastern Time instead of 1430 Central Standard Time.,,,Other deviation related to protocol procedure,,No,Minimal risk,Protocol Procedures,Initial Visit - Continuing Pt,
2,4,2333,55,m84,2018-01-23,2018-01-23,Cognitive tests (e.g. ADAS, MMSE, Logical Memory, AVLT, FCI….),Subject had limited availability, after multiple attempts site could not get patient in to complete assessments.,,2017-12-20,Both ADAS_Cog and FCI were not completed.,,,Other deviation related to protocol procedure,,No,No risk,Protocol Procedures,Initial Visit - Continuing Pt,
3,4,4003,39,m84,2017-12-07,2017-12-07,MRI,This was my first time uploading data to LONI - now that I have figured out the technical issues, each successive time should run much more smoothly.,,2017-11-03,Due to technical issues with the LONI website, I was unable to upload the PT's MRI scan data within 24 hours. I let my monitor know about this on 11/30/2017, and was able to upload the scans on 12/6/2017.,,,Other deviation related to protocol procedure,,Yes,No risk,Protocol Procedures,Initial Visit - Continuing Pt,
3,4,4160,55,m72,2017-07-20,2017-07-20,MRI,,,2017-07-10,Subject could not get MRI appointment in visit window, as hospital did not have any openings before 7/10. Therefore, all following procedures including FDG PET (7/12), Amyloid PET (7/26), and Tau PET (8/1) all out of window, sponsor notified and approval ,,,Other deviation related to protocol procedure,,Yes,No risk,Protocol Procedures,Initial Visit - Continuing Pt,
3,4,4164,18,m72,2018-02-13,2018-02-13,Other Assessment/Procedure,,,2017-12-18,Cognitive tests, Biomarker Sample Collection, Genetic Sample Collection, MRI, and LP
Please see uploaded note to file which was submitted to our IRB,,,Other deviation related to protocol procedure,,No,Minimal risk,Protocol Procedures,Initial Visit - Continuing Pt,
3,4,4214,27,m60,2017-03-20,2017-03-20,Amyloid PET,,,2017-03-10,Florbetaben used instead of Florbetapir,,,Other deviation related to protocol procedure,,No,No risk,Protocol Procedures,Initial Visit - Continuing Pt,
3,4,4229,1,m72,2017-09-21,2017-09-21,Tau (AV-1451) PET,,,2017-09-07,Tau PET Scan had to be rescheduled out of 2 week visit window (September 14-28). Rescheduled to October 3rd, 2017.,,,Other deviation related to protocol procedure,,Yes,No risk,Protocol Procedures,Initial Visit - Continuing Pt,
3,4,4254,16,m60,2017-08-24,2017-08-24,Biomarker Sample Collection (e.g. Blood and CSF),,,2017-04-20,subject started visit on 3/29/17 and completed further procedures on 4/5/17. Visit window ended 4/12/17 but we were unable to get an LP slot until 4/20/17, putting the LP 8 days OOW.,,,Other deviation related to protocol procedure,,No,No risk,Protocol Procedures,Initial Visit - Continuing Pt,
3,4,4313,13,m72,2017-12-13,2017-12-13,Biomarker Sample Collection (e.g. Blood and CSF),,,2017-11-28,due to scheduling constraints, LP was unable to be scheduled in window. (LP was unsuccessful),,,Other deviation related to protocol procedure,,Yes,No risk,Protocol Procedures,Initial Visit - Continuing Pt,
3,4,4369,49,m72,2017-08-31,2017-08-31,Genetic Sample Collection,,,2017-06-14,Two ACD tubes were (used for cell line immortalization) were drawn in error at time of Genetic Sample Collection.,,,Other deviation related to protocol procedure,,No,Minimal risk,Protocol Procedures,Initial Visit - Continuing Pt,
3,4,4399,13,m72,2017-07-31,2017-07-31,Biomarker Sample Collection (e.g. Blood and CSF),,,2017-07-31,scheduling restraints resulted in out of window procedure (LP),,,Other deviation related to protocol procedure,,Yes,No risk,Protocol Procedures,Initial Visit - Continuing Pt,
3,4,4399,13,m72,2017-08-08,2017-08-08,MRI,,,2017-08-08,scheduling restraints resulted in out of window procedure (MRI),,,Other deviation related to protocol procedure,,Yes,No risk,Protocol Procedures,Initial Visit - Continuing Pt,
3,4,4399,13,m72,2017-09-14,2017-09-14,Amyloid PET,,,2017-08-02,scheduling restraints resulted in out of window procedure (AV-45),,,Other deviation related to protocol procedure,,Yes,No risk,Protocol Procedures,Initial Visit - Continuing Pt,
3,4,4399,13,m72,2017-09-14,2017-09-14,Tau (AV-1451) PET,,,2017-08-09,scheduling restraints resulted in out of window procedure (tau),,,Other deviation related to protocol procedure,,Yes,No risk,Protocol Procedures,Initial Visit - Continuing Pt,
3,4,4400,13,m72,2017-10-02,2017-10-02,Biomarker Sample Collection (e.g. Blood and CSF),,,2017-09-26,due to participant and scanner scheduling limitations, procedures were completed out of window,,,Other deviation related to protocol procedure,,Yes,No risk,Protocol Procedures,Initial Visit - Continuing Pt,
3,4,4400,13,m72,2017-10-02,2017-10-02,Amyloid PET,,,2017-09-29,due to participant and scanner scheduling limitations, procedures were completed out of window,,,Other deviation related to protocol procedure,,Yes,No risk,Protocol Procedures,ADNI3 Year 1 Visit,
3,4,4400,13,m72,2017-10-02,2017-10-02,MRI,,,2017-09-26,due to participant and scanner scheduling limitations, procedures were completed out of window,,,Other deviation related to protocol procedure,,Yes,No risk,Protocol Procedures,Initial Visit - Continuing Pt,
3,4,4400,13,m72,2017-10-02,2017-10-02,Tau (AV-1451) PET,,,2017-09-26,due to participant and scanner scheduling limitations, procedures were completed out of window,,,Other deviation related to protocol procedure,,Yes,No risk,Protocol Procedures,Initial Visit - Continuing Pt,
3,4,4448,18,m72,2017-12-11,2017-12-11,,,Other deviation in consent,2017-12-04,We saw ADNI3 participant 023_S_4448 for her initial rollover visit beginning on 04 December 2017. Prior to any study related procedures being conducted, the participant was consented on 04 Dec 2017 using ADNI3 ICF version 2.0 [25-Jul-2017] which is local ,,,,,No,No risk,Informed Consent,Initial Visit - Continuing Pt,
3,4,4473,1,m60,2017-03-13,2017-03-13,,Participant speaking with wife again to see if she will speak with us over the phone to do study partner assessments.,Informed consent not obtained from study partner,2017-03-07,Wife no longer wants to be involved with this study so participant no longer has a study partner.,,,,,Yes,No risk,Informed Consent,Initial Visit - Continuing Pt,
3,4,4868,13,m60,2017-09-14,2017-09-14,FDG-PET,,,2017-09-11,scheduling restraints resulted in out of window procedure (FDG),,,Other deviation related to protocol procedure,,Yes,No risk,Protocol Procedures,Initial Visit - Continuing Pt,
3,4,4868,13,m60,2017-09-14,2017-09-14,MRI,,,2017-09-14,scheduling restraints resulted in out of window procedure (MRI),,,Other deviation related to protocol procedure,,Yes,No risk,Protocol Procedures,Initial Visit - Continuing Pt,
3,4,4868,13,m60,2017-09-14,2017-09-14,Biomarker Sample Collection (e.g. Blood and CSF),,,2017-09-14,scheduling restraints resulted in out of window procedure (bloods),,,Other deviation related to protocol procedure,,Yes,No risk,Protocol Procedures,Initial Visit - Continuing Pt,
3,4,4868,13,m60,2017-09-14,2017-09-14,Tau (AV-1451) PET,,,2017-08-22,scheduling restraints resulted in out of window procedure (tau),,,Other deviation related to protocol procedure,,Yes,No risk,Protocol Procedures,Initial Visit - Continuing Pt,
3,4,4868,13,m60,2017-09-14,2017-09-14,Amyloid PET,,,2017-09-15,scheduling restraints resulted in out of window procedure (AV-45),,,Other deviation related to protocol procedure,,Yes,No risk,Protocol Procedures,Initial Visit - Continuing Pt,
3,4,5079,20,m48,2017-08-08,2017-08-08,Other Assessment/Procedure,,,2017-04-26,entire visit conducted IIW due to pt./staff availability,,,Other deviation related to protocol procedure,,Yes,No risk,Protocol Procedures,Initial Visit - Continuing Pt,
3,4,5083,20,m48,2017-07-17,2017-07-17,Tau (AV-1451) PET,,,2017-07-13,Tau Scan completed OOW due to scanner availability,,,Other deviation related to protocol procedure,,Yes,No risk,Protocol Procedures,Initial Visit - Continuing Pt,
3,4,5083,20,m48,2017-07-17,2017-07-17,MRI,,,2017-06-29,MRI conducted OOW due to scanner availability,,,Other deviation related to protocol procedure,,Yes,No risk,Protocol Procedures,Initial Visit - Continuing Pt,
3,4,5083,20,m48,2017-07-17,2017-07-17,Amyloid PET,,,2017-06-29,Florbetapir PET conducted OOW due to scanner availability,,,Other deviation related to protocol procedure,,Yes,No risk,Protocol Procedures,Initial Visit - Continuing Pt,
3,4,5091,41,m60,2018-01-31,2018-01-31,Amyloid PET,,,2018-01-30,Participant coughed during scan, Tech Consulted w/ Nuclear Med attending MD, confirm movement. Subject consented to re-doing  scan.,,,Other deviation related to protocol procedure,,No,Minimal risk,Protocol Procedures,Initial Visit - Continuing Pt,
3,4,5093,20,m48,2017-07-14,2017-07-14,Other Assessment/Procedure,,,2017-03-09,entire visit was conducted out of window due to patient availability,,,Other deviation related to protocol procedure,,Yes,No risk,Protocol Procedures,Initial Visit - Continuing Pt,
3,4,5093,20,m48,2017-07-17,2017-07-17,Tau (AV-1451) PET,,,2017-07-05,in site error, a tau PET scan f/u phone call was not completed.,,,Other deviation related to protocol procedure,,No,No risk,Protocol Procedures,Initial Visit - Continuing Pt,
3,4,5109,20,m48,2017-08-04,2017-08-04,Other Assessment/Procedure,,,2017-04-05,rollover visit completed OOW due to scanner, subject and study staff availability,,,Other deviation related to protocol procedure,,Yes,No risk,Protocol Procedures,Initial Visit - Continuing Pt,
3,4,5118,20,m48,2017-09-22,2017-09-22,Other Assessment/Procedure,,,2017-07-18,all rollover assessments, scans, procedures completed out of window due to subject availability,,,Other deviation related to protocol procedure,,Yes,No risk,Protocol Procedures,Initial Visit - Continuing Pt,
3,4,5170,20,m48,2017-08-07,2017-08-07,,,,2017-06-21,rollover visit conducted OOW due to pt./staff availability,,,,,Yes,No risk,Other,Initial Visit - Continuing Pt,
3,4,5277,20,m48,2017-08-17,2017-08-17,Other Assessment/Procedure,,,2017-08-15,entire rollover visit completed out of window due to scanner & pt. availability,,,Other deviation related to protocol procedure,,Yes,No risk,Protocol Procedures,Initial Visit - Continuing Pt,
4,4,6001,20,bl,2017-06-08,2017-06-08,,Florbetaben PET scan was conducted 53 days out of window,,2017-01-19,out of window florbetabin PET scan,,,,,Yes,No risk,Other,Baseline - New Pt,
4,4,6001,20,bl,2017-06-08,2017-06-08,,Baseline visit was conducted 9 days out of window,,2017-01-19,Out of Window,,,,,Yes,No risk,Other,Baseline - New Pt,
4,4,6001,20,bl,2017-06-08,2017-06-08,,Lumbar puncture was conducted 20 days out of window,,2017-01-19,Out of window lumbar puncture,,,,,Yes,No risk,Other,Baseline - New Pt,
4,4,6001,20,bl,2017-06-08,2017-06-08,,TAU PET scan was conducted 54 days out of window.,,2017-01-19,out of window TAU PET,,,,,Yes,No risk,Other,Baseline - New Pt,
4,4,6007,1,bl,2017-04-14,2017-04-14,,Problem assessed with radiology so it will not occur again in the future. MRI read completed and reviewed by PI on 4/12/2017.,,2017-04-11,Participant MRI read was not completed and reviewed by PI prior to baseline visit. Radiology was unable to complete read in time for scheduled visit.,,,,A participant is enrolled prior to completion of all screening procedures,No,No risk,Enrollment,Baseline - New Pt,
4,4,6007,1,bl,2017-04-14,2017-04-14,Amyloid PET,For future visits study coordinator will schedule more in advance.,,2017-04-27,Amyloid PET completed out of 2 week window. Participant had scheduling conflicts and couldn't complete it any other time.,,,Other deviation related to protocol procedure,,Yes,No risk,Protocol Procedures,Baseline - New Pt,
4,4,6008,55,bl,2017-06-05,2017-06-05,Biomarker Sample Collection (e.g. Blood and CSF),,,2017-05-19,CSF was collected and sample was properly shipped to UPENN lab FROZEN, but CSF was not sent to local lab for additional testing (glucose, protein, WBC, RBC) prior to. In future, it will be assured that all patients required to do LP will have CSF samples ,,,Other deviation related to protocol procedure,,Yes,No risk,Protocol Procedures,Baseline - New Pt,
4,4,6008,55,bl,2017-06-28,2017-06-28,Other Assessment/Procedure,,,2017-05-19,Lumbar Puncture on 5/19/2017 16 days out of window, Baseline in-clinic visit on 5/22/2017 19 days out of window, Amyloid PET on 5/23/2017 20 days out of window, and Tau PET on 5/30/2017 27 days out of window. Approval from sponsor on 5/5/5017.,,,Other deviation related to protocol procedure,,Yes,No risk,Protocol Procedures,Baseline - New Pt,
4,4,6008,55,bl,2017-09-06,2017-09-06,Amyloid PET,,,2017-05-23,patient injected with opposite radiotracer, injected with Florbetapir when should have received Florbetaben. PET dept. had switched dose with another research patient.,,,Other deviation related to protocol procedure,,No,Minimal risk,Protocol Procedures,Baseline - New Pt,
4,4,6009,1,sc,2017-04-12,2017-04-12,MRI,Will complete a visit reminder call a week before clinic visit to avoid in the future.,,2017-04-17,Screening MRI completed out of 2 week window. Participant showed up 5 days earlier than scheduled for screening visit causing scheduled MRI to be out of window.,,,Other deviation related to protocol procedure,,Yes,No risk,Protocol Procedures,Screening - New Pt,
4,4,6009,1,bl,2017-07-10,2017-07-10,,,,2017-05-16,Participants baseline visit was out of window due to an MRI scan out of window during screening and waiting for MRI read to be completed. Schedule more in advance in the future.,,,,,Yes,No risk,Other,Baseline - New Pt,
4,4,6016,40,bl,2017-11-17,2017-11-17,,,,2017-08-10,Subject's baseline visit was out-of-window due to study partner became ill.,,,,,Yes,No risk,Other,Baseline - New Pt,
4,4,6016,40,bl,2018-01-04,2018-01-04,Informant Questionnaire (FAQ, NPI, NPIQ, ECOG),,,2017-08-10,Baseline visit NPI was inadvertently performed by rater instead of PI, even though rater has been trained in performing NPI.,,,Other deviation related to protocol procedure,,No,No risk,Protocol Procedures,Baseline - New Pt,
4,4,6025,40,bl,2017-11-17,2017-11-17,,,,2017-09-12,Baseline visit done out of window due to availability. Exception granted to proceed per sponsor.,,,,,Yes,No risk,Other,Baseline - New Pt,
4,4,6030,1,bl,2017-07-10,2017-07-10,,,,2017-07-25,Participants baseline visit was out of window. Her schedule was too busy to select a date that was. Schedule more in advance in the future.,,,,,Yes,No risk,Other,Baseline - New Pt,
4,4,6031,27,bl,2017-10-07,2017-10-07,Amyloid PET,,,2017-08-15,Florbetapir used instead of florbetaben.  Site amending PET tracer ordering procedure.,,,Other deviation related to protocol procedure,,No,No risk,Protocol Procedures,Baseline - New Pt,
4,4,6038,40,bl,2017-11-21,2017-11-21,,,,2017-11-02,Out of Window baseline visit,,,,,Yes,No risk,Other,Baseline - New Pt,
4,4,6042,55,sc,2017-07-20,2017-07-20,MRI,,,2017-07-15,Out of window. Participant had a screening MRI scheduled originally for 15-Jul-2017 and did not show because of a family emergency. Next available date is 05-Aug-2017, patient MRI is rescheduled, sponsor notified and approved to continue out of window.,,,Other deviation related to protocol procedure,,No,No risk,Protocol Procedures,Screening - New Pt,
4,4,6042,55,sc,2017-09-06,2017-09-06,,,,2017-06-30,participant is under 65 and cognitively normal, participant screened on 6/30/2017, site given approval to move forward with patient. Site notified monitor immediately.,,,,Other deviation related to enrollment,No,No risk,Enrollment,Screening - New Pt,
4,4,6044,59,sc,2017-09-21,2017-09-21,,,,2017-07-12,subject was brought in for Baseline prior to monitor sign off on screening visit,,,,A participant is enrolled prior to required approvals,No,No risk,Enrollment,Baseline - New Pt,
4,4,6045,33,sc,2017-07-20,2017-07-20,,,,2017-07-18,Study staff unable to schedule participant for baseline activities until August 3 (date of screen was 6/27/2017) due to scheduling conflicts between participant travel and availability of MD to conduct LP. 

Dr. Petersen approved this out of window visit ,,,,,Yes,No risk,Other,Baseline - New Pt,
4,4,6053,1,bl,2017-08-24,2017-08-24,,,,2017-08-23,Participant's baseline visit was out of window. He had a trip planned so we had to schedule after it.,,,,,Yes,No risk,Other,Baseline - New Pt,
4,4,6058,59,sc,2017-09-21,2017-09-21,,,,2017-08-16,subject was brought in for Baseline prior to monitor sign off on screening visit,,,,A participant is enrolled prior to required approvals,No,No risk,Enrollment,Baseline - New Pt,
4,4,6061,55,bl,2017-09-20,2017-09-20,Biomarker Sample Collection (e.g. Blood and CSF),,,2017-09-19,Participant canceled originally scheduled visit that was scheduled in window. Only next available day for patient was 4 days OOW. Last day was 9/15/17, samples collected on 9/19/17. Sponsor notified 9/14/17 and received approval.,,,Other deviation related to protocol procedure,,Yes,No risk,Protocol Procedures,Baseline - New Pt,
4,4,6062,58,sc,2017-12-04,2017-12-04,,,,2017-11-27,Screening date:04-Aug-2017; projected BL date 01-Sep-2017; Actual BL 27-Nov-2017. Due to site oversight and conflicts with scheduling subject was baseline out of window. SC  will ensure future subject's are BL within window.,,,,Other deviation related to enrollment,No,No risk,Enrollment,Baseline - New Pt,
4,4,6065,58,bl,2017-12-22,2017-12-22,,,,2017-11-02,Screening date: 24-Aug-2017; projected BL date 21-Sep-2017; Actual BL 02-Nov-2017. Due to site oversight and conflicts with scheduling subject was baseline out of window. SC will ensure future subjects are BL within window.,,,,Other deviation related to enrollment,No,No risk,Enrollment,Baseline - New Pt,
4,4,6066,1,bl,2017-09-21,2017-09-21,Tau (AV-1451) PET,Participant will notify me when she returns so scan can be rescheduled.,,2017-09-07,PET Scanner down during scheduled scan time. Participant left the country before scan could be rescheduled. Will reschedule scan once participant returns.,,,Other deviation related to protocol procedure,,No,No risk,Protocol Procedures,Baseline - New Pt,
4,4,6067,2,bl,2018-03-05,2018-03-05,Other Assessment/Procedure,baseline visit was done without monitor screening verification approval by site oversight. PI and study clinician approved the visit, baseline visit was done per protocol guidelines,,2017-10-13,baseline line visit without monitor approval,,,Other deviation related to protocol procedure,,No,No risk,Protocol Procedures,Baseline - New Pt,
4,4,6082,49,bl,2018-02-19,2018-02-19,Tau (AV-1451) PET,,,2017-11-30,Due to participant's schedule, Tau PET was not able to be conducted within screening-to-baseline window. With approval from medical monitor, Tau PET was completed 23 days out of window.,,,Other deviation related to protocol procedure,,Yes,No risk,Protocol Procedures,Baseline - New Pt,
4,4,6082,49,bl,2018-02-19,2018-02-19,Biomarker Sample Collection (e.g. Blood and CSF),,,2018-01-26,Due to scheduling difficulties the participant was not able to come in to complete baseline lumbar puncture, and was not able to reschedule due to family matters. Per medical monitor, LP to be completed at next visit,,,Other deviation related to protocol procedure,,Yes,No risk,Protocol Procedures,Baseline - New Pt,
4,4,6084,3,bl,2018-01-12,2018-01-12,,,,2017-11-13,The baseline visit occurred 18 days OOW. This event occurred due to scheduling conflicts with both the PI/staff and subject.,,,,,No,No risk,Other,Baseline - New Pt,
4,4,6085,58,bl,2017-12-22,2017-12-22,,,,2017-11-21,Screening date:29-Sep-2017; projected BL date 27-Oct-2017; Actual BL 21-Nov-2017. Due to site oversight and conflicts with scheduling subject was baseline out of window. SC will ensure future subjects are BL within window.,,,,Other deviation related to enrollment,No,No risk,Enrollment,Baseline - New Pt,
4,4,6103,1,bl,2017-12-20,2017-12-20,Tau (AV-1451) PET,Participant is waiting o reschedule Tau PET scan till after the holidays.,,2017-12-04,Tau PET out of window. Dose for original scheduled Tau PET scan on 12/4/2017 failed and could not be completed.,,,Other deviation related to protocol procedure,,Yes,No risk,Protocol Procedures,Baseline - New Pt,
4,4,6103,1,sc,2017-12-21,2017-12-21,MRI,MRI completed and approved before baseline visit started.,,2017-10-30,MRI forced to be rescheduled twice causing MRI to be out of two week window.,,,Other deviation related to protocol procedure,,Yes,No risk,Protocol Procedures,Screening - New Pt,
4,4,6119,44,sc,2018-02-03,2018-02-03,Other Assessment/Procedure,We are very sorry for the delay, we have learned a valuable lesson of how better obtaining operative reports since then.,,2018-02-05,Subject 116_S_6119 (cognitively normal) had screening visit on 11/06/2017, however, it took a very long period of time to obtain subject’s bilateral hip replacement operative reports for her surgeries performed in 2002 and 2005 by Kaiser. The delay was du,,,Other deviation related to protocol procedure,,Yes,Minimal risk,Protocol Procedures,Baseline - New Pt,
4,4,6133,44,sc,2018-01-11,2018-01-11,Other Assessment/Procedure,,,2017-11-27,Respiratory rate was not measured. The team has reviewed the protocol and will go through the checklist in Vital Sign page before proceeding to the next task in the future.,,,Other deviation related to protocol procedure,,Yes,No risk,Protocol Procedures,Screening - New Pt,
4,4,6144,27,bl,2018-01-19,2018-01-19,,See above,,2018-01-05,Was scheduled for baseline V2 today but patient ill and arrived 3.5 hours late so no procedures done.  Emailed CRA 2 options of rescheduling based on participant being out of state 1-8 - 4/1 on 1/15.,,,,,No,No risk,Other,Baseline - New Pt,
4,4,6146,49,bl,2018-02-05,2018-02-05,Amyloid PET,The Banner Health Radiation Safety Committee limits the maximum injected dose of Florbetapir (AV-45) to 9.4 mCi as anything higher would result in a gall bladder dose exceeding Federal Guidelines for research subjects. Consequently PET staff strive to kee,,2018-01-22,Injected activity 8.47 mCi was below target dose due to small volume from radiopharmacy leading to high residual activity,,,Other deviation related to protocol procedure,,No,No risk,Protocol Procedures,Baseline - New Pt,
4,4,6156,25,sc,2018-02-15,2018-02-15,,,,2017-12-13,Screened an individual who had previously screen failed for A4 due to negative amyloid PET. Pt. was not eligible to be screened for ADNI3. Site overlooked memo specifying A4 screen fail exclusion.,,,,,No,No risk,Inclusion Criteria,Screening - New Pt,
4,4,6160,25,bl,2018-02-15,2018-02-15,,Memos reviewed to avoid further inclusion oversights.,,2018-01-11,AV45 PET scan for Baseline conducted before monitor sign-off. Pt. was deemed ineligible due to Aug. 2017 increase in minimum age for cognitively normal subjects.,,,,A participant is enrolled prior to required approvals,No,Minimal risk,Enrollment,Baseline - New Pt,
4,4,6164,41,sc,2018-02-08,2018-02-08,Amyloid PET,,,2018-02-08,All screening visit assessments completed . MRI done 1/16/18 . PI and Site clinician signed off on screening 1/21/18. Monitor had not reviewed and signed off on screen visit for eligibility prior to today's Baseline visit. Subject underwent Amyloid PET an,,,Other deviation related to protocol procedure,,No,No risk,Protocol Procedures,Baseline - New Pt,
4,4,6164,41,bl,2018-02-21,2018-02-21,Clinical Labs,--> local 2 ml CSF sample NOT sent in error.,,2018-02-20,Subject had fasting LP on 2/20/18.  CSF samples for biomarkers collected & sent per protocol.  Inadvertently missed the 2ml sample to be sent to local lab for protein, glucose & cell count.,,,Other deviation related to protocol procedure,,No,No risk,Protocol Procedures,Baseline - New Pt,
4,4,6164,41,bl,2018-02-22,2018-02-22,Amyloid PET,,,2018-02-08,All screening visit assessments completed.  MRI done on 1/16/18 & PI & site clinician signed off on 1/21/18.  Monitor had not reviewed & signed off on eligibility prior to today's Baseline Visit.  Subject underwent PET (Amyloid) prior to eligibility by Mo,,,Other deviation related to protocol procedure,,No,No risk,Protocol Procedures,Baseline - New Pt,
4,4,6172,55,sc,2018-01-23,2018-01-23,Clinical Labs,,,2018-01-12,subject specimens collected and shipper day of screening. Due to inclement weather, FedEx delivered samples late, URMC received 3 days late, hematology and urine samples beyond stability. Site will not recollect as patient is a screen fail.,,,Other deviation related to protocol procedure,,No,No risk,Protocol Procedures,Screening - New Pt,
4,4,6176,55,sc,2018-01-23,2018-01-23,Clinical Labs,,,2018-01-15,Lab specimens sent out on time, FedEx delay due to inclement weather. URMC received specimens 2 days late, hematology and other specimens NOT beyond stability. Specimens processed normally. Samples will not be recollected as patient is a screen fail.,,,Other deviation related to protocol procedure,,No,No risk,Protocol Procedures,Screening - New Pt,
4,4,6181,55,sc,2018-01-23,2018-01-23,Clinical Labs,,,2018-01-17,FedEx did not pick up package that had been scheduled due to driver going to wrong floor. Site personnel had package picked up following day. No stability issues with specimens.,,,Other deviation related to protocol procedure,,No,No risk,Protocol Procedures,Screening - New Pt,
4,4,6211,23,sc,2018-02-23,2018-02-23,Global Assessments (e.g. CDR),CDR not performed due to staff availability. Staff was going to do CDR over the phone post-visit, but it was never completed since the subject screen-failed.,,2018-02-08,CDR not performed during visit due to staff availability.,,,Other deviation related to protocol procedure,,No,No risk,Protocol Procedures,Screening - New Pt,
