1,1,57,3,m24,2008-02-19,,1,2008-02-08,1,2008-02-08,I90063,2008-02-11,1,1,4,,1,3,1,1,,,,1,,,,Motion - mild-to-moderate;Top Cutoff - none;Bottom Cutoff - none,,,1,1,
1,1,101,2,m24,2008-02-28,,1,2008-02-22,1,2008-02-22,I91564,2008-02-25,1,1,4,,1,1,1,1,,,,1,,,,Motion - moderate;Top Cutoff - none;Bottom Cutoff - none,,,1,1,
1,1,101,2,m36,2009-01-13,,1,2009-01-08,1,2009-01-08,I133035,2009-01-09,1,1,4,,1,1,1,1,,,,1,,,,Motion - mild;Top Cutoff - none;Bottom Cutoff - none,,,1,1,
1,1,112,114,m24,2008-03-13,,1,2008-02-29,1,2008-03-03,I95165,2008-03-04,3,1,4,,1,3,1,1,,,,1,,,,Motion - mild;Top Cutoff - 0-3mm;Bottom Cutoff - none,,No confirmation of RAMP filter.,1,1,
1,1,112,114,m36,2009-02-10,,1,2009-01-23,1,2009-01-28,I134811,2009-01-29,3,1,1,1,1,3,1,1,,,,1,,,,Motion - mild;Top Cutoff - 0-3mm;Bottom Cutoff - none,,Scanner change.,1,1,
1,1,128,2,m24,2008-03-28,,1,2008-03-20,1,2008-03-21,I99163,2008-03-21,1,1,4,,1,1,1,1,,,,1,,,,Motion - mild;Top Cutoff - none;Bottom Cutoff - none,,,1,1,
1,1,128,2,m36,2009-02-26,,1,2009-02-26,1,2009-02-26,I137112,2009-02-26,1,1,4,,1,1,1,1,,,,1,,,,Motion - none;Top Cutoff - none;Bottom Cutoff - none,,,1,1,
1,1,135,115,m12,2007-12-20,,1,2007-05-14,1,2007-12-14,I85057,2007-12-17,1,1,2,1,1,3,1,1,,,,2,Other (specify),Incorrect framing/timing,1,,,Request rebinning of list mode data.  PIB data from 50-70 minutes post injection needed.,2,2,
1,1,135,115,m12,2007-12-20,2010-08-10,2,2007-05-14,2,2007-12-17,I85249,2007-12-18,1,1,2,1,1,3,1,1,,,,2,Other (specify),replaced by reworked data,1,Motion - none;Top Cutoff - none;Bottom Cutoff - none,,,2,2,
1,1,135,115,m12,2010-08-10,,3,2007-05-14,3,2010-08-04,I189455,2010-08-10,1,1,2,1,1,3,1,1,,,,1,,,,Motion - none;Top Cutoff - none;Bottom Cutoff - none,,,1,1,
1,1,135,115,m24,2008-04-03,2010-08-10,1,2008-02-22,1,2008-04-01,I100057,2008-04-02,1,1,2,1,1,3,1,1,,,,2,Other (specify),replace with reworked images sets,1,Motion - mild;Top Cutoff - none;Bottom Cutoff - none,,PIB scan started 45 minutes post injection,2,2,
1,1,135,115,m24,2010-08-10,,2,2008-02-22,2,2010-08-04,I189456,2010-08-10,1,1,2,1,1,1,1,1,,,,1,,,,Motion - mild;Top Cutoff - none;Bottom Cutoff - none,,,1,1,
1,1,135,115,m36,2009-07-17,2010-08-10,1,2009-07-10,1,2009-07-16,I149232,2009-07-17,1,1,2,1,1,3,1,1,,,,2,Other (specify),replace with reworked images sets,1,Motion - mild;Top Cutoff - none;Bottom Cutoff - none,,,2,2,
1,1,135,115,m36,2010-08-10,,2,2009-07-10,2,2010-08-04,I189457,2010-08-10,1,1,2,1,1,1,1,1,,,,1,,,,Motion - mild;Top Cutoff - none;Bottom Cutoff - none,,,1,1,
1,1,138,115,m12,2007-11-05,,1,2007-05-22,1,2007-10-24,I78422,2007-10-25,1,1,2,1,1,3,1,2,1,2,3,4,2,Incorrect framing or binning,2,Other (specify),Incorrect framing/timing,1,Motion - none;Top Cutoff - none;Bottom Cutoff - none,,PIB data acquired 31-66 min after injection.  Currently uploaded data is (4) 5 min frames and (1) 15 min frame.  Rebin last 15 min as (3) 5 min frames and reupload all (7) 5 min frames.,2,2,
1,1,138,115,m12,2007-12-18,2010-06-22,2,2007-05-22,2,2007-12-17,I85189,2007-12-18,1,1,2,1,1,3,1,1,,,,2,Other (specify),Scatter correction,1,Motion - mild;Top Cutoff - none;Bottom Cutoff - none,,,2,2,
1,1,138,115,m12,2010-06-22,,3,2007-05-22,3,2010-06-17,I179450,2010-06-21,1,1,2,1,1,3,1,1,,,,1,,,,Motion - mild;Top Cutoff - none;Bottom Cutoff - none,,Reworked data with "new" scatter correction.  Optimal data.,1,1,
1,1,138,115,m24,2008-03-10,,1,2008-02-21,1,2008-02-28,I93251,2008-02-29,1,1,2,1,1,3,1,1,,,,2,Attenuation Error;Normalization Error;Other (specify),Scatter correction error,1,Motion - none;Top Cutoff - none;Bottom Cutoff - none,,Suspicious L/R asymmetry - request reprocess,2,2,
1,1,138,115,m24,2008-03-10,2010-06-22,2,2008-02-21,2,2008-03-06,I95540,2008-03-10,1,1,2,1,1,3,1,1,,,,2,Other (specify),Scatter correction,1,Motion - mild;Top Cutoff - none;Bottom Cutoff - none,,,2,2,
1,1,138,115,m24,2010-06-22,,3,2008-02-21,3,2010-06-17,I179475,2010-06-21,1,1,2,1,1,3,1,1,,,,1,,,,Motion - mild;Top Cutoff - none;Bottom Cutoff - none,,Reworked data with "new" scatter correction.  Optimal data.,1,1,
1,1,138,115,m36,2009-07-30,2010-06-22,1,2009-07-09,1,2009-07-28,I150789,2009-07-29,1,1,2,1,1,3,1,1,,,,2,Other (specify),Scatter correction,1,Motion - none;Top Cutoff - none;Bottom Cutoff - none,,,2,2,
1,1,138,115,m36,2010-06-22,,2,2009-07-09,2,2010-06-17,I179508,2010-06-21,1,1,2,1,1,3,1,1,,,,1,,,,Motion - none;Top Cutoff - none;Bottom Cutoff - none,,Reworked data with "new" scatter correction.  Optimal data.,1,1,
1,1,150,18,m12,2007-06-12,,1,2007-05-18,1,2007-05-18,I54866,2007-05-21,2,1,1,1,1,1,1,1,,,,1,,,,Top Cutoff - none;Bottom Cutoff - none,,,1,1,
1,1,150,18,m24,2008-02-29,,1,2008-02-27,1,2008-02-28,I92994,2008-02-28,2,1,1,1,1,1,1,1,,,,1,,,,Top Cutoff - none;Bottom Cutoff - none,,PIB scan started 60 minutes after injection,1,1,
1,1,150,18,m36,2009-04-10,,1,2009-03-25,1,2009-03-25,I139830,2009-03-26,2,1,1,1,1,1,1,1,,,,1,,,,Top Cutoff - none;Bottom Cutoff - none,,No confirmation of TRIM ON.,1,1,
1,1,155,3,m24,2008-03-31,,1,2008-03-04,1,2008-03-28,I99768,2008-03-31,1,1,4,,1,3,1,1,,,,1,,,,Motion - moderate;Top Cutoff - none;Bottom Cutoff - 0-3mm,,Upload date incorrect.  Uploaded 3/28/08, not 3/4/08!  PET sheet corrected by QC team,1,1,
1,1,155,3,m36,2009-04-13,,1,2009-03-13,1,2009-04-10,I141398,2009-04-13,1,1,4,,1,3,1,1,,,,1,,,,Motion - mild;Top Cutoff - none;Bottom Cutoff - 3-6mm,,,1,1,
1,1,167,115,m12,2007-09-18,2010-06-01,1,2007-05-10,1,2007-07-16,I60157,2007-07-17,1,1,2,1,1,3,1,1,,,,2,Other (specify),Replaced by new images,1,Motion - none;Top Cutoff - none;Bottom Cutoff - none,,,2,2,
1,1,167,115,m12,2010-06-01,2010-07-08,2,2007-05-10,2,2010-05-28,I174991,2010-06-01,1,1,2,2,1,1,1,1,,,,1,,,,Motion - none;Top Cutoff - none;Bottom Cutoff - none,,,1,1,
1,1,167,115,m24,2008-08-15,2010-06-01,1,2008-07-16,1,2008-08-14,I116157,2008-08-15,1,1,2,1,1,3,1,1,,,,2,Other (specify),replaced by new images,1,Motion - mild-to-moderate;Top Cutoff - none;Bottom Cutoff - none,,,2,2,
1,1,167,115,m24,2010-06-01,2010-07-08,2,2008-07-16,2,2010-05-28,I174992,2010-06-01,1,1,2,2,1,3,1,1,,,,1,,,,Motion - mild-to-moderate;Top Cutoff - none;Bottom Cutoff - none,,,1,1,
1,1,188,115,m12,2007-09-18,,1,2007-05-11,1,2007-07-16,I60256,2007-12-17,1,1,2,1,1,3,1,1,,,,2,Other (specify),Incorrect framing/timing,1,Motion - mild;Top Cutoff - none;Bottom Cutoff - none,,Request rebinning - need PIB data from 50 - 70  minutes post injection,2,2,
1,1,188,115,m12,2007-12-18,2010-06-22,2,2007-05-11,2,2007-12-17,I85224,2007-12-18,1,1,2,1,1,3,1,1,,,,2,Other (specify),Scatter correction,1,Motion - none;Top Cutoff - none;Bottom Cutoff - none,,,2,2,
1,1,188,115,m12,2010-06-22,,3,2007-05-11,3,2010-06-16,I178637,2010-06-18,1,1,2,1,1,3,1,1,,,,1,,,,Motion - none;Top Cutoff - none;Bottom Cutoff - none,,Reworked data with "new" scatter correction.  Optimal data.,1,1,
1,1,188,115,m24,2008-04-03,2010-06-22,1,2008-03-25,1,2008-03-26,I99572,2008-04-01,1,1,2,1,1,3,1,1,,,,2,Other (specify),Scatter correction,1,Motion - mild-to-moderate;Top Cutoff - none;Bottom Cutoff - none,,PIB scan started 43 minutes after injection.,2,2,
1,1,188,115,m24,2010-06-22,,2,2008-03-25,2,2010-06-16,I178644,2010-06-18,1,1,2,1,1,3,1,1,,,,1,,,,Motion - mild-to-moderate;Top Cutoff - none;Bottom Cutoff - none,,PIB scan started 43 minutes after injection.  Reworked data with "new" scatter correction.  Optimal data.,1,1,
1,1,188,115,m36,2009-06-04,2010-06-22,1,2009-05-13,1,2009-06-02,I145302,2009-06-02,1,1,2,1,1,3,1,1,,,,2,Other (specify),Scatter correction,1,Motion - mild;Top Cutoff - none;Bottom Cutoff - none,,,2,2,
1,1,188,115,m36,2010-06-22,,2,2009-05-13,2,2010-06-16,I178669,2010-06-18,1,1,2,1,1,3,1,1,,,,1,,,,Motion - mild;Top Cutoff - none;Bottom Cutoff - none,,Reworked data with "new" scatter correction.  Optimal data.,1,1,
1,1,200,115,m12,2007-12-20,,1,2007-05-23,1,2007-12-14,I85054,2007-12-17,1,1,2,1,1,3,1,1,,,,2,Other (specify),Incorrect framing/timing,1,,,Request rebinning of list mode data.  PIB data from 50 - 70 minutes post injection needed.,2,2,
1,1,200,115,m12,2007-12-20,2010-09-07,2,2007-05-23,2,2007-12-17,I85250,2007-12-18,1,1,2,1,1,3,1,1,,,,2,Other (specify),replaced by reworked data,1,Motion - mild;Top Cutoff - none;Bottom Cutoff - none,,,2,2,
1,1,200,115,m12,2010-09-07,,3,2007-05-23,3,2010-08-30,I191621,2010-09-07,1,1,2,1,1,3,1,1,,,,1,,,,Motion - mild;Top Cutoff - none;Bottom Cutoff - none,,,1,1,
1,1,200,115,m24,2008-04-08,,1,2008-03-18,1,2008-04-07,I100809,2008-04-08,1,1,2,1,1,3,1,1,,,,2,Attenuation Error,,1,,,Incorrect attenuation correction applied to images.  Request reprocess.,2,2,
1,1,200,115,m24,2008-04-08,2010-09-07,2,2008-03-18,2,2008-04-07,I101148,2008-04-08,1,1,2,1,1,3,1,1,,,,2,Other (specify),Replaced by reworked data,1,Motion - mild-to-moderate;Top Cutoff - none;Bottom Cutoff - none,,,2,2,
1,1,200,115,m24,2010-09-07,,3,2008-03-18,3,2010-08-30,I191622,2010-09-07,1,1,2,1,1,3,1,1,,,,1,,,,Motion - mild-to-moderate;Top Cutoff - none;Bottom Cutoff - none,,,1,1,
1,1,200,115,m36,2009-06-11,2010-09-07,1,2009-05-21,1,2009-06-08,I145523,2009-06-11,1,1,2,1,1,3,1,1,,,,2,Other (specify),Replaced by reworked data,1,Motion - mild;Top Cutoff - none;Bottom Cutoff - none,,,2,2,
1,1,200,115,m36,2010-09-07,,2,2009-05-21,2,2010-08-30,I191623,2010-09-07,1,1,2,1,1,3,1,1,,,,1,,,,Motion - mild;Top Cutoff - none;Bottom Cutoff - none,,,1,1,
1,1,214,16,m12,2007-06-12,,1,2007-05-22,1,2007-05-23,I55055,2007-05-24,1,1,2,1,1,3,1,1,,,,1,,,,Motion - mild;Top Cutoff - none;Bottom Cutoff - none,,,1,1,
1,1,214,16,m24,2008-05-05,,1,2008-04-29,1,2008-04-30,I104327,2008-05-01,1,1,2,1,1,3,1,1,,,,1,,,,Motion - mild;Top Cutoff - none;Bottom Cutoff - none,,,1,1,
1,1,214,16,m48,2010-08-27,,1,2010-08-02,1,2010-08-25,I191254,2010-08-27,1,1,2,1,1,3,1,1,,,,1,,,,Motion - mild-to-moderate;Top Cutoff - none;Bottom Cutoff - none,,,1,1,
1,1,216,115,m12,2007-10-01,2010-06-22,1,2007-05-09,1,2007-09-17,I73458,2007-09-18,1,1,2,1,1,3,1,1,,,,2,Other (specify),Scatter correction,1,Motion - mild;Top Cutoff - none;Bottom Cutoff - none,,,2,2,
1,1,216,115,m12,2010-06-22,,2,2007-05-09,2,2010-06-16,I178821,2010-06-18,1,1,2,1,1,3,1,1,,,,1,,,,Motion - mild;Top Cutoff - none;Bottom Cutoff - none,,Reworked data with "new" scatter correction.  Optimal data.,1,1,
1,1,216,115,m24,2008-04-03,2010-06-22,1,2008-03-11,1,2008-03-25,I99361,2008-04-01,1,1,2,1,1,3,1,1,,,,2,Other (specify),Scatter correction,1,Motion - none;Top Cutoff - none;Bottom Cutoff - none,,Global scale difference.  Suspect reference region mismatch and/or superior-inferior gradient.,2,2,
1,1,216,115,m24,2010-06-22,,2,2008-03-11,2,2010-06-16,I178858,2010-06-18,1,1,2,1,1,3,1,1,,,,1,,,,Motion - none;Top Cutoff - none;Bottom Cutoff - none,,Reworked data with "new" scatter correction.  Optimal data.,1,1,
1,1,222,1,m24,2008-06-06,,1,2008-06-05,1,2008-06-05,I108586,2008-06-06,1,1,1,1,1,3,1,1,,,,1,,,,Motion - mild;Top Cutoff - 0-3mm;Bottom Cutoff - none,,,1,1,
1,1,223,1,m24,2008-06-06,,1,2008-05-16,1,2008-06-05,I108587,2008-06-06,1,1,1,1,1,3,1,2,2,2,Corrupt,2,Other (specify),Frame 2 is corrupt - please reconstruct and reupload,1,,,,2,2,
1,1,223,1,m24,2008-06-20,,2,2008-05-16,2,2008-06-17,I109969,2008-06-20,1,1,1,1,1,3,1,1,,,,1,,,,Motion - moderate;Top Cutoff - 0-3mm;Bottom Cutoff - none,,,1,1,
1,1,223,1,m36,2009-08-10,,1,2009-08-05,1,2009-08-06,I152523,2009-08-10,1,1,1,1,1,3,1,1,,,,1,,,,Motion - mild-to-moderate;Top Cutoff - none;Bottom Cutoff - none,,,1,1,
1,1,225,115,m12,2007-10-01,2010-05-25,1,2007-05-16,1,2007-09-17,I73459,2007-09-18,1,1,2,1,1,3,1,1,,,,2,Other (specify),Replaced by new images,2,Motion - moderate;Top Cutoff - none;Bottom Cutoff - none,,9.4 mCi PIB injected,2,2,
1,1,225,115,m12,2008-06-02,,2,2007-05-16,2,2008-05-23,I106654,2008-05-27,1,1,2,1,1,3,1,1,,,,2,Other (specify),Matches worse than original.,2,Motion - moderate;Top Cutoff - none;Bottom Cutoff - none,,Based on the 24m images, PET QC team requested a reprocess of this 12m scan even though it had already been approved.  The rework was no better and won't be used.,2,2,
1,1,225,115,m12,2010-05-25,,3,2007-05-16,3,2010-05-03,I172802,2010-05-04,1,1,2,1,1,3,1,1,,,,2,Other (specify),Replaced by newer images,2,,,,2,2,
1,1,225,115,m12,2010-05-25,2010-07-08,4,2007-05-16,4,2010-05-19,I174159,2010-05-20,1,1,2,1,1,3,1,1,,,,1,,,,,,,1,1,
1,1,225,115,m24,2008-04-11,2010-05-25,1,2008-03-31,1,2008-04-10,I102243,2008-04-11,1,1,2,1,1,3,1,1,,,,2,Other (specify),Replaced by new images,2,Motion - mild;Top Cutoff - none;Bottom Cutoff - none,,Two minute discrepancy between wall clock and computer clock.  PIB PET scan started 44 - 46 minutes post injection.,2,2,
1,1,225,115,m24,2010-05-25,,2,2008-03-31,2,2010-05-03,I172803,2010-05-04,1,1,2,1,1,3,1,1,,,,2,Other (specify),replaced by newer images,2,,,,2,2,
1,1,225,115,m24,2010-05-25,2010-07-08,3,2008-03-31,3,2010-05-19,I174160,2010-05-20,1,1,2,1,1,3,1,1,,,,1,,,,Motion - mild;Top Cutoff - none;Bottom Cutoff - none,,,1,1,
1,1,225,115,m36,2009-07-28,2010-05-25,1,2009-07-08,1,2009-07-14,I149003,2009-07-16,1,1,2,1,1,3,1,1,,,,2,Other (specify),Replaced by new images,2,Motion - mild;Top Cutoff - none;Bottom Cutoff - none,,,2,2,
1,1,225,115,m36,2010-05-25,2010-05-25,2,2009-07-08,2,2010-05-03,I172817,2010-05-04,1,1,2,1,1,3,1,1,,,,2,Other (specify),Replaced by newer images,2,Motion - mild;Top Cutoff - none;Bottom Cutoff - none,,,2,2,
1,1,225,115,m36,2010-05-25,2010-07-08,3,2009-07-08,3,2010-05-19,I174161,2010-05-20,1,1,2,1,1,3,1,1,,,,1,,,,Motion - mild;Top Cutoff - none;Bottom Cutoff - none,,,1,1,
1,1,227,115,m12,2007-12-20,2010-07-28,1,2007-06-01,1,2007-12-12,I84743,2007-12-13,1,1,2,1,1,3,1,1,,,,2,Other (specify),replace with reworked images sets,1,Motion - mild;Top Cutoff - none;Bottom Cutoff - none,,,2,2,
1,1,227,115,m12,2010-07-28,,2,2007-06-01,2,2010-07-16,I185360,2010-07-27,1,1,2,1,1,3,1,1,,,,1,,,,Motion - mild;Top Cutoff - none;Bottom Cutoff - none,,,1,1,
1,1,227,115,m24,2008-05-06,2010-07-28,1,2008-04-15,1,2008-05-01,I104446,2008-05-05,1,1,2,1,1,3,1,1,,,,2,Other (specify),Replaced by reworked image sets,1,Motion - moderate;Top Cutoff - none;Bottom Cutoff - none,,,2,2,
1,1,227,115,m24,2010-07-28,,2,2008-04-15,2,2010-07-16,I185377,2010-07-27,1,1,2,1,1,3,1,1,,,,1,,,,Motion - moderate;Top Cutoff - none;Bottom Cutoff - none,,,1,1,
1,1,227,115,m36,2009-08-17,2010-07-28,1,2009-08-11,1,2009-08-14,I153168,2009-08-17,1,1,2,1,1,3,1,1,,,,2,Other (specify),Replaced by reworked image sets,1,Motion - mild;Top Cutoff - none;Bottom Cutoff - none,,slight apparent decrease in amyloid over time ??,2,2,
1,1,227,115,m36,2010-07-28,,2,2009-08-11,2,2010-07-16,I185383,2010-07-27,1,1,2,1,1,3,1,1,,,,1,,,,Motion - mild;Top Cutoff - none;Bottom Cutoff - none,,,1,1,
1,1,258,115,m12,2008-04-15,2010-06-22,1,2007-05-25,1,2008-04-11,I102276,2008-04-15,1,1,2,1,1,3,1,1,,,,2,Other (specify),Scatter correction,1,Motion - none;Top Cutoff - none;Bottom Cutoff - none,,,2,2,
1,1,258,115,m12,2010-06-22,,2,2007-05-25,2,2010-06-16,I178753,2010-06-18,1,1,2,1,1,3,1,1,,,,1,,,,Motion - none;Top Cutoff - none;Bottom Cutoff - none,,Reworked with "new" scatter correction.  Optimal data.,1,1,
1,1,258,115,m24,2008-06-10,2010-06-22,1,2008-06-04,1,2008-06-09,I108838,2008-06-10,1,1,2,1,1,3,1,1,,,,2,Other (specify),Scatter correction,1,Motion - mild;Top Cutoff - none;Bottom Cutoff - none,,,2,2,
1,1,258,115,m24,2010-06-22,,2,2008-06-04,2,2010-06-16,I178793,2010-06-18,1,1,2,1,1,3,1,1,,,,1,,,,Motion - mild;Top Cutoff - none;Bottom Cutoff - none,,Reworked data with "new" scatter correction.  Optimal data.,1,1,
1,1,259,114,m24,2008-04-16,,1,2008-04-11,1,2008-04-15,I102773,2008-04-16,3,1,4,,1,3,1,1,,,,1,,,,Motion - mild;Top Cutoff - none;Bottom Cutoff - none,,No confirmation of RAMP filter.,1,1,
1,1,259,114,m36,2009-03-31,,1,2009-03-27,1,2009-03-30,I140030,2009-03-31,3,1,1,1,1,3,1,1,,,,1,,,,Motion - mild;Top Cutoff - none;Bottom Cutoff - none,,,1,1,
1,1,262,20,m12,2007-06-20,,1,2007-05-18,1,2007-05-25,I55224,2007-05-29,3,1,1,1,1,3,1,1,,,,1,,,,Motion - none;Top Cutoff - none;Bottom Cutoff - none,,Mild to moderate motion in early frames.  No confirmation of Brain Mode ON.,1,1,
1,1,262,20,m24,2008-05-08,,1,2008-05-02,1,2008-05-05,I104596,2008-05-05,3,1,1,1,1,3,1,1,,,,1,,,,Motion - mild-to-moderate;Top Cutoff - none;Bottom Cutoff - none,,,1,1,
1,1,262,20,m36,2009-04-27,,1,2009-04-16,1,2009-04-17,I141957,2009-04-21,3,1,1,1,1,3,1,1,,,,1,,,,Motion - none;Top Cutoff - none;Bottom Cutoff - none,,,1,1,
1,1,262,20,m48,2010-04-20,,1,2010-04-12,1,2010-04-13,I170909,2010-04-13,3,1,1,1,1,3,1,1,,,,1,,,,Motion - mild-to-moderate;Top Cutoff - none;Bottom Cutoff - none,,,1,1,
1,1,266,115,m12,2007-10-01,2010-05-25,1,2007-05-17,1,2007-09-17,I73422,2007-09-17,1,1,2,1,1,3,1,1,,,,2,Other (specify),Replaced by newer images,2,Motion - moderate;Top Cutoff - none;Bottom Cutoff - none,,,2,2,
1,1,266,115,m12,2008-06-02,,2,2007-05-17,2,2008-05-23,I106670,2008-05-27,1,1,2,1,1,3,1,1,,,,2,Other (specify),Matches worse than original.,2,Motion - moderate;Top Cutoff - none;Bottom Cutoff - none,,Based on the 24m images, PET QC team requested a reprocess of this 12m scan even though it had already been approved.  The rework was no better and won't be used.,2,2,
1,1,266,115,m12,2010-05-25,2010-07-08,3,2007-05-17,3,2010-05-19,I174162,2010-05-25,1,1,2,1,1,3,1,1,,,,1,,,,Motion - moderate;Top Cutoff - none;Bottom Cutoff - none,,,1,1,
1,1,266,115,m24,2008-06-02,2010-05-25,1,2008-04-24,1,2008-05-05,I104707,2008-05-06,1,1,2,1,1,3,1,1,,,,2,Other (specify),Replaced by newer images,2,Motion - mild;Top Cutoff - none;Bottom Cutoff - none,,PET scan started 55 minutes post injection.,2,2,
1,1,266,115,m24,2010-05-25,2010-07-08,2,2008-04-24,2,2010-05-19,I174167,2010-05-25,1,1,2,1,1,1,1,1,,,,1,,,,Motion - moderate;Top Cutoff - none;Bottom Cutoff - none,,,1,1,
1,1,272,115,m12,2007-12-20,2010-09-10,1,2007-05-30,1,2007-12-14,I85055,2007-12-17,1,1,2,1,1,3,1,1,,,,2,Other (specify),replaced by reworked data,1,Motion - mild;Top Cutoff - none;Bottom Cutoff - none,,,2,2,
1,1,272,115,m12,2010-09-10,,2,2007-05-30,2,2010-09-07,I192148,2010-09-09,1,1,2,1,1,3,1,1,,,,1,,,,Motion - mild;Top Cutoff - none;Bottom Cutoff - none,,,1,1,
1,1,272,115,m24,2008-05-13,2010-09-10,1,2008-05-02,1,2008-05-13,I105242,2008-05-13,1,1,2,1,1,3,1,1,,,,2,Other (specify),Replaced by reworked data,1,Motion - mild;Top Cutoff - none;Bottom Cutoff - none,,PET PIB data acquired 42-62 minutes post injection,2,2,
1,1,272,115,m24,2010-09-10,,2,2008-05-02,2,2010-09-07,I192157,2010-09-07,1,1,2,1,1,3,1,1,,,,1,,,,Motion - mild;Top Cutoff - none;Bottom Cutoff - none,,,1,1,
1,1,272,115,m36,2009-07-16,2010-09-10,1,2009-06-05,1,2009-07-06,I147863,2009-07-10,1,1,2,1,1,3,1,1,,,,2,Other (specify),Replaced by reworked data,1,Motion - none;Top Cutoff - none;Bottom Cutoff - none,,,2,2,
1,1,272,115,m36,2010-09-10,,2,2009-06-05,2,2010-09-09,I192460,2010-09-10,1,1,2,1,1,3,1,1,,,,1,,,,Motion - none;Top Cutoff - none;Bottom Cutoff - none,,,1,1,
1,1,282,20,m12,2007-06-20,,1,2007-05-25,1,2007-05-29,I55333,2007-05-29,3,1,1,1,1,3,1,1,,,,1,,,,Motion - none;Top Cutoff - none;Bottom Cutoff - none,,Mild to moderate motion in early frames.,1,1,
1,1,293,2,m24,2008-04-22,,1,2008-04-17,1,2008-04-17,I102999,2008-04-21,1,1,4,,1,1,1,1,,,,1,,,,Motion - none;Top Cutoff - none;Bottom Cutoff - 0-3mm,,Three minute discrepancy between wall clock and computer clock.,1,1,
1,1,327,18,m12,2007-06-12,,1,2007-05-30,1,2007-05-31,I55613,2007-05-31,2,1,1,1,1,1,1,1,,,,1,,,,Top Cutoff - none;Bottom Cutoff - none,,,1,1,
1,1,327,18,m24,2008-06-05,,1,2008-05-15,1,2008-05-15,I105845,2008-05-16,2,1,1,1,1,1,1,1,,,,1,,,,Top Cutoff - none;Bottom Cutoff - none,,No confirmation of no post-processing smoothing.,1,1,
1,1,327,18,m36,2009-07-06,,1,2009-06-23,1,2009-06-24,I146636,2009-06-24,2,1,1,1,1,1,1,1,,,,1,,,,Top Cutoff - none;Bottom Cutoff - none,,,1,1,
1,1,344,2,m24,2008-04-24,,1,2008-04-23,1,2008-04-23,I103608,2008-04-24,1,1,4,,1,1,1,1,,,,1,,,,Motion - mild;Top Cutoff - none;Bottom Cutoff - none,,,1,1,
1,1,344,2,m36,2009-07-06,,1,2009-06-11,1,2009-06-11,I145712,2009-06-12,1,1,4,,1,1,1,1,,,,1,,,,Motion - mild;Top Cutoff - none;Bottom Cutoff - none,,PIB scan started 57 minutes post injection.,1,1,
1,1,344,2,m48,2010-07-26,,1,2010-06-22,1,2010-06-22,I179896,2010-07-09,1,1,4,,1,1,1,1,,,,1,,,,Motion - mild;Top Cutoff - none;Bottom Cutoff - 0-3mm,,,1,1,
1,1,377,18,m24,2008-08-11,,1,2008-07-31,1,2008-07-31,I114989,2008-08-01,2,1,1,1,1,1,1,1,,,,1,,,,Top Cutoff - none;Bottom Cutoff - none,,No confirmation of TRIM ON.,1,1,
1,1,377,18,m36,2009-08-20,,1,2009-08-17,1,2009-08-17,I153266,2009-08-20,2,1,1,1,1,1,1,1,,,,1,,,,Top Cutoff - none;Bottom Cutoff - none,,No confirmation of TRIM ON.,1,1,
1,1,400,16,m12,2007-08-13,,1,2007-08-07,1,2007-08-08,I65817,2007-08-09,1,1,2,1,1,3,1,1,,,,1,,,,Motion - mild;Top Cutoff - none;Bottom Cutoff - none,,,1,1,
1,1,400,16,m24,2008-05-06,,1,2008-05-01,1,2008-05-05,I104597,2008-05-06,1,1,2,1,1,3,1,1,,,,1,,,,Motion - mild;Top Cutoff - none;Bottom Cutoff - none,,,1,1,
1,1,414,2,m24,2008-06-13,,1,2008-06-12,1,2008-06-12,I109321,2008-06-13,1,2,1,2,2,2,2,1,,,,2,Incorrect reconstruction algorithm;Incorrect voxel size,,1,Motion - mild;Top Cutoff - none;Bottom Cutoff - none,,Iterative recon into 256 grid.  Request reprocess,2,2,
1,1,414,2,m24,2008-06-13,,2,2008-06-12,2,2008-06-13,I109385,2008-06-13,1,1,4,,1,1,1,1,,,,1,,,,Motion - mild;Top Cutoff - none;Bottom Cutoff - none,,,1,1,
1,1,419,106,m12,2007-09-18,,1,2007-08-22,1,2007-09-12,I72657,2007-09-13,1,1,1,1,1,3,1,1,,,,1,,,,Motion - mild;Top Cutoff - none;Bottom Cutoff - none,,,1,1,
1,1,419,106,m24,2008-07-24,,1,2008-07-17,1,2008-07-24,I114250,2008-07-24,1,1,1,1,2,3,2,1,,,,2,Incorrect filtering;Incorrect voxel size,,1,,,Request reprocess with iterative reconstruction, Ramp filter and voxel size 2.0594.,2,2,
1,1,419,106,m24,2008-08-04,,2,2008-07-17,2,2008-07-30,I114811,2008-08-01,1,1,1,1,1,3,1,1,,,,1,,,,Motion - none;Top Cutoff - none;Bottom Cutoff - none,,,1,1,
1,1,419,106,m36,2009-07-10,,1,2009-06-19,1,2009-07-01,I147305,2009-07-09,1,1,1,1,1,3,1,1,,,,1,,,,Motion - mild;Top Cutoff - 0-3mm;Bottom Cutoff - none,,,1,1,
1,1,420,106,m12,2007-10-18,,1,2007-09-28,1,2007-10-17,I78033,2007-10-18,1,1,1,1,1,3,1,1,,,,1,,,,Motion - none;Top Cutoff - none;Bottom Cutoff - >9mm,,A significant portion of the cerebellum is cut.  Subject unable to tolerate resccan.,1,1,
1,1,420,106,m24,2008-10-07,,1,2008-10-03,1,2008-10-07,I119442,2008-10-07,1,1,1,1,1,3,1,1,,,,1,,,,Motion - none;Top Cutoff - none;Bottom Cutoff - none,,,1,1,
1,1,420,106,m36,2009-09-10,,1,2009-08-21,1,2009-08-21,I153580,2009-08-24,1,1,1,1,1,3,1,1,,,,1,,,,Motion - none;Top Cutoff - none;Bottom Cutoff - none,,,1,1,
1,1,422,106,m12,2007-10-05,,1,2007-09-27,1,2007-10-01,I76389,2007-10-02,1,1,1,1,1,3,1,1,,,,1,,,,Motion - none;Top Cutoff - none;Bottom Cutoff - none,,,1,1,
1,1,422,106,m24,2008-11-03,,1,2008-10-30,1,2008-10-31,I124764,2008-11-03,1,1,1,1,1,3,1,1,,,,1,,,,Motion - mild;Top Cutoff - none;Bottom Cutoff - 0-3mm,,,1,1,
1,1,422,106,m36,2009-11-02,,1,2009-10-16,1,2009-10-27,I157837,2009-10-28,1,1,1,1,1,3,1,1,,,,1,,,,Motion - mild;Top Cutoff - none;Bottom Cutoff - none,,,1,1,
1,1,454,18,m12,2007-07-10,,1,2007-07-05,1,2007-07-06,I58619,2007-07-09,2,1,1,1,1,1,1,1,,,,1,,,,Top Cutoff - none;Bottom Cutoff - none,,11.1 mCi [11C]PIB inje3cted. PET scan started 61 minutes after injection.  No confirmation of no post-process smoothing,1,1,
1,1,454,18,m24,2008-06-05,,1,2008-06-02,1,2008-06-02,I108013,2008-06-02,2,1,1,1,1,1,1,1,,,,1,,,,Top Cutoff - none;Bottom Cutoff - none,,No confirmation of TRIM ON.,1,1,
1,1,454,18,m36,2009-07-10,,1,2009-07-08,1,2009-07-08,I148359,2009-07-10,2,1,1,1,1,1,1,1,,,,1,,,,Top Cutoff - none;Bottom Cutoff - none,,,1,1,
1,1,467,18,m12,2007-07-10,,1,2007-07-02,1,2007-07-02,I58284,2007-07-09,2,1,1,1,1,1,1,1,,,,1,,,,Top Cutoff - none;Bottom Cutoff - none,,,1,1,
1,1,467,18,m24,2008-05-20,,1,2008-05-19,1,2008-05-19,I106087,2008-05-20,2,1,1,1,1,1,1,1,,,,1,,,,Top Cutoff - none;Bottom Cutoff - none,,,1,1,
1,1,467,18,m48,2010-05-18,,1,2010-03-25,1,2010-03-25,I169089,2010-03-26,2,1,1,1,1,3,1,1,,,,1,,,,Top Cutoff - none;Bottom Cutoff - none,,,1,1,
1,1,498,103,m12,2007-09-27,,1,2007-09-25,1,2007-09-27,I75520,2007-09-27,1,1,1,1,1,3,1,1,,,,1,,,,Motion - mild;Top Cutoff - 0-3mm;Bottom Cutoff - none,,,1,1,
1,1,498,103,m24,2008-10-24,,1,2008-10-21,1,2008-10-23,I123315,2008-10-24,1,1,1,1,1,3,1,1,,,,1,,,,Motion - mild;Top Cutoff - 0-3mm;Bottom Cutoff - none,,,1,1,
1,1,500,115,m12,2007-12-20,2010-08-16,1,2007-05-29,1,2007-12-12,I84651,2007-12-13,1,1,2,1,1,3,1,1,,,,2,Other (specify),Replaced by reworked data,1,Motion - mild;Top Cutoff - none;Bottom Cutoff - none,,,2,2,
1,1,500,115,m12,2010-08-16,,2,2007-05-29,2,2010-08-11,I189950,2010-08-16,1,1,2,1,1,3,1,1,,,,1,,,,Motion - mild;Top Cutoff - none;Bottom Cutoff - none,,,1,1,
1,1,500,115,m24,2008-06-10,2010-08-16,1,2008-05-29,1,2008-06-09,I108892,2008-06-10,1,1,2,1,1,3,1,1,,,,2,Other (specify),Replaced by reworked data,1,Motion - none;Top Cutoff - none;Bottom Cutoff - none,,,2,2,
1,1,500,115,m24,2010-08-16,,2,2008-05-29,2,2010-08-13,I190198,2010-08-16,1,1,2,1,1,3,1,1,,,,1,,,,Motion - none;Top Cutoff - none;Bottom Cutoff - none,,,1,1,
1,1,526,41,m12,2007-06-20,,1,2007-06-06,1,2007-06-07,I56287,2007-06-08,3,1,1,1,1,3,1,1,,,,1,,,,Motion - mild;Top Cutoff - none;Bottom Cutoff - none,,,1,1,
1,1,546,1,m24,2008-10-16,,1,2008-10-09,1,2008-10-10,I120055,2008-10-10,1,1,1,1,1,3,1,1,,,,1,,,,Motion - mild;Top Cutoff - none;Bottom Cutoff - none,,,1,1,
1,1,546,1,m36,2009-09-18,,1,2009-09-16,1,2009-09-17,I155220,2009-09-18,1,1,1,1,1,3,1,1,,,,1,,,,Motion - mild-to-moderate;Top Cutoff - none;Bottom Cutoff - none,,,1,1,
1,1,547,103,m12,2007-09-24,,1,2007-09-17,1,2007-09-21,I74076,2007-09-21,1,1,1,1,1,3,1,1,,,,1,,,,Motion - mild;Top Cutoff - none;Bottom Cutoff - none,,,1,1,
1,1,547,103,m24,2008-09-15,,1,2008-09-10,1,2008-09-12,I117884,2008-09-15,1,1,1,1,1,3,1,1,,,,1,,,,Motion - none;Top Cutoff - none;Bottom Cutoff - none,,,1,1,
1,1,549,20,m12,2007-08-30,,1,2007-08-21,1,2007-08-22,I69758,2007-08-23,3,1,1,1,1,3,1,1,,,,1,,,,Motion - none;Top Cutoff - none;Bottom Cutoff - none,,Mild-mod patient motion during early frames.,1,1,
1,1,552,18,m12,2007-06-15,,1,2007-06-12,1,2007-06-12,I56744,2007-06-12,2,1,1,1,1,1,1,1,,,,1,,,,Top Cutoff - none;Bottom Cutoff - none,,11.9 mCi PIB injected.  No confirmation of no post-process smoothing.,1,1,
1,1,552,18,m24,2008-07-21,,1,2008-07-16,1,2008-07-16,I113261,2008-07-21,2,1,1,1,1,1,1,1,,,,1,,,,Top Cutoff - none;Bottom Cutoff - none,,Five  minute discrepancy between wall clock and computer clock.,1,1,
1,1,566,18,m12,2007-08-17,,1,2007-08-16,1,2007-08-16,I67920,2007-08-16,2,1,1,1,1,1,1,1,,,,1,,,,Top Cutoff - none;Bottom Cutoff - none,,Two minute discrepancy between wall clock and computer clock. No confirmation of no post-process smoothing.,1,1,
1,1,566,18,m24,2008-09-22,,1,2008-09-18,1,2008-09-18,I118146,2008-09-19,2,1,1,1,1,1,1,1,,,,1,,,,Top Cutoff - none;Bottom Cutoff - none,,No confirmation of TRIM "ON".,1,1,
1,1,566,18,m36,2010-01-28,,1,2010-01-19,1,2010-01-20,I164250,2010-01-20,2,1,1,1,1,3,1,1,,,,1,,,,Top Cutoff - none;Bottom Cutoff - >9mm,,PET info sheet incorrectly documents scanner type as EXACT; should be HR+.  ACQ for PIB should be (4) 5 min frames not (1) 20 min.  Cerebellum significantly cut.,1,1,
1,1,598,20,m12,2007-10-04,,1,2007-09-26,1,2007-09-27,I75444,2007-09-27,3,1,1,1,1,3,1,1,,,,1,,,,Motion - moderate;Top Cutoff - none;Bottom Cutoff - none,,,1,1,
1,1,608,115,m12,2007-12-20,2010-08-16,1,2007-06-12,1,2007-12-13,I84937,2007-12-14,1,1,2,1,1,3,1,1,,,,2,Other (specify),Replaced by reworked data,1,Motion - mild;Top Cutoff - none;Bottom Cutoff - none,,,2,2,
1,1,608,115,m12,2010-08-16,,2,2007-06-12,2,2010-08-12,I190025,2010-08-16,1,1,2,1,1,3,1,1,,,,1,,,,Motion - mild;Top Cutoff - none;Bottom Cutoff - none,,,1,1,
1,1,608,115,m24,2009-01-06,2010-08-16,1,2008-07-14,1,2008-07-25,I114320,2008-07-28,1,1,2,1,1,3,1,1,,,,2,Other (specify),Replaced by reworked data,1,Motion - mild;Top Cutoff - none;Bottom Cutoff - none,,,2,2,
1,1,608,115,m24,2010-08-16,,2,2008-07-14,2,2010-08-12,I190026,2010-08-16,1,1,2,1,1,3,1,1,,,,1,,,,Motion - mild;Top Cutoff - none;Bottom Cutoff - none,,,1,1,
1,1,608,115,m36,2009-11-19,2010-08-16,1,2009-08-14,1,2009-08-27,I153795,2009-08-31,1,1,2,1,1,3,1,1,,,,2,Other (specify),Replaced by reworked data,1,Motion - mild;Top Cutoff - none;Bottom Cutoff - none,,Incorrect PET scan date in PET information sheet; correct date 08/14/2009.,2,2,
1,1,608,115,m36,2010-08-16,,2,2009-08-14,2,2010-08-13,I190199,2010-08-16,1,1,2,1,1,3,1,1,,,,1,,,,Motion - mild;Top Cutoff - none;Bottom Cutoff - none,,,1,1,
1,1,627,18,m12,2007-10-05,,1,2007-10-04,1,2007-10-04,I76826,2007-10-04,2,1,1,1,1,1,1,1,,,,1,,,,Top Cutoff - none;Bottom Cutoff - none,,,1,1,
1,1,627,18,m24,2008-08-12,,1,2008-08-01,1,2008-08-01,I115110,2008-08-11,2,1,1,1,1,1,1,1,,,,1,,,,Top Cutoff - none;Bottom Cutoff - none,,No confirmation of TRIM ON.,1,1,
1,1,669,124,m12,2007-10-09,,1,2007-09-24,1,2007-09-25,I75193,2007-09-27,1,1,4,,1,3,1,1,,,,1,,,,Motion - mild-to-moderate;Top Cutoff - none;Bottom Cutoff - 0-3mm,,,1,1,
1,1,669,124,m36,2009-08-21,,1,2009-08-18,1,2009-08-19,I153376,2009-08-21,1,1,4,,1,3,1,1,,,,1,,,,Motion - mild;Top Cutoff - none;Bottom Cutoff - 3-6mm,,Two minute discrepancy between wall clock and computer clock.,1,1,
1,1,675,103,m12,2007-12-18,,1,2007-12-12,1,2007-12-17,I85139,2007-12-18,1,1,1,1,1,3,1,1,,,,1,,,,Motion - mild-to-moderate;Top Cutoff - none;Bottom Cutoff - none,,,1,1,
1,1,675,103,m24,2009-02-20,,1,2009-01-19,1,2009-02-19,I136544,2009-02-20,1,1,1,1,1,3,1,1,,,,1,,,,Motion - mild;Top Cutoff - none;Bottom Cutoff - none,,,1,1,
1,1,679,20,m12,2007-10-30,,1,2007-10-26,1,2007-10-29,I79296,2007-10-29,3,1,1,1,1,3,1,1,,,,1,,,,Motion - none;Top Cutoff - none;Bottom Cutoff - none,,,1,1,
1,1,679,20,m24,2008-08-19,,1,2008-08-18,1,2008-08-19,I116295,2008-08-19,3,1,1,1,1,3,1,1,,,,1,,,,Motion - mild;Top Cutoff - none;Bottom Cutoff - none,,,1,1,
1,1,679,20,m36,2009-07-27,,1,2009-07-23,1,2009-07-24,I150290,2009-07-27,3,1,1,1,1,3,1,1,,,,1,,,,Motion - none;Top Cutoff - none;Bottom Cutoff - 0-3mm,,No confirmation of Brain Mode ON.,1,1,
1,1,682,3,m12,2007-10-22,,1,2007-09-04,1,2007-10-22,I78230,2007-10-22,1,1,4,,1,3,1,1,,,,1,,,,Motion - mild-to-moderate;Top Cutoff - none;Bottom Cutoff - none,,,1,1,
1,1,698,2,m12,2007-09-27,,1,2007-09-20,1,2007-09-20,I73878,2007-09-21,1,1,4,,1,1,2,1,,,,2,Incorrect reconstruction algorithm;Incorrect voxel size,,1,Motion - mild;Top Cutoff - none;Bottom Cutoff - none,,Wrong reconstruction parameters.  Wrong voxel size request reprocess.,2,2,
1,1,698,2,m12,2007-09-27,,2,2007-09-20,2,2007-09-21,I74178,2007-09-24,1,1,4,,1,1,1,1,,,,1,,,,Motion - mild;Top Cutoff - none;Bottom Cutoff - none,,PET scan started 58 minutes after PIB injection,1,1,
1,1,698,2,m24,2008-09-11,,1,2008-09-03,1,2008-09-03,I117383,2008-09-04,1,1,4,,1,1,1,1,,,,1,,,,Motion - mild;Top Cutoff - none;Top Cutoff - >9mm,,,1,1,
1,1,698,2,m36,2009-09-24,,1,2009-09-08,1,2009-09-08,I154622,2009-09-10,1,1,4,,1,1,1,1,,,,1,,,,Motion - none;Top Cutoff - none;Bottom Cutoff - none,,,1,1,
1,1,718,16,m12,2007-08-25,,1,2007-08-20,1,2007-08-22,I69782,2007-08-23,1,1,1,1,1,3,1,1,,,,1,,,,Motion - mild;Top Cutoff - none;Bottom Cutoff - none,,,1,1,
1,1,722,124,m12,2007-10-16,,1,2007-10-11,1,2007-10-12,I77684,2007-10-12,1,1,4,,1,3,1,1,,,,1,,,,Motion - mild;Top Cutoff - none;Bottom Cutoff - none,,Two minute discrepancy between wall clock and computer clock.,1,1,
1,1,722,124,m24,2008-09-22,,1,2008-09-18,1,2008-09-19,I118161,2008-09-19,1,1,4,,1,3,1,1,,,,1,,,,Motion - mild;Top Cutoff - none;Bottom Cutoff - none,,Four minute discrepancy between wall clock and computer clock.,1,1,
1,1,731,103,m12,2007-09-12,,1,2007-09-06,1,2007-09-10,I72078,2007-09-10,1,1,1,1,1,1,1,1,,,,1,,,,Motion - none,,,1,1,
1,1,731,103,m24,2008-09-25,,1,2008-09-23,1,2008-09-25,I118373,2008-09-25,1,1,1,1,1,3,1,1,,,,1,,,,Motion - mild;Top Cutoff - 0-3mm;Bottom Cutoff - none,,,1,1,
1,1,754,114,m12,2007-10-02,,1,2007-09-28,1,2007-10-01,I76427,2007-10-02,3,1,4,,1,3,1,1,,,,1,,,,Motion - mild;Top Cutoff - 0-3mm;Bottom Cutoff - none,,two uploads.  Please don't upload anything but the actual PIB image data,1,1,
1,1,754,114,m24,2008-10-30,,1,2008-10-03,1,2008-10-29,I124484,2008-10-30,3,1,4,,1,3,1,1,,,,1,,,,Motion - moderate-to-severe;Top Cutoff - 3-6mm;Bottom Cutoff - none,,No confirmation of RAMP filter.,1,1,
1,1,800,124,m12,2007-10-08,,1,2007-10-03,1,2007-10-03,I76689,2007-10-04,1,1,4,,1,3,1,1,,,,1,,,,Motion - none;Top Cutoff - none;Bottom Cutoff - none,,Two minute discrepancy between wall clock and computer clock.,1,1,
1,1,800,124,m24,2008-09-22,,1,2008-09-17,1,2008-09-18,I118148,2008-09-19,1,1,4,,1,3,1,1,,,,1,,,,Motion - mild;Top Cutoff - none;Bottom Cutoff - none,,Three minute discrepancy between wall clock and computer clock.,1,1,
1,1,825,124,m12,2007-11-08,,1,2007-11-07,1,2007-11-08,I81158,2007-11-08,1,1,4,,1,3,1,1,,,,1,,,,Motion - none;Top Cutoff - none;Bottom Cutoff - none,,,1,1,
1,1,863,115,m12,2008-01-23,2010-06-22,1,2008-01-08,1,2008-01-17,I87764,2008-01-21,1,1,2,1,1,3,1,1,,,,2,Other (specify),Scatter correction,1,Motion - mild;Top Cutoff - none;Bottom Cutoff - none,,scan started outside of window.  Tech did not follow protocol, even though sheet says tech followed protocol.,2,2,
1,1,863,115,m12,2010-06-22,,2,2008-01-08,2,2010-06-16,I178630,2010-06-18,1,1,2,1,1,3,1,1,,,,1,,,,Motion - mild;Top Cutoff - none;Bottom Cutoff - none,,Reworked data with "new" scatter correction.  Optimal data.,1,1,
1,1,898,20,m12,2007-11-06,,1,2007-11-02,1,2007-11-02,I80572,2007-11-05,3,1,1,1,1,3,1,1,,,,1,,,,Motion - mild-to-moderate;Top Cutoff - none;Bottom Cutoff - none,,,1,1,
1,1,898,20,m24,2008-12-11,,1,2008-12-09,1,2008-12-10,I129958,2008-12-11,3,1,1,1,1,3,1,2,23,1,,1,,,,Motion - moderate-to-severe;Top Cutoff - none;Bottom Cutoff - none,,Severe patient motion in frame 23 - deleted frame work-up.,1,1,
1,1,898,20,m36,2009-11-19,,1,2009-11-13,1,2009-11-17,I159368,2009-11-17,3,1,1,1,1,3,1,1,,,,1,,,,Motion - mild-to-moderate;Top Cutoff - none;Bottom Cutoff - none,,,1,1,
1,1,925,114,m12,2007-12-07,,1,2007-11-30,1,2007-12-05,I84202,2007-12-07,3,1,4,,1,3,1,1,,,,1,,,,Motion - mild;Top Cutoff - none;Bottom Cutoff - none,,No confirmation of RAMP filter.,1,1,
1,1,925,114,m24,2008-12-08,,1,2008-11-21,1,2008-11-25,I128530,2008-12-01,3,1,1,1,1,3,1,1,,,,1,,,,Motion - none;Top Cutoff - none;Bottom Cutoff - none,,Scanner change.,1,1,
1,1,925,114,m36,2009-11-19,,1,2009-11-06,1,2009-11-12,I158623,2009-11-17,3,1,1,1,1,3,1,1,,,,1,,,,Motion - none;Top Cutoff - none;Bottom Cutoff - none,,,1,1,
1,1,947,115,m12,2008-01-21,2010-09-10,1,2008-01-10,1,2008-01-18,I87849,2008-01-21,1,1,1,1,1,3,1,1,,,,2,Other (specify),,1,Motion - none;Top Cutoff - none;Bottom Cutoff - none,,PIB data acquired 61-81 minutes post injection.,2,2,
1,1,947,115,m12,2010-09-10,,2,2008-01-10,2,2010-08-30,I191619,2010-09-07,1,1,2,1,1,3,1,1,,,,1,,,,Motion - none;Top Cutoff - none;Bottom Cutoff - none,,,1,1,
1,1,947,115,m24,2009-02-19,2010-09-10,1,2009-02-04,1,2009-02-18,I136319,2009-02-19,1,1,2,1,1,3,1,1,,,,2,Other (specify),Replaced by reworked data,1,Motion - mild;Top Cutoff - none;Bottom Cutoff - none,,,2,2,
1,1,947,115,m24,2010-09-10,,2,2009-02-04,2,2010-08-30,I191620,2010-09-07,1,1,2,1,1,3,1,1,,,,1,,,,Motion - mild;Top Cutoff - none;Bottom Cutoff - none,,,1,1,
1,1,972,124,m12,2007-12-14,,1,2007-12-11,1,2007-12-12,I84635,2007-12-14,1,1,4,,1,3,1,1,,,,1,,,,Motion - none;Top Cutoff - none;Bottom Cutoff - none,,Three minute discrepancy between wall clock and computer clock.,1,1,
1,1,972,124,m24,2008-12-11,,1,2008-12-09,1,2008-12-10,I129961,2008-12-11,1,1,4,,1,3,1,1,,,,1,,,,Motion - mild;Top Cutoff - none;Bottom Cutoff - 0-3mm,,,1,1,
1,1,972,124,m36,2010-01-04,,1,2009-12-02,1,2009-12-02,I160022,2009-12-03,1,1,4,,1,3,1,1,,,,1,,,,Motion - none;Top Cutoff - none;Bottom Cutoff - none,,Four minute discrepancy between wall clock and computer clock.,1,1,
1,1,973,124,m12,2007-12-18,,1,2007-12-13,1,2007-12-17,I85215,2007-12-18,1,1,4,,1,3,1,1,,,,1,,,,Motion - mild;Top Cutoff - none;Bottom Cutoff - none,,,1,1,
1,1,973,124,m24,2008-12-05,,1,2008-12-03,1,2008-12-03,I129072,2008-12-04,1,1,4,,1,3,1,1,,,,1,,,,Motion - mild-to-moderate;Top Cutoff - none;Bottom Cutoff - none,,Five minute discrepancy between wall clock and computer clock. PET scan may not have been started within allowable window.,1,1,
1,1,973,124,m36,2010-01-04,,1,2009-11-24,1,2009-11-25,I159791,2009-11-30,1,1,4,,1,3,1,1,,,,1,,,,Motion - mild;Top Cutoff - none;Top Cutoff - 3-6mm,,PET scan not started within allowable window.  Scan may have been started as early as 41 minutes post injection.,1,1,
1,1,978,16,m12,2007-12-20,,1,2007-12-18,1,2007-12-19,I85457,2007-12-20,1,1,2,1,1,3,1,1,,,,1,,,,Motion - none;Top Cutoff - none;Bottom Cutoff - none,,,1,1,
1,1,985,12,m12,2007-11-08,,1,2007-11-06,1,2007-11-07,I81070,2007-11-08,3,1,1,1,1,3,1,1,,,,1,,,,Motion - mild;Top Cutoff - 0-3mm;Bottom Cutoff - none,,Incorrect framing sequence. Site contacted and advised to edit acquisition protocol for future PIB scans. PIB acquisitions to include (4) 5 min frames 50 - 70 min after injection.,1,1,
1,1,985,12,m24,2008-11-06,,1,2008-11-03,1,2008-11-04,I125133,2008-11-04,1,1,1,1,1,3,1,1,,,,1,,,,Motion - none;Top Cutoff - none;Bottom Cutoff - none,,,1,1,
1,1,985,12,m36,2009-11-19,,1,2009-11-04,1,2009-11-05,I158284,2009-11-05,1,1,1,1,1,3,1,1,,,,1,,,,Motion - mild;Top Cutoff - none;Bottom Cutoff - none,,,1,1,
1,1,994,124,m12,2008-02-01,,1,2008-01-29,1,2008-01-30,I88948,2008-01-31,1,1,4,,1,3,1,1,,,,1,,,,Motion - moderate;Top Cutoff - none;Bottom Cutoff - none,,Four minute discrepancy between wall clock and computer clock.,1,1,
1,1,994,124,m24,2008-12-09,,1,2008-12-04,1,2008-12-05,I129428,2008-12-05,1,1,4,,1,3,1,1,,,,1,,,,Motion - mild;Top Cutoff - none;Bottom Cutoff - none,,Four minute discrepancy between wall clock and computer clock.  No confirmation of no post-process smoothing.,1,1,
1,1,994,124,m36,2009-11-24,,1,2009-11-20,1,2009-11-23,I159712,2009-11-24,1,1,4,,1,3,1,1,,,,1,,,,Motion - moderate;Top Cutoff - none;Bottom Cutoff - none,,Four minute discrepancy between wall clock and computer clock. PET scan may not have been started within allowable window.,1,1,
1,1,1002,20,m12,2007-12-21,,1,2007-12-12,1,2007-12-13,I84833,2007-12-20,3,1,1,1,1,3,1,1,,,,1,,,,Motion - mild;Top Cutoff - none;Bottom Cutoff - none,,Moderate to severe motion across whole study,1,1,
1,1,1002,20,m24,2008-11-18,,1,2008-11-14,1,2008-11-17,I126973,2008-11-18,3,1,1,1,1,3,1,1,,,,1,,,,Motion - mild;Top Cutoff - none;Bottom Cutoff - none,,,1,1,
1,1,1002,20,m36,2010-01-15,,1,2009-12-17,1,2009-12-18,I161161,2009-12-21,3,1,1,1,1,3,1,1,,,,1,,,,Motion - mild-to-moderate;Top Cutoff - none;Bottom Cutoff - 0-3mm,,,1,1,
1,1,1010,20,m12,2008-01-17,,1,2007-12-10,1,2007-12-11,I84522,2007-12-11,1,1,1,1,1,3,1,1,,,,1,,,,Motion - mild;Motion - mild-to-moderate;Top Cutoff - none;Bottom Cutoff - none,,,1,1,
1,1,1010,20,m24,2008-12-09,,1,2008-12-08,1,2008-12-09,I129597,2008-12-09,3,1,1,1,1,3,1,1,,,,1,,,,Motion - mild-to-moderate;Top Cutoff - none;Bottom Cutoff - 6-9mm,,,1,1,
1,1,1010,20,m36,2009-12-18,,1,2009-12-04,1,2009-12-07,I160387,2009-12-08,3,1,1,1,1,3,1,1,,,,1,,,,Motion - moderate-to-severe;Top Cutoff - none;Top Cutoff - 3-6mm,,,1,1,
1,1,1032,114,m12,2008-03-13,,1,2008-02-29,1,2008-03-03,I95214,2008-03-04,3,1,4,,1,3,1,1,,,,1,,,,Motion - mild-to-moderate,,No confirmation of RAMP filter.  5 mCi of PIB injected.,1,1,
1,1,1032,114,m24,2008-12-08,,1,2008-12-05,1,2008-12-05,I129454,2008-12-08,3,1,1,1,1,3,1,1,,,,1,,,,Motion - mild;Top Cutoff - none;Bottom Cutoff - none,,Scanner change.  Two minute discrepancy between wall clock and computer clock.,1,1,
1,1,1041,124,m12,2007-12-20,,1,2007-12-18,1,2007-12-20,I85760,2007-12-20,1,1,4,,1,3,1,1,,,,1,,,,Motion - mild-to-moderate;Top Cutoff - 3-6mm;Bottom Cutoff - none,,Suspected motion between transmission and emission scans,1,1,
1,1,1041,124,m24,2008-12-22,,1,2008-12-18,1,2008-12-19,I132069,2008-12-22,1,1,4,,1,3,1,1,,,,1,,,,Motion - moderate-to-severe;Top Cutoff - none;Bottom Cutoff - none,,Five minute discrepancy between wall clock and computer clock.,1,1,
1,1,1043,115,m12,2008-02-22,2010-09-07,1,2008-02-15,1,2008-02-20,I91326,2008-02-21,1,1,2,1,1,3,1,1,,,,2,Other (specify),Replaced by reworked data,1,Motion - mild;Top Cutoff - none;Bottom Cutoff - none,,,2,2,
1,1,1043,115,m12,2010-09-07,,2,2008-02-15,2,2010-09-01,I191835,2010-09-07,1,1,1,1,1,3,1,1,,,,1,,,,Motion - mild;Top Cutoff - none;Bottom Cutoff - none,,,1,1,
1,1,1063,12,m12,2007-11-26,,1,2007-11-20,1,2007-11-21,I82915,2007-11-26,1,1,1,1,1,3,1,1,,,,1,,,,Motion - mild-to-moderate;Top Cutoff - none;Bottom Cutoff - none,,,1,1,
1,1,1063,12,m24,2008-11-18,,1,2008-11-17,1,2008-11-18,I127123,2008-11-18,1,1,1,1,1,3,1,1,,,,1,,,,Motion - none;Top Cutoff - none;Bottom Cutoff - none,,,1,1,
1,1,1063,12,m36,2009-11-24,,1,2009-11-18,1,2009-11-19,I159521,2009-11-20,1,1,1,1,1,3,1,1,,,,1,,,,Motion - mild-to-moderate;Top Cutoff - none;Bottom Cutoff - none,,Error in PET info sheet; scan start time entered incorrectly.,1,1,
1,1,1078,18,m12,2007-12-20,,1,2007-12-17,1,2007-12-17,I85184,2007-12-18,2,1,1,1,1,1,1,1,,,,1,,,,Top Cutoff - none;Bottom Cutoff - none,,,1,1,
1,1,1078,18,m36,2010-03-12,2010-03-12,1,2010-03-01,1,2010-03-01,I167056,2010-03-02,2,1,1,1,1,3,1,1,,,,1,,,,Top Cutoff - none;Bottom Cutoff - none,,PET info sheet wrong for scanner type; HR+ not HiRez.  PET scan started 58 minutes post injection.,1,1,
1,1,1130,103,m12,2008-02-01,,1,2008-01-30,1,2008-02-01,I89215,2008-02-01,1,1,1,1,1,3,1,1,,,,1,,,,Motion - mild;Top Cutoff - none;Bottom Cutoff - none,,,1,1,
1,1,1130,103,m24,2009-02-25,,1,2009-02-23,1,2009-02-24,I136800,2009-02-25,1,1,1,1,1,3,1,1,,,,1,,,,Motion - mild;Top Cutoff - none;Bottom Cutoff - none,,,1,1,
1,1,1130,103,m36,2010-02-15,,1,2010-02-09,1,2010-02-11,I166178,2010-02-12,1,1,1,1,1,3,1,1,,,,1,,,,Motion - mild;Top Cutoff - none;Bottom Cutoff - none,,,1,1,
1,1,1171,12,m12,2008-02-01,,1,2008-01-29,1,2008-01-30,I88884,2008-01-31,1,1,1,1,1,3,1,1,,,,1,,,,Motion - none;Top Cutoff - 0-3mm;Bottom Cutoff - none,,No confirmation of Brain Mode ON. No confirmation of no post-process smoothing.,1,1,
1,1,1171,12,m24,2009-02-12,,1,2009-02-11,1,2009-02-12,I135813,2009-02-12,1,1,1,1,1,3,1,1,,,,1,,,,Motion - none;Top Cutoff - none;Bottom Cutoff - none,,,1,1,
1,1,1188,41,m12,2008-03-10,,1,2008-02-06,1,2008-02-08,I90031,2008-02-08,3,1,1,1,1,3,1,1,,,,1,,,,Motion - mild;Top Cutoff - none;Bottom Cutoff - none,,PIB scan to 60 min only.  PIB images for this protocol are supposed to include data 50 - 70 min post injection. Please modify ACQ protocol. No confirmation of no post-process smoothing.,1,1,
1,1,1188,41,m24,2009-02-02,,1,2009-01-26,1,2009-01-27,I134540,2009-01-29,3,1,1,1,1,3,1,1,,,,1,,,,Motion - mild;Top Cutoff - none;Bottom Cutoff - 0-3mm,,,1,1,
1,1,1224,1,m12,2008-04-29,,1,2008-04-23,1,2008-04-24,I103954,2008-04-25,1,1,1,1,1,3,1,1,,,,1,,,,Motion - mild;Top Cutoff - none;Bottom Cutoff - >9mm,,PET scan started 60 minutes post injection.  Significant portion of cerebellum is cut.,1,1,
1,1,1224,1,m24,2009-05-11,,1,2009-05-08,1,2009-05-08,I143459,2009-05-11,1,1,1,1,1,3,1,1,,,,1,,,,Motion - mild-to-moderate;Top Cutoff - none;Bottom Cutoff - 0-3mm,,,1,1,
1,1,1246,116,m12,2008-05-15,,1,2008-05-06,1,2008-05-09,I105000,2008-05-12,3,1,1,1,2,3,2,1,,,,2,Incorrect reconstruction algorithm;Incorrect filtering;Incorrect voxel size,,1,Motion - none;Top Cutoff - none;Bottom Cutoff - none,,,2,2,
1,1,1246,116,m12,2008-05-15,,2,2008-05-06,2,2008-05-13,I105281,2008-05-15,3,1,1,1,1,3,1,1,,,,1,,,,Motion - none;Top Cutoff - none;Bottom Cutoff - none,,,1,1,
1,1,1246,116,m24,2009-03-10,,1,2009-03-03,1,2009-03-05,I137738,2009-03-09,3,1,1,1,1,3,1,1,,,,1,,,,Motion - none;Top Cutoff - none;Bottom Cutoff - 0-3mm,,,1,1,
1,1,1260,20,bl,2007-06-20,,1,2007-04-27,1,2007-05-25,I55226,2007-05-29,3,1,1,1,1,3,1,1,,,,1,,,,Motion - mild;Top Cutoff - none;Bottom Cutoff - none,,10.6 mCi of PIB injected. Moderate to severe motion in early frames. No confirmation of Brain Mode ON.,1,1,
1,1,1260,20,m12,2008-03-03,,1,2008-02-27,1,2008-02-28,I92922,2008-02-28,3,1,1,1,1,3,1,1,,,,1,,,,Motion - mild;Top Cutoff - none;Bottom Cutoff - none,,,1,1,
1,1,1260,20,m24,2009-02-16,,1,2009-02-12,1,2009-02-13,I136036,2009-02-13,3,2,4,,1,3,2,1,,,,2,Incorrect reconstruction algorithm;Incorrect voxel size,,1,,,Request reprocess with FORE/2D-OSEM 4i/16s and correct zoom.,2,2,
1,1,1260,20,m24,2009-02-19,,2,2009-02-12,2,2009-02-18,I136292,2009-02-19,3,1,1,1,1,3,1,1,,,,2,Attenuation Error,,1,,,Images appear to have been reconstructed with the wrong attenuation correction.  Request reprocessing with PIB attenuation correction.,2,2,
1,1,1260,20,m24,2009-02-25,,3,2009-02-12,3,2009-02-25,I136926,2009-02-25,3,1,1,1,1,3,1,1,,,,1,,,,Motion - mild;Top Cutoff - none;Bottom Cutoff - none,,,1,1,
1,1,1307,12,m12,2008-03-14,,1,2008-03-11,1,2008-03-12,I96953,2008-03-13,1,1,1,1,1,3,1,1,,,,1,,,,Motion - none;Top Cutoff - none;Bottom Cutoff - none,,,1,1,
1,1,1307,12,m24,2009-03-13,,1,2009-03-05,1,2009-03-12,I138504,2009-03-12,1,1,1,1,1,3,1,1,,,,1,,,,Motion - mild;Top Cutoff - none;Bottom Cutoff - 0-3mm,,,1,1,
1,1,1339,2,m12,2008-05-08,,1,2008-05-01,1,2008-05-01,I104462,2008-05-05,1,1,4,,1,1,1,1,,,,1,,,,Motion - mild;Top Cutoff - none;Bottom Cutoff - none,,,1,1,
1,1,1339,2,m24,2009-07-30,,1,2009-07-28,1,2009-07-28,I150730,2009-07-29,1,1,4,,1,1,1,1,,,,1,,,,Motion - none;Top Cutoff - none;Bottom Cutoff - none,,PET scan started 54 minutes post injection.,1,1,
1,1,1341,1,m12,2008-05-06,,1,2008-04-30,1,2008-05-01,I104460,2008-05-05,1,1,1,1,1,3,1,1,,,,1,,,,Motion - mild-to-moderate;Top Cutoff - none;Bottom Cutoff - none,,,1,1,
1,1,1341,1,m24,2009-07-24,,1,2009-07-21,1,2009-07-21,I149908,2009-07-23,1,1,1,1,1,3,1,1,,,,1,,,,Motion - mild;Top Cutoff - none;Bottom Cutoff - none,,,1,1,
1,1,1382,114,m12,2008-04-29,,1,2008-04-25,1,2008-04-28,I104125,2008-04-28,3,1,4,,1,3,1,1,,,,1,,,,Motion - moderate;Top Cutoff - 0-3mm;Bottom Cutoff - none,,No confirmation of RAMP filter.,1,1,
1,1,1391,20,bl,2007-06-20,,1,2007-04-27,1,2007-05-25,I55225,2007-05-29,3,1,1,1,1,3,1,1,,,,1,,,,Motion - mild;Top Cutoff - none;Bottom Cutoff - none,,Moderate motion in early frames. No confirmation of Brain Mode ON.  No confirmation of no post-process smoothing.,1,1,
1,1,1393,12,m12,2008-04-15,,1,2008-04-10,1,2008-04-11,I102244,2008-04-11,1,1,1,1,1,3,1,1,,,,1,,,,Motion - none;Top Cutoff - none;Bottom Cutoff - none,,,1,1,
1,1,1393,12,m24,2009-05-14,,1,2009-05-11,1,2009-05-11,I143513,2009-05-12,1,1,1,1,1,3,1,1,,,,1,,,,Motion - mild;Top Cutoff - none;Bottom Cutoff - none,,,1,1,
1,1,1393,12,m36,2010-05-03,,1,2010-04-19,1,2010-04-19,I171312,2010-04-20,1,1,1,1,1,3,1,1,,,,1,,,,Motion - none;Top Cutoff - none;Bottom Cutoff - none,,,1,1,
1,1,1397,41,bl,2007-06-20,,1,2007-05-24,1,2007-05-29,I55342,2007-05-29,3,1,1,1,1,3,1,1,,,,1,,,,Motion - mild-to-moderate;Top Cutoff - none;Bottom Cutoff - none,,PIB scan out to 60 minutes only.,1,1,
1,1,1398,41,bl,2007-06-13,,1,2007-05-23,1,2007-05-24,I55165,2007-05-25,3,2,4,,1,1,1,1,,,,2,Incorrect reconstruction algorithm,,1,Motion - mild-to-moderate;Top Cutoff - none;Bottom Cutoff - none,,,2,2,
1,1,1398,41,bl,2007-06-22,,2,2007-05-23,2,2007-05-29,I55341,2007-05-29,3,1,1,1,1,3,1,1,,,,1,,,,Motion - mild-to-moderate;Top Cutoff - none;Bottom Cutoff - none,,only 60 min study;  primary data is average of 50-60 min.,1,1,
1,1,1398,41,m12,2008-07-21,,1,2008-06-25,1,2008-06-26,I111243,2008-06-30,3,1,1,1,1,3,1,1,,,,1,,,,Motion - moderate-to-severe;Top Cutoff - none;Bottom Cutoff - none,,,1,1,
1,1,1402,41,bl,2007-07-03,,1,2007-06-05,1,2007-06-07,I56286,2007-06-08,3,1,1,1,1,3,1,1,,,,1,,,,Motion - mild-to-moderate;Top Cutoff - none;Bottom Cutoff - none,,Moderate motion early,1,1,
1,1,1402,41,m12,2008-06-13,,1,2008-06-04,1,2008-06-05,I108527,2008-06-06,3,1,1,1,1,3,1,2,28,1,,1,,,,Motion - moderate-to-severe;Top Cutoff - none;Bottom Cutoff - 6-9mm,,Early frames of PIB have severe motion and do not match well with the transmission images.  Only used frames 35-37.  System won't allow entry > frame 28. Cerebellum cut.,1,1,
1,1,1406,115,bl,2007-12-20,2010-07-28,1,2007-05-31,1,2007-12-13,I84950,2007-12-14,1,1,2,1,1,3,1,1,,,,2,Other (specify),replaced by reworked images,1,Motion - mild-to-moderate;Top Cutoff - none;Bottom Cutoff - none,,,2,2,
1,1,1406,115,bl,2010-07-28,,2,2007-05-31,2,2010-07-22,I185979,2010-07-27,1,1,2,1,1,3,1,1,,,,1,,,,Motion - mild;Top Cutoff - none;Bottom Cutoff - none,,,1,1,
1,1,1406,115,m12,2008-08-18,2010-07-28,1,2008-08-05,1,2008-08-14,I116160,2008-08-15,1,1,2,1,1,3,1,1,,,,2,Other (specify),replaced by reworked image sets,1,Motion - mild-to-moderate;Top Cutoff - none;Bottom Cutoff - none,,,2,2,
1,1,1406,115,m12,2010-07-28,,2,2008-08-05,2,2010-07-22,I185998,2010-07-27,1,1,2,1,1,3,1,1,,,,1,,,,Motion - mild-to-moderate;Top Cutoff - none;Bottom Cutoff - none,,,1,1,
1,1,1406,115,m24,2009-07-28,2010-07-28,1,2009-06-25,1,2009-06-30,I146867,2009-07-10,3,1,2,1,1,3,1,1,,,,2,Other (specify),replaced by reworked image sets,1,Motion - none;Top Cutoff - none;Bottom Cutoff - none,,,2,2,
1,1,1406,115,m24,2010-07-28,,2,2009-06-25,2,2010-07-22,I186002,2010-07-27,1,1,2,1,1,3,1,1,,,,1,,,,Motion - none;Top Cutoff - none;Bottom Cutoff - none,,,1,1,
1,1,1407,115,bl,2007-10-09,2010-07-01,1,2007-06-08,1,2007-09-17,I73463,2007-09-18,1,1,2,1,1,3,1,1,,,,2,Other (specify),Replaced by newer images,1,Motion - mild;Top Cutoff - none;Bottom Cutoff - none,,,2,2,
1,1,1407,115,bl,2010-07-01,2010-07-08,2,2007-06-08,2,2010-06-17,I179427,2010-06-21,1,1,2,1,1,3,1,1,,,,1,,,,Motion - mild;Top Cutoff - none;Bottom Cutoff - none,,,1,1,
1,1,1407,115,m12,2008-08-12,2010-07-01,1,2008-07-29,1,2008-08-04,I115214,2008-08-11,1,1,2,1,1,3,1,1,,,,2,Other (specify),Replaced by newer images,1,Motion - mild;Top Cutoff - none;Bottom Cutoff - none,,,2,2,
1,1,1407,115,m12,2010-07-01,2010-07-08,2,2008-07-29,2,2010-06-17,I179432,2010-06-21,1,1,2,1,1,3,1,1,,,,1,,,,Motion - mild;Top Cutoff - none;Bottom Cutoff - none,,,1,1,
1,1,1409,115,bl,2007-12-20,2010-07-14,1,2007-06-11,1,2007-12-14,I85056,2007-12-17,1,1,2,1,1,3,1,1,,,,2,Other (specify),Replaced by reworked data,1,Motion - none;Top Cutoff - none;Bottom Cutoff - none,,,2,2,
1,1,1409,115,bl,2010-07-14,,2,2007-06-11,2,2010-07-12,I181767,2010-07-14,1,1,2,1,1,3,1,1,,,,1,,,,Motion - none;Top Cutoff - none;Bottom Cutoff - 0-3mm,,,1,1,
1,1,1409,115,m24,2009-04-13,2010-07-02,1,2009-04-03,1,2009-04-10,I141431,2009-04-13,1,1,2,1,1,3,1,1,,,,2,Other (specify),Replaced by newer images,1,Motion - none;Top Cutoff - none;Bottom Cutoff - none,,,2,2,
1,1,1409,115,m24,2010-07-02,2010-07-08,2,2009-04-03,2,2010-05-19,I174168,2010-05-26,1,1,2,1,1,1,1,1,,,,1,,,,Motion - none;Top Cutoff - none;Bottom Cutoff - none,,,1,1,
1,1,1411,20,bl,2007-10-11,,1,2007-10-09,1,2007-10-10,I77287,2007-10-11,3,1,1,1,1,3,1,1,,,,1,,,,Motion - none;Top Cutoff - none;Bottom Cutoff - none,,Mild motion throughout entire study,1,1,
1,1,1412,20,bl,2007-09-04,,1,2007-08-24,1,2007-08-24,I70180,2007-08-27,3,1,1,1,1,3,1,1,,,,1,,,,Motion - mild;Top Cutoff - none;Bottom Cutoff - none,,Moderate motion overall, mild during 50-70 min period,1,1,
1,1,1412,20,m12,2008-07-29,,1,2008-07-22,1,2008-07-23,I114103,2008-07-24,3,1,1,1,1,3,1,1,,,,1,,,,Motion - mild;Top Cutoff - none;Bottom Cutoff - 0-3mm,,Moderate motion during early frames.,1,1,
1,1,1414,124,bl,2007-10-09,,1,2007-08-31,1,2007-08-31,I71191,2007-09-04,1,1,4,,1,3,1,1,,,,1,,,,Motion - mild-to-moderate;Top Cutoff - none;Bottom Cutoff - >9mm,,Approximately half of the cerebellum is missing.,1,1,
1,1,1414,124,m12,2008-08-29,,1,2008-03-10,1,2008-03-11,I96493,2008-03-13,1,1,4,,1,3,1,1,,,,1,,,,Motion - none;Top Cutoff - none;Bottom Cutoff - 0-3mm,,12m scan conducted at approximately 6 months.  Five minute discrepancy between wall clock and computer clock.,1,1,
1,1,1414,124,m24,2009-09-29,,1,2009-09-24,1,2009-09-25,I155722,2009-09-29,1,1,4,,1,3,1,1,,,,1,,,,Motion - mild;Top Cutoff - none;Bottom Cutoff - none,,Three minute discrepancy between wall clock and computer clock.,1,1,
1,1,1417,41,bl,2007-10-01,,1,2007-08-21,1,2007-08-22,I69863,2007-08-23,3,1,1,1,1,3,1,1,,,,1,,,,Motion - none;Top Cutoff - none;Bottom Cutoff - none,,Mild motion in early frames.,1,1,
1,1,1417,41,m12,2008-09-11,,1,2008-08-06,1,2008-08-11,I115826,2008-08-12,3,1,1,1,1,3,1,1,,,,1,,,,Motion - none;Top Cutoff - 3-6mm;Bottom Cutoff - none,,,1,1,
1,1,1418,20,bl,2007-08-13,,1,2007-07-11,1,2007-07-12,I59407,2007-07-16,3,1,1,1,1,3,1,1,,,,1,,,,Motion - none;Top Cutoff - none;Bottom Cutoff - none,,,1,1,
1,1,1418,20,m12,2008-09-02,,1,2008-08-22,1,2008-08-25,I116766,2008-08-25,3,1,1,1,1,3,1,1,,,,1,,,,Motion - none;Top Cutoff - none;Bottom Cutoff - none,,No confirmation of Brain Mode ON.,1,1,
1,1,1418,20,m24,2009-08-12,,1,2009-08-06,1,2009-08-07,I152625,2009-08-12,3,1,1,1,1,3,1,1,,,,1,,,,Motion - mild;Top Cutoff - none;Bottom Cutoff - none,,,1,1,
1,1,1418,20,m36,2010-11-30,,1,2010-11-22,1,2010-11-23,I206204,2010-11-30,3,1,1,1,1,1,1,1,,,,1,,,,Motion - mild;Top Cutoff - none;Bottom Cutoff - 0-3mm,,,1,2,
1,1,1419,114,bl,2007-09-25,,1,2007-09-07,1,2007-09-21,I74048,2007-09-21,3,1,4,,1,3,1,1,,,,1,,,,Motion - mild;Top Cutoff - none;Bottom Cutoff - 0-3mm,,Transmission scan was not acquired.  Calculated ellipse attenuation correction was used.  MUST USE CALCULATED ELLLIPSE CORRECTION FOR ALL SUBSEQUENT PIB SCANS (but not FDG),1,1,
1,1,1419,114,m12,2008-09-11,,1,2008-08-22,1,2008-09-08,I117611,2008-09-09,3,1,4,,1,3,1,1,,,,1,,,,Motion - none;Top Cutoff - none;Bottom Cutoff - none,,No confirmation of RAMP filter.,1,1,
1,1,1419,114,m24,2009-09-11,,1,2009-08-18,1,2009-09-10,I154750,2009-09-11,3,1,1,1,1,3,1,1,,,,1,,,,Motion - none;Top Cutoff - none;Bottom Cutoff - none,,Five minute discrepancy between wall clock and computer clock.,1,1,
1,1,1420,20,bl,2007-11-01,,1,2007-10-23,1,2007-10-24,I78423,2007-10-25,3,1,1,1,1,3,1,1,,,,1,,,,Motion - mild;Top Cutoff - none;Bottom Cutoff - none,,Moderate  motion thoughout whole study,1,1,
1,1,1421,18,bl,2007-10-17,,1,2007-10-15,1,2007-10-16,I77805,2007-10-16,2,1,1,1,1,1,1,1,,,,1,,,,Top Cutoff - none;Bottom Cutoff - none,,,1,1,
1,1,1421,18,m12,2008-11-11,,1,2008-10-29,1,2008-10-29,I124394,2008-10-30,2,1,1,1,1,1,1,1,,,,1,,,,Top Cutoff - none;Bottom Cutoff - none,,Two minute discrepancy between wall clock and computer clock.,1,1,
1,1,1423,20,bl,2007-09-21,,1,2007-09-19,1,2007-09-21,I73984,2007-09-21,3,1,1,1,1,3,1,1,,,,1,,,,Motion - none;Top Cutoff - none;Bottom Cutoff - none,,Mild patient motion across early frames.,1,1,
1,1,1423,20,m12,2008-08-12,,1,2008-08-04,1,2008-08-05,I115312,2008-08-11,3,1,1,1,1,3,1,1,,,,1,,,,Motion - moderate;Top Cutoff - none;Bottom Cutoff - 0-3mm,,Moderate to severe motion throughout scan.,1,1,
1,1,1425,20,m12,2008-09-04,,1,2008-08-29,1,2008-09-04,I117385,2008-09-04,3,1,1,1,1,3,1,1,,,,1,,,,Motion - none;Top Cutoff - none;Bottom Cutoff - none,,No confirmation of Brain Mode ON.  Moderate motoin overall.,1,1,
1,1,1425,20,m24,2009-09-01,,1,2009-08-28,1,2009-08-31,I153977,2009-09-01,3,1,1,1,1,3,1,1,,,,1,,,,Motion - none;Top Cutoff - none;Bottom Cutoff - none,,,1,1,
1,1,1425,20,m36,2010-09-30,,1,2010-09-24,1,2010-09-30,I194203,2010-09-30,1,1,1,1,1,1,1,1,,,,1,,,,Motion - none;Top Cutoff - none;Bottom Cutoff - none,,,1,1,
1,1,1426,124,bl,2007-10-23,,1,2007-10-19,1,2007-10-22,I78259,2007-10-23,1,1,4,,1,3,1,1,,,,1,,,,Motion - none;Top Cutoff - none;Bottom Cutoff - 6-9mm,,Two minute discrepancy between wall clock and computer clock.,1,1,
1,1,1426,124,m12,2008-11-12,,1,2008-11-11,1,2008-11-12,I126039,2008-11-12,1,1,4,,1,3,1,1,,,,1,,,,Motion - mild-to-moderate;Top Cutoff - none;Bottom Cutoff - none,,Four minute discrepancy between wall clock and computer clock.,1,1,
1,1,1427,114,bl,2007-09-21,,1,2007-09-14,1,2007-09-17,I73421,2007-09-18,3,1,4,,1,3,1,1,,,,1,,,,Motion - none;Top Cutoff - none;Bottom Cutoff - 0-3mm,,No confirmation of RAMP filter.,1,1,
1,1,1427,114,m12,2008-09-11,,1,2008-08-29,1,2008-09-08,I117613,2008-09-09,3,1,4,,1,3,1,1,,,,1,,,,Motion - mild;Top Cutoff - none;Bottom Cutoff - none,,,1,1,
1,1,1427,114,m24,2009-09-11,,1,2009-09-04,1,2009-09-10,I154752,2009-09-11,3,1,1,1,1,3,1,1,,,,1,,,,Motion - none;Top Cutoff - none;Bottom Cutoff - none,,Four minute discrepancy between wall clock and computer clock.,1,1,
1,1,1430,115,bl,2008-01-03,2010-06-22,1,2007-12-20,1,2007-12-30,I86455,2008-01-03,1,1,2,1,1,3,1,1,,,,2,Other (specify),Scatter correction,1,Motion - none;Top Cutoff - none;Bottom Cutoff - none,,,2,2,
1,1,1430,115,bl,2010-06-22,,2,2007-12-20,2,2010-06-16,I178700,2010-06-18,1,1,2,1,1,3,1,1,,,,1,,,,Motion - none;Top Cutoff - none;Bottom Cutoff - none,,Reworked data with "new" scatter correction.  Optimal data.,1,1,
1,1,1430,115,m24,2010-03-12,2010-06-22,1,2009-10-02,1,2009-10-20,I157543,2009-10-23,1,1,2,1,1,3,1,1,,,,2,Other (specify),Scatter correction,1,Motion - mild;Top Cutoff - none;Bottom Cutoff - none,,No 12m PIB scan,2,2,
1,1,1430,115,m24,2010-06-22,,2,2009-10-02,2,2010-06-16,I178722,2010-06-18,1,1,2,1,1,3,1,1,,,,1,,,,Motion - mild;Top Cutoff - none;Bottom Cutoff - none,,No 12m scan.  Reworked data with "new" scatter correction.  Optimal data.,1,1,
