1,4,2,8,m144,2017-10-26,2017-10-26,ICF Version 1.0 25MAY2016 | Rollover,,1,2017-10-17,2017-09-08,Version 1.0 | 24MAY2016,Version 2,
1,4,21,8,m144,2017-12-06,2017-12-06,ICF Version 1.0 25MAY2016 | Rollover,CS signed consent after review on phone 11/16/2017, then sent the original by mail which was signed by person obtaining consent when received 11/21/2017.,1,2017-11-16,2017-09-08,Version 1.0 | 24MAY2016,Version 2,
1,4,59,33,m144,2018-02-21,2018-02-21,ICF Version 1.0 25MAY2016 | Rollover,,1,2018-02-20,2017-08-07,Version 1.0 | 24MAY2016,07/24/2017,
1,4,69,41,m144,2018-01-24,2018-01-24,ICF Version 1.0 25MAY2016 | Rollover,Coordinating Center template -ICF Version 2.0 [25-Jul-2017] not an option,1,2018-01-23,2017-10-10,Version 1.0 | 24MAY2016,Local ICF v1.4 [08-SEP-2017],
1,4,72,45,m144,2017-10-24,2017-10-24,ICF Version 1.0 25MAY2016 | Rollover,,2,2017-10-24,2016-11-11,Version 1.0 | 24MAY2016,Version 1,
1,4,74,20,m132,2017-01-24,2017-01-24,ICF Version 1.0 25MAY2016 | Rollover,,1,2017-01-17,2016-05-25,Version 1.0 | 24MAY2016,1.0 22sep2016,
1,4,96,17,m132,2017-03-07,2017-03-07,ICF Version 1.0 25MAY2016 | Rollover,,1,2017-03-06,2016-12-16,Version 1.0 | 24MAY2016,1.0,
1,4,106,45,m132,2017-10-19,2017-10-19,ICF Version 1.0 25MAY2016 | Rollover,,1,2017-06-28,2016-11-11,Version 1.0 | 24MAY2016,Version 1.0,
1,4,112,47,m132,2018-01-25,2018-01-25,ICF Version 1.0 25MAY2016 | Rollover,,1,2017-10-02,2017-06-06,Version 1.0 | 24MAY2016,Local ICF v2.0 [27-Apr-2017],
1,4,120,20,m132,2017-05-12,2017-05-12,ICF Version 1.0 25MAY2016 | Rollover,,1,2017-03-29,2016-05-25,Version 1.0 | 24MAY2016,1.0 22SEP2016,
1,4,127,58,m132,2017-08-24,2017-08-24,ICF Version 1.0 25MAY2016 | Rollover,,1,2017-08-23,2017-01-04,Version 1.0 | 24MAY2016,2016-11-30,
1,4,156,25,m144,2017-10-23,2017-10-23,ICF Version 1.0 25MAY2016 | Rollover,ADNI3 Rollover Participant ICF ATRIv2.0 25Jul2017 Local version dated 09Aug2017,1,2017-10-19,2017-08-31,Version 1.0 | 24MAY2016,v2.0,
1,4,159,16,m132,2017-06-05,2017-06-05,ICF Version 1.0 04NOV2016 | Telephone Visit,,1,2017-05-04,2017-04-10,Version 1.0 | 24MAY2016,04/05/2017,
1,4,178,16,m132,2017-05-31,2017-06-05,ICF Version 1.0 25MAY2016 | Rollover,,1,2017-04-19,2017-04-10,Version 1.0 | 24MAY2016,04/05/2017,
1,4,210,58,m144,2017-11-24,2017-11-24,ICF Version 1.0 25MAY2016 | Rollover,,1,2017-11-16,2017-09-06,Version 1.0 | 24MAY2016,2017-08-15,
1,4,259,47,m132,2017-12-20,2017-12-20,ICF Version 1.0 25MAY2016 | Rollover,,1,2017-09-21,2017-06-06,Version 1.0 | 24MAY2016,Local ICF v2.0 [27-Apr-2017],
1,4,260,47,m132,2017-07-17,2017-07-17,ICF Version 1.0 04NOV2016 | Telephone Visit,,1,2017-06-19,2017-06-06,Version 1.0 | 24MAY2016,v2.0,
1,4,298,45,m132,2017-10-09,2017-10-09,ICF Version 1.0 25MAY2016 | Rollover,,1,2017-10-09,2016-11-11,Version 1.0 | 24MAY2016,Version 1.0,
1,4,303,27,m132,2017-04-12,2017-04-12,ICF Version 1.0 25MAY2016 | Rollover,,1,2017-04-12,2016-12-14,Version 1.0 | 24MAY2016,12/14/2016,
1,4,337,16,m132,2017-06-05,2017-06-05,ICF Version 1.0 25MAY2016 | Rollover,,1,2017-05-22,2017-04-10,Version 1.0 | 24MAY2016,2017-04-05,
1,4,377,27,m132,2017-03-16,2017-10-05,ICF Version 1.0 25MAY2016 | Rollover,,1,2017-03-28,2016-12-14,Version 1.0 | 24MAY2016,12/14/2016,
1,4,384,51,m132,2017-11-30,2017-11-30,ICF Version 1.0 25MAY2016 | Rollover,,1,2017-09-12,2017-01-27,Version 1.0 | 24MAY2016,1,
1,4,413,1,m132,2017-06-16,2017-06-16,ICF Version 1.0 25MAY2016 | Rollover,,1,2017-06-15,2017-04-20,Version 1.0 | 24MAY2016,2,
1,4,416,43,m132,2017-06-28,2017-06-28,ICF Version 1.0 25MAY2016 | Rollover,,1,2017-06-28,2017-03-11,Version 1.0 | 24MAY2016,06-MAR-2017,
1,4,454,27,m132,2017-12-11,2017-12-11,ICF Version 1.0 25MAY2016 | Rollover,Caregiver forgot to sign at visit but agreed verbally to participate and answered all questionnaires. Mailed ICF and just got it returned. Delay due to caregiver being diagnosed/treated for lung cancer in interim.,1,2017-11-23,2016-12-14,Version 1.0 | 24MAY2016,12/14/2016,
1,4,467,27,m132,2017-09-19,2017-09-19,ICF Version 1.0 25MAY2016 | Rollover,,1,2017-09-13,2016-12-14,Version 1.0 | 24MAY2016,12/14/2016,
1,4,473,58,m132,2017-10-27,2017-10-27,ICF Version 1.0 25MAY2016 | Rollover,,1,2017-10-23,2017-09-06,Version 1.0 | 24MAY2016,2017-08-15,
1,4,498,4,m132,2017-10-25,2017-10-25,ICF Version 1.0 25MAY2016 | Rollover,,1,2017-10-23,2017-03-27,Version 1.0 | 24MAY2016,B,
1,4,555,25,m132,2018-02-07,2018-02-07,ICF Version 1.0 25MAY2016 | Rollover,,1,2018-02-01,2018-01-05,Version 1.0 | 24MAY2016,ICF ATRI v2.0 25JUL2017,
1,4,602,3,m132,2017-11-16,2017-11-16,ICF Version 1.0 25MAY2016 | Rollover,,1,2017-10-30,2017-05-18,Version 1.0 | 24MAY2016,Version date: 19APR2017,
1,4,610,3,m132,2017-09-14,2017-09-14,ICF Version 1.0 25MAY2016 | Rollover,,1,2017-08-29,2017-05-18,Version 1.0 | 24MAY2016,Version date: 19APR2017,
1,4,626,16,m132,2017-05-31,2017-06-05,ICF Version 1.0 25MAY2016 | Rollover,,1,2017-03-28,2016-12-18,Version 1.0 | 24MAY2016,12/14/2016,
1,4,677,23,m132,2017-07-18,2017-07-18,ICF Version 1.0 25MAY2016 | Rollover,,1,2017-07-18,2016-12-02,Version 1.0 | 24MAY2016,2016-11-22,
1,4,679,28,m132,2017-06-20,2017-06-20,ICF Version 1.0 25MAY2016 | Rollover,,1,2017-06-16,2017-06-08,Version 1.0 | 24MAY2016,1,
1,4,684,47,m132,2017-11-02,2017-11-02,ICF Version 1.0 25MAY2016 | Rollover,,2,2017-08-27,2017-06-06,Version 1.0 | 24MAY2016,Local ICF v2.0 [27-Apr-2017],
1,4,698,5,m132,2017-09-28,2017-09-28,ICF Version 1.0 25MAY2016 | Rollover,,1,2017-09-28,2017-02-10,Version 1.0 | 24MAY2016,10FEB2017,
1,4,731,4,m132,2017-09-17,2017-09-17,ICF Version 1.0 25MAY2016 | Rollover,,1,2017-09-07,2017-03-27,Version 1.0 | 24MAY2016,B,
1,4,734,24,m132,2017-10-17,2017-10-17,ICF Version 1.0 25MAY2016 | Rollover,,1,2017-10-13,2017-08-15,Version 1.0 | 24MAY2016,1,
1,4,751,6,m132,2017-07-17,2017-07-17,ICF Version 1.0 25MAY2016 | Rollover,,1,2017-07-12,2017-01-03,Version 1.0 | 24MAY2016,Rollover V1.0,
1,4,767,55,m132,2017-05-05,2017-05-05,ICF Version 1.0 25MAY2016 | Rollover,,1,2017-04-03,2016-09-20,Version 1.0 | 24MAY2016,10/06/2016,
1,4,802,58,m132,2017-06-30,2017-06-30,ICF Version 1.0 25MAY2016 | Rollover,,1,2017-06-29,2017-01-04,Version 1.0 | 24MAY2016,11/30/2016,
1,4,908,2,m132,2018-02-14,2018-02-14,ICF Version 1.0 25MAY2016 | Rollover,,1,2017-10-20,2017-10-20,Version 1.0 | 24MAY2016,03/12/2017,
1,4,925,47,m132,2018-02-20,2018-02-20,ICF Version 1.0 04NOV2016 | Telephone Visit,,1,2018-01-19,2017-12-19,Version 1.0 | 24MAY2016,Local Telephone Visit ICF v3.0 [14NOV2017],
1,4,969,50,m132,2017-06-06,2017-06-06,ICF Version 1.0 25MAY2016 | Rollover,,1,2017-05-22,2017-02-22,Version 1.0 | 24MAY2016,1,
1,4,981,2,m132,2017-10-12,2017-10-12,ICF Version 1.0 25MAY2016 | Rollover,,1,2017-10-11,2017-03-12,Version 1.0 | 24MAY2016,03/12/2017,
1,4,1016,24,m132,2017-12-21,2017-12-21,ICF Version 1.0 25MAY2016 | Rollover,,1,2017-12-05,2017-11-02,Version 1.0 | 24MAY2016,2,
1,4,1052,55,m120,2017-04-06,2017-04-06,ICF Version 1.0 25MAY2016 | Rollover,,1,2017-03-29,2017-09-20,Version 1.0 | 24MAY2016,10-06-2016,
1,4,1078,27,m120,2017-03-01,2017-03-01,ICF Version 1.0 25MAY2016 | Rollover,,1,2017-02-22,2016-12-14,Version 1.0 | 24MAY2016,12/14/2016,
1,4,1098,24,m132,2017-12-21,2017-12-21,ICF Version 1.0 25MAY2016 | Rollover,,1,2017-12-01,2017-11-02,Version 1.0 | 24MAY2016,2,
1,4,1122,2,m120,2017-05-19,2017-05-19,ICF Version 1.0 25MAY2016 | Rollover,,1,2017-05-18,2017-03-12,Version 1.0 | 24MAY2016,03/12/20107,
1,4,1155,1,m120,2017-04-21,2017-04-21,ICF Version 1.0 25MAY2016 | Rollover,,1,2017-04-20,2017-02-07,Version 1.0 | 24MAY2016,1,
1,4,1169,23,m132,2017-12-19,2017-12-19,ICF Version 1.0 25MAY2016 | Rollover,,1,2017-12-19,2017-08-14,Version 1.0 | 24MAY2016,Version Date 25Jul2017,
1,4,1190,18,m132,2017-11-13,2017-11-13,ICF Version 1.0 25MAY2016 | Rollover,,2,2017-10-23,2017-09-15,Version 1.0 | 24MAY2016,2.0,
1,4,1222,5,m132,2018-01-11,2018-01-11,ICF Version 1.0 25MAY2016 | Rollover,,1,2017-12-18,2017-10-24,Version 1.0 | 24MAY2016,24OCT2017,
1,4,1261,1,m120,2017-03-10,2017-03-10,ICF Version 1.0 25MAY2016 | Rollover,,1,2017-03-07,2017-02-07,Version 1.0 | 24MAY2016,,
1,4,1280,1,m120,2017-03-03,2017-03-03,ICF Version 1.0 25MAY2016 | Rollover,,1,2017-03-02,2017-02-07,Version 1.0 | 24MAY2016,1,
1,4,1286,41,m132,2018-02-13,2018-02-13,ICF Version 1.0 25MAY2016 | Rollover,Note: Coordinating center  ADNI4 ICF V2.0 [25-Jul-2017] not avail above.,1,2018-02-24,2017-10-10,Version 1.0 | 24MAY2016,Rollover Local ICF v1.4 [08-SEP-2017],
1,4,1300,45,m120,2017-06-26,2017-06-26,ICF Version 1.0 25MAY2016 | Rollover,,2,2017-06-26,2016-11-11,Version 1.0 | 24MAY2016,Version 1.0,
1,4,1378,55,m120,2017-05-05,2017-05-05,ICF Version 1.0 25MAY2016 | Rollover,,1,2017-04-24,2016-09-20,Version 1.0 | 24MAY2016,10/06/2016,
1,4,1418,28,m120,2017-07-24,2017-07-24,ICF Version 1.0 25MAY2016 | Rollover,,1,2017-07-18,2017-06-08,Version 1.0 | 24MAY2016,1,
2,4,2061,25,m84,2017-09-15,2017-09-15,ICF Version 1.0 25MAY2016 | Rollover,Study Partner signed ICF ATRI v2.0 but is not in my options.,2,2017-09-13,2017-08-31,Version 1.0 | 24MAY2016,v2.0,
2,4,2068,18,m84,2017-10-20,2017-10-31,ICF Version 1.0 25MAY2016 | Rollover,Site version of consent combines the study participant and study partner consents into one document,1,2017-10-14,2017-09-15,Version 1.0 | 24MAY2016,2.0,
2,4,2087,17,m84,2017-06-27,2017-06-27,ICF Version 1.0 04NOV2016 | Telephone Visit,,1,2017-04-25,2016-12-23,Version 1.0 | 24MAY2016,version 1.0,
2,4,2119,23,m84,2017-06-13,2017-06-13,ICF Version 1.0 25MAY2016 | Rollover,,1,2017-05-30,2016-12-02,Version 1.0 | 24MAY2016,22 nov 2016,
2,4,2133,13,m84,2018-01-22,2018-01-22,ICF Version 1.0 25MAY2016 | Rollover,,1,2018-01-22,2017-04-24,Version 1.0 | 24MAY2016,15,
2,4,2146,47,m84,2017-11-21,2017-11-21,ICF Version 1.0 25MAY2016 | Rollover,,1,2017-10-06,2017-06-06,Version 1.0 | 24MAY2016,Local ICF v2.0 [27-Apr-2017],
2,4,2155,13,m84,2017-09-07,2017-09-07,ICF Version 1.0 25MAY2016 | Rollover,,1,2017-09-03,2017-04-24,Version 1.0 | 24MAY2016,15,
2,4,2180,13,m84,2017-10-13,2017-10-13,ICF Version 1.0 25MAY2016 | Rollover,,1,2017-09-29,2017-04-24,Version 1.0 | 24MAY2016,15,
2,4,2183,20,m72,2017-01-26,2017-01-26,ICF Version 1.0 25MAY2016 | Rollover,,1,2017-01-13,2017-05-25,Version 1.0 | 24MAY2016,1.0 22sep2016,
2,4,2184,58,m84,2017-10-20,2017-10-20,ICF Version 1.0 25MAY2016 | Rollover,,1,2017-10-09,2017-09-06,Version 1.0 | 24MAY2016,2017-08-15,
2,4,2185,11,m84,2017-09-02,2017-09-02,ICF Version 1.0 25MAY2016 | Rollover,,1,2017-08-30,2017-04-06,Version 1.0 | 24MAY2016,2016-12-22,
2,4,2187,58,m84,2017-07-20,2017-07-20,ICF Version 1.0 25MAY2016 | Rollover,,1,2017-07-20,2017-01-04,Version 1.0 | 24MAY2016,2016-11-30,
2,4,2196,33,m84,2017-09-28,2017-09-28,ICF Version 1.0 25MAY2016 | Rollover,,1,2017-09-27,2017-09-07,Version 1.0 | 24MAY2016,Version 1.0, 25MAY2016,
2,4,2201,38,m84,2017-10-05,2017-10-05,ICF Version 1.0 25MAY2016 | Rollover,,1,2017-10-04,2017-09-19,Version 1.0 | 24MAY2016,094_ADNI3_Rollover ICF_CLEAN_16Aug2017,
2,4,2219,20,m72,2017-01-25,2017-01-25,ICF Version 1.0 25MAY2016 | Rollover,,1,2017-01-24,2017-05-25,Version 1.0 | 24MAY2016,1.0 22sep2016,
2,4,2238,38,m84,2018-01-18,2018-01-18,ICF Version 1.0 25MAY2016 | Rollover,,1,2018-01-11,2017-09-19,Version 1.0 | 24MAY2016,094_ADNI3_Rollover ICF_CLEAN_16Aug2017,
2,4,2239,19,m72,2017-03-29,2017-03-29,ICF Version 1.0 25MAY2016 | Rollover,,3,2017-03-29,2016-11-09,Version 1.0 | 24MAY2016,10-25-2016,
2,4,2245,20,m72,2017-02-02,2017-02-02,ICF Version 1.0 25MAY2016 | Rollover,,2,2017-01-04,2016-05-25,Version 1.0 | 24MAY2016,1.0 22sep2016,
2,4,2263,17,m72,2017-04-05,2017-04-05,ICF Version 1.0 25MAY2016 | Rollover,,1,2017-04-04,2016-12-06,Version 1.0 | 24MAY2016,v1.0,
2,4,2301,33,m72,2017-08-08,2017-08-08,ICF Version 1.0 25MAY2016 | Rollover,,1,2017-08-08,2017-07-27,Version 1.0 | 24MAY2016,1.0,
2,4,2304,33,m72,2018-01-24,2018-01-24,ICF Version 1.0 25MAY2016 | Rollover,,1,2017-09-05,2017-08-07,Version 1.0 | 24MAY2016,07-24-2017,
2,4,2308,11,m72,2017-08-14,2017-08-14,ICF Version 1.0 25MAY2016 | Rollover,,1,2017-08-09,2017-04-06,Version 1.0 | 24MAY2016,2016-12-22,
2,4,2315,58,m72,2017-09-22,2017-09-22,ICF Version 1.0 25MAY2016 | Rollover,,1,2017-09-20,2017-09-06,Version 1.0 | 24MAY2016,2017-08-15,
2,4,2332,49,m72,2017-05-12,2017-05-12,ICF Version 1.0 25MAY2016 | Rollover,,1,2017-05-11,2016-10-04,Version 1.0 | 24MAY2016,1,
2,4,2333,55,m84,2017-12-20,2017-12-20,ICF Version 1.0 25MAY2016 | Rollover,,1,2017-12-20,2017-10-16,Version 1.0 | 24MAY2016,2.0,
2,4,2373,50,m72,2017-06-29,2017-06-29,ICF Version 1.0 25MAY2016 | Rollover,,1,2017-06-27,2017-02-22,Version 1.0 | 24MAY2016,1,
2,4,2374,2,m72,2017-12-13,2017-12-13,ICF Version 1.0 25MAY2016 | Rollover,,1,2017-08-17,2017-03-12,Version 1.0 | 24MAY2016,03/12/2017,
2,4,2379,17,m72,2017-05-08,2017-05-08,ICF Version 1.0 25MAY2016 | Rollover,,1,2017-05-03,2016-12-06,Version 1.0 | 24MAY2016,v1,
2,4,2392,43,m72,2017-07-28,2017-07-28,ICF Version 1.0 25MAY2016 | Rollover,,1,2017-07-25,2017-03-11,Version 1.0 | 24MAY2016,06-Mar-2017,
2,4,2394,5,m72,2017-08-21,2017-08-21,ICF Version 1.0 25MAY2016 | Rollover,,1,2017-08-14,2017-02-10,Version 1.0 | 24MAY2016,2/10/2017,
2,4,2403,50,m72,2017-06-22,2017-06-22,ICF Version 1.0 25MAY2016 | Rollover,,1,2017-06-20,2017-02-22,Version 1.0 | 24MAY2016,1,
3,4,4003,39,m84,2017-12-01,2017-12-01,ICF Version 1.0 25MAY2016 | Rollover,,1,2017-11-29,2017-09-15,Version 1.0 | 24MAY2016,1709,
3,4,4004,28,m72,2018-02-02,2018-02-02,ICF Version 1.0 25MAY2016 | Rollover,,1,2017-10-10,2017-07-12,Version 1.0 | 24MAY2016,1,
3,4,4028,27,m72,2017-11-07,2017-11-07,ICF Version 1.0 25MAY2016 | Rollover,,1,2017-11-06,2017-08-09,Version 1.0 | 24MAY2016,8/9/2017,
3,4,4030,27,m72,2017-09-20,2017-09-20,ICF Version 1.0 25MAY2016 | Rollover,,1,2017-09-08,2016-12-14,Version 1.0 | 24MAY2016,12/14/2016,
3,4,4036,59,m72,2018-01-08,2018-01-08,ICF Version 1.0 25MAY2016 | Rollover,,1,2017-11-27,2017-09-28,Version 1.0 | 24MAY2016,3.0,
3,4,4037,28,m72,2017-09-25,2017-09-25,ICF Version 1.0 25MAY2016 | Rollover,,1,2017-07-11,2017-07-12,Version 1.0 | 24MAY2016,1,
3,4,4041,28,m72,2018-02-02,2018-02-02,ICF Version 1.0 25MAY2016 | Rollover,,1,2017-11-09,2017-10-11,Version 1.0 | 24MAY2016,2,
3,4,4043,44,m84,2018-02-23,2018-02-23,ICF Version 1.0 25MAY2016 | Rollover,,1,2018-02-14,2016-11-22,Version 1.0 | 24MAY2016,2016-11-15,
3,4,4051,28,m72,2017-06-08,2017-06-08,ICF Version 1.0 25MAY2016 | Rollover,,1,2017-06-08,2017-03-28,Version 1.0 | 24MAY2016,1,
3,4,4060,28,m72,2018-02-13,2018-02-13,ICF Version 1.0 25MAY2016 | Rollover,,1,2017-09-11,2017-07-12,Version 1.0 | 24MAY2016,1,
3,4,4061,58,m72,2017-09-28,2017-09-28,ICF Version 1.0 25MAY2016 | Rollover,,1,2017-09-28,2017-09-06,Version 1.0 | 24MAY2016,2017-08-15,
3,4,4067,58,m72,2017-07-28,2017-07-28,ICF Version 1.0 25MAY2016 | Rollover,,1,2017-07-28,2017-01-04,Version 1.0 | 24MAY2016,2016-11-30,
3,4,4071,27,m72,2017-04-06,2017-04-06,ICF Version 1.0 25MAY2016 | Rollover,,1,2017-03-28,2016-12-14,Version 1.0 | 24MAY2016,12-14-2016,
3,4,4072,33,m72,2017-10-06,2017-10-06,ICF Version 1.0 25MAY2016 | Rollover,,1,2017-08-25,2017-08-07,Version 1.0 | 24MAY2016,Version 1.0, 25MAY2016,
3,4,4076,40,m72,2017-10-04,2017-10-04,ICF Version 1.0 25MAY2016 | Rollover,,1,2017-10-04,2016-10-13,Version 1.0 | 24MAY2016,V1.0 25-May-2016,
3,4,4076,40,m72,2017-10-04,2017-10-04,ICF Version 1.0 04NOV2016 | Telephone Visit,,1,2017-10-04,2017-02-09,Version 1.0 | 24MAY2016,V1.0 04Nov2016,
3,4,4084,19,m72,2017-08-07,2017-08-07,ICF Version 1.0 25MAY2016 | Rollover,,6,2017-08-07,2017-07-06,Version 1.0 | 24MAY2016,5/17/17,
3,4,4094,9,m72,2017-09-28,2017-09-28,ICF Version 1.0 25MAY2016 | Rollover,,1,2017-09-07,2017-02-15,Version 1.0 | 24MAY2016,2017-02-10,
3,4,4100,59,m72,2017-10-26,2017-10-26,ICF Version 1.0 25MAY2016 | Rollover,,1,2017-10-26,2017-03-20,Version 1.0 | 24MAY2016,v2016.10.12,
3,4,4105,8,m72,2017-10-30,2017-10-30,ICF Version 1.0 25MAY2016 | Rollover,,1,2017-10-12,2017-09-08,Version 1.0 | 24MAY2016,Version 2,
3,4,4114,25,m72,2017-09-19,2017-09-19,ICF Version 1.0 25MAY2016 | Rollover,ADNI3 Rollover Participant ICF ATRI v2.0 25Jul2017,2,2017-09-14,2017-08-31,Version 1.0 | 24MAY2016,v2.0,
3,4,4115,18,m72,2018-01-19,2018-01-19,ICF Version 1.0 25MAY2016 | Rollover,study partner consent is within the participant rollover consent v2.0,1,2018-01-10,2018-09-15,Version 1.0 | 24MAY2016,2.0,
3,4,4119,2,m72,2017-11-09,2017-11-09,ICF Version 1.0 25MAY2016 | Rollover,,1,2017-11-01,2017-03-12,Version 1.0 | 24MAY2016,03/12/2017,
3,4,4138,28,m72,2017-11-06,2017-11-06,ICF Version 1.0 25MAY2016 | Rollover,,1,2017-08-10,2017-07-12,Version 1.0 | 24MAY2016,1,
3,4,4143,28,m72,2017-09-25,2017-09-25,ICF Version 1.0 25MAY2016 | Rollover,,1,2017-07-07,2017-07-12,Version 1.0 | 24MAY2016,1,
3,4,4148,47,m72,2017-10-12,2017-10-12,ICF Version 1.0 25MAY2016 | Rollover,,3,2017-07-26,2017-06-06,Version 1.0 | 24MAY2016,Local ICF v2.0 [27-Apr-2017],
3,4,4150,4,m72,2017-10-20,2017-10-20,ICF Version 1.0 25MAY2016 | Rollover,,1,2017-10-02,2017-03-27,Version 1.0 | 24MAY2016,B,
3,4,4160,55,m72,2017-06-21,2017-06-21,ICF Version 1.0 25MAY2016 | Rollover,,1,2017-06-19,2017-06-01,Version 1.0 | 24MAY2016,8,
3,4,4164,18,m72,2017-12-19,2017-12-19,ICF Version 1.0 25MAY2016 | Rollover,study partner consent is within rollover participant consent v2.0 dated 25-Jul-2017,1,2017-12-18,2017-09-15,Version 1.0 | 24MAY2016,2.0,
3,4,4168,3,m72,2017-09-15,2017-09-15,ICF Version 1.0 25MAY2016 | Rollover,,1,2017-09-13,2016-12-08,Version 1.0 | 24MAY2016,Version date: 06JAN2017,
3,4,4169,19,m72,2017-08-21,2017-08-21,ICF Version 1.0 25MAY2016 | Rollover,,7,2017-08-21,2017-07-06,Version 1.0 | 24MAY2016,2017-05-17,
3,4,4170,45,m72,2017-10-10,2017-10-10,ICF Version 1.0 25MAY2016 | Rollover,,1,2017-10-09,2016-11-11,Version 1.0 | 24MAY2016,Version 1.0,
3,4,4176,24,m72,2018-01-11,2018-01-11,ICF Version 1.0 25MAY2016 | Rollover,,1,2018-01-10,2017-11-02,Version 1.0 | 24MAY2016,2,
3,4,4177,24,m72,2018-01-29,2018-01-29,ICF Version 1.0 25MAY2016 | Rollover,,1,2018-01-12,2017-11-02,Version 1.0 | 24MAY2016,2,
3,4,4184,33,m72,2018-01-24,2018-01-24,ICF Version 1.0 25MAY2016 | Rollover,,1,2017-10-30,2017-08-07,Version 1.0 | 24MAY2016,07-24-2017,
3,4,4187,59,m72,2017-06-06,2017-06-06,ICF Version 1.0 25MAY2016 | Rollover,,1,2017-06-05,2017-03-20,Version 1.0 | 24MAY2016,v2016.10.12,
3,4,4188,9,m72,2017-09-29,2017-09-29,ICF Version 1.0 25MAY2016 | Rollover,,1,2017-09-11,2017-02-15,Version 1.0 | 24MAY2016,2017-02-10,
3,4,4200,28,m72,2017-11-02,2017-11-02,ICF Version 1.0 25MAY2016 | Rollover,,1,2017-10-17,2017-07-12,Version 1.0 | 24MAY2016,1,
3,4,4210,47,m72,2017-11-10,2017-11-10,ICF Version 1.0 25MAY2016 | Rollover,,1,2017-09-18,2017-06-06,Version 1.0 | 24MAY2016,Local ICF v2.0 [27-Apr-2017],
3,4,4213,1,m72,2017-08-16,2017-08-16,ICF Version 1.0 25MAY2016 | Rollover,,1,2017-08-10,2017-04-20,Version 1.0 | 24MAY2016,2,
3,4,4214,27,m60,2017-02-13,2017-02-13,ICF Version 1.0 25MAY2016 | Rollover,,1,2017-02-13,2016-12-14,Version 1.0 | 24MAY2016,12/14/2016,
3,4,4229,1,m72,2017-09-28,2017-09-28,ICF Version 1.0 25MAY2016 | Rollover,,1,2017-09-14,2017-04-20,Version 1.0 | 24MAY2016,2,
3,4,4234,38,m72,2018-01-25,2018-01-25,ICF Version 1.0 25MAY2016 | Rollover,,1,2018-01-24,2017-09-19,Version 1.0 | 24MAY2016,094_ADNI3_Rollover ICF_CLEAN_16Aug2017,
3,4,4254,16,m60,2017-04-04,2017-04-04,ICF Version 1.0 25MAY2016 | Rollover,,1,2017-03-29,2016-12-18,Version 1.0 | 24MAY2016,2016-12-14,
3,4,4271,28,m72,2017-10-09,2017-10-09,ICF Version 1.0 25MAY2016 | Rollover,,1,2017-10-22,2017-07-12,Version 1.0 | 24MAY2016,1,
3,4,4272,5,m72,2018-01-18,2018-01-18,ICF Version 1.0 25MAY2016 | Rollover,,1,2017-12-19,2017-10-24,Version 1.0 | 24MAY2016,24OCT2017,
3,4,4276,16,m60,2017-04-15,2017-04-15,ICF Version 1.0 25MAY2016 | Rollover,,1,2017-04-12,2016-12-18,Version 1.0 | 24MAY2016,2016-12-18,
3,4,4277,23,m72,2017-08-01,2017-08-01,ICF Version 1.0 25MAY2016 | Rollover,,1,2017-07-21,2016-12-02,Version 1.0 | 24MAY2016,22NOV2016,
3,4,4278,8,m72,2017-12-05,2017-12-05,ICF Version 1.0 25MAY2016 | Rollover,,1,2017-11-30,2017-09-08,Version 1.0 | 24MAY2016,Version 2,
3,4,4281,52,m72,2017-10-26,2017-10-26,ICF Version 1.0 04NOV2016 | Telephone Visit,ADNI3 Study Partner Telephone Visit Informational Sheet v2.0 [25JUL2017],1,2017-10-26,2017-09-25,Version 1.0 | 24MAY2016,v1.0 30Aug2017,
3,4,4288,2,m72,2018-03-06,2018-03-06,ICF Version 1.0 25MAY2016 | Rollover,,1,2017-09-26,2017-03-12,Version 1.0 | 24MAY2016,03/12/2017,
3,4,4292,59,m72,2017-08-10,2017-08-10,ICF Version 1.0 25MAY2016 | Rollover,,1,2017-08-10,2017-03-20,Version 1.0 | 24MAY2016,v.2016.10.12,
3,4,4293,14,m72,2017-06-06,2017-06-06,ICF Version 1.0 25MAY2016 | Rollover,,1,2017-06-06,2017-02-23,Version 1.0 | 24MAY2016,1.1,
3,4,4294,50,m72,2017-11-07,2017-11-07,ICF Version 1.0 25MAY2016 | Rollover,,1,2017-10-18,2017-06-20,Version 1.0 | 24MAY2016,1,
3,4,4299,54,m72,2017-11-06,2017-11-06,ICF Version 1.0 25MAY2016 | Rollover,,1,2017-10-27,2017-06-06,Version 1.0 | 24MAY2016,v2.0,
3,4,4301,47,m72,2017-12-19,2017-12-19,ICF Version 1.0 25MAY2016 | Rollover,,1,2017-10-16,2017-06-06,Version 1.0 | 24MAY2016,Local ICF v2.0 [27-Apr-2017],
3,4,4302,27,m60,2017-02-16,2017-02-16,ICF Version 1.0 25MAY2016 | Rollover,,1,2017-01-25,2016-12-14,Version 1.0 | 24MAY2016,12/14/2016,
3,4,4308,27,m60,2017-08-16,2017-08-16,ICF Version 1.0 25MAY2016 | Rollover,,1,2017-08-14,2016-12-14,Version 1.0 | 24MAY2016,12/14/2016,
3,4,4313,13,m72,2017-10-26,2017-10-26,ICF Version 1.0 25MAY2016 | Rollover,,1,2017-10-13,2017-04-24,Version 1.0 | 24MAY2016,15,
3,4,4324,6,m72,2017-07-13,2017-07-13,ICF Version 1.0 25MAY2016 | Rollover,,1,2017-07-10,2017-01-03,Version 1.0 | 24MAY2016,Rollover V1.0,
3,4,4332,58,m72,2017-07-17,2017-07-17,ICF Version 1.0 25MAY2016 | Rollover,,1,2017-07-05,2017-01-04,Version 1.0 | 24MAY2016,2016-11-30,
3,4,4335,16,m72,2017-06-05,2017-06-05,ICF Version 1.0 25MAY2016 | Rollover,,1,2017-05-30,2017-04-10,Version 1.0 | 24MAY2016,2017-04-05,
3,4,4340,58,m72,2017-10-25,2017-10-25,ICF Version 1.0 25MAY2016 | Rollover,,1,2017-07-25,2017-01-04,Version 1.0 | 24MAY2016,2016-11-30,
3,4,4343,50,m60,2017-04-26,2017-04-26,ICF Version 1.0 25MAY2016 | Rollover,,1,2017-04-25,2017-02-02,Version 1.0 | 24MAY2016,1,
3,4,4351,54,m72,2017-11-17,2017-11-17,ICF Version 1.0 25MAY2016 | Rollover,,1,2017-10-31,2017-06-06,Version 1.0 | 24MAY2016,v2.0,
3,4,4352,50,m72,2017-06-29,2017-06-29,ICF Version 1.0 25MAY2016 | Rollover,Study partner was unavailable on date that patient signed consent.  No study participant procedures were performed prior to study partner signing ICF.,1,2017-06-29,2017-02-22,Version 1.0 | 24MAY2016,1,
3,4,4354,2,m60,2017-11-10,2017-11-10,ICF Version 1.0 25MAY2016 | Rollover,,1,2017-06-12,2017-03-12,Version 1.0 | 24MAY2016,03/12/2017,
3,4,4356,52,m72,2017-09-25,2017-09-25,ICF Version 1.0 25MAY2016 | Rollover,,1,2017-09-18,2017-03-22,Version 1.0 | 24MAY2016,14MAR2017,
3,4,4365,59,m72,2017-08-28,2017-08-28,ICF Version 1.0 25MAY2016 | Rollover,,1,2017-08-28,2017-03-20,Version 1.0 | 24MAY2016,v.2016.10.12,
3,4,4367,14,m60,2017-05-11,2017-05-11,ICF Version 1.0 25MAY2016 | Rollover,,1,2017-05-10,2017-05-10,Version 1.0 | 24MAY2016,14 Feb 2017,
3,4,4369,49,m72,2017-06-13,2017-06-13,ICF Version 1.0 25MAY2016 | Rollover,,1,2017-06-13,2016-10-04,Version 1.0 | 24MAY2016,1,
3,4,4387,5,m72,2017-10-24,2017-10-24,ICF Version 1.0 25MAY2016 | Rollover,,1,2017-10-24,2017-02-10,Version 1.0 | 24MAY2016,10FEB2017,
3,4,4388,6,m72,2017-07-21,2017-07-21,ICF Version 1.0 25MAY2016 | Rollover,,1,2017-07-19,2017-01-03,Version 1.0 | 24MAY2016,Rollover V1.0,
3,4,4389,26,m72,2017-11-16,2017-11-16,ICF Version 1.0 25MAY2016 | Rollover,,1,2017-11-03,2017-10-24,Version 1.0 | 24MAY2016,1,
3,4,4396,49,m72,2017-12-12,2017-12-12,ICF Version 1.0 25MAY2016 | Rollover,,1,2017-12-11,2017-10-17,Version 1.0 | 24MAY2016,2,
3,4,4399,13,m72,2017-07-31,2017-07-31,ICF Version 1.0 25MAY2016 | Rollover,,1,2017-07-18,2017-04-24,Version 1.0 | 24MAY2016,15,
3,4,4400,13,m72,2017-08-23,2017-08-23,ICF Version 1.0 25MAY2016 | Rollover,,1,2017-08-05,2017-04-24,Version 1.0 | 24MAY2016,15,
3,4,4401,11,m72,2017-09-01,2017-09-01,ICF Version 1.0 25MAY2016 | Rollover,,1,2017-08-29,2017-04-06,Version 1.0 | 24MAY2016,2016-12-22,
3,4,4404,43,m72,2017-08-28,2017-08-28,ICF Version 1.0 25MAY2016 | Rollover,,1,2017-08-08,2017-03-11,Version 1.0 | 24MAY2016,2017-MAR-2017,
3,4,4405,50,m60,2017-07-18,2017-07-18,ICF Version 1.0 25MAY2016 | Rollover,,1,2017-07-18,2017-02-22,Version 1.0 | 24MAY2016,1,
3,4,4410,27,m60,2017-03-01,2017-03-01,ICF Version 1.0 25MAY2016 | Rollover,,1,2017-02-21,2016-12-14,Version 1.0 | 24MAY2016,2016-12-14,
3,4,4414,25,m60,2017-10-05,2017-10-05,ICF Version 1.0 25MAY2016 | Rollover,ADNI3
 Rollovers Participant ICF ATRI V2.0 25Jul2017,1,2017-10-04,2017-08-31,Version 1.0 | 24MAY2016,Version 1.0,
3,4,4415,50,m72,2017-09-26,2017-09-26,ICF Version 1.0 25MAY2016 | Rollover,,1,2017-09-26,2017-02-22,Version 1.0 | 24MAY2016,1,
3,4,4417,50,m60,2017-08-08,2017-08-08,ICF Version 1.0 25MAY2016 | Rollover,,1,2017-08-08,2017-02-22,Version 1.0 | 24MAY2016,1,
3,4,4419,16,m60,2017-05-31,2017-06-05,ICF Version 1.0 25MAY2016 | Rollover,,1,2017-04-14,2017-04-10,Version 1.0 | 24MAY2016,2017-04-05,
3,4,4422,49,m60,2017-03-22,2017-06-06,ICF Version 1.0 25MAY2016 | Rollover,,1,2017-03-21,2017-01-11,Version 1.0 | 24MAY2016,1.0,
3,4,4424,58,m72,2017-08-07,2017-08-07,ICF Version 1.0 25MAY2016 | Rollover,,1,2017-08-07,2017-01-04,Version 1.0 | 24MAY2016,2016-11-30,
3,4,4427,28,m72,2017-11-06,2017-11-06,ICF Version 1.0 25MAY2016 | Rollover,,1,2017-09-22,2017-07-12,Version 1.0 | 24MAY2016,1,
3,4,4428,37,m72,2018-01-12,2018-01-12,ICF Version 1.0 25MAY2016 | Rollover,,1,2017-12-18,2017-10-04,Version 1.0 | 24MAY2016,8SEP2017,
3,4,4429,23,m72,2017-12-11,2017-12-11,ICF Version 1.0 25MAY2016 | Rollover,,1,2017-12-11,2017-08-14,Version 1.0 | 24MAY2016,version date 25JUL2017,
3,4,4430,26,m72,2017-11-15,2017-11-15,ICF Version 1.0 25MAY2016 | Rollover,,1,2017-11-07,2017-10-24,Version 1.0 | 24MAY2016,1,
3,4,4431,58,m72,2017-10-03,2017-10-03,ICF Version 1.0 25MAY2016 | Rollover,,1,2017-09-25,2017-09-06,Version 1.0 | 24MAY2016,2017-08-15,
3,4,4441,2,m60,2017-04-11,2017-04-11,ICF Version 1.0 25MAY2016 | Rollover,,1,2017-04-10,2017-03-12,Version 1.0 | 24MAY2016,03/12/2017,
3,4,4446,52,m60,2017-06-14,2017-06-14,ICF Version 1.0 25MAY2016 | Rollover,,1,2017-06-12,2017-03-22,Version 1.0 | 24MAY2016,14MAR2017,
3,4,4448,18,m72,2017-12-06,2017-12-06,ICF Version 1.0 25MAY2016 | Rollover,,1,2017-12-04,2017-09-15,Version 1.0 | 24MAY2016,2.0,
3,4,4453,44,m72,2018-01-24,2018-01-24,ICF Version 1.0 25MAY2016 | Rollover,,1,2018-01-22,2016-11-22,Version 1.0 | 24MAY2016,11/15/2016,
3,4,4464,25,m72,2018-01-03,2018-01-03,ICF Version 1.0 25MAY2016 | Rollover,,1,2018-01-03,2017-08-31,Version 1.0 | 24MAY2016,v2.0,
3,4,4466,54,m72,2017-12-15,2017-12-15,ICF Version 1.0 25MAY2016 | Rollover,,1,2017-12-05,2017-06-06,Version 1.0 | 24MAY2016,v2.0 23-May-2017,
3,4,4469,41,m72,2017-10-23,2017-10-23,ICF Version 1.0 25MAY2016 | Rollover,*this is coord ctr ICF version 2.0 [25-Jul-2017] - not an option above,1,2017-10-23,2017-10-23,Version 1.0 | 24MAY2016,Local ICF v1.4 08-SEP-2017,
3,4,4482,54,m72,2017-10-19,2017-10-19,ICF Version 1.0 25MAY2016 | Rollover,,1,2017-10-17,2017-06-06,Version 1.0 | 24MAY2016,v2.0,
3,4,4485,4,m60,2017-09-15,2017-09-15,ICF Version 1.0 25MAY2016 | Rollover,,1,2017-08-15,2017-03-27,Version 1.0 | 24MAY2016,B,
3,4,4488,5,m72,2017-09-29,2017-09-29,ICF Version 1.0 25MAY2016 | Rollover,,1,2017-09-26,2017-02-10,Version 1.0 | 24MAY2016,10FEB2017,
3,4,4489,52,m60,2017-06-07,2017-06-07,ICF Version 1.0 25MAY2016 | Rollover,,1,2017-06-05,2017-03-22,Version 1.0 | 24MAY2016,14MAR2017,
3,4,4502,18,m72,2017-11-13,2017-11-13,ICF Version 1.0 25MAY2016 | Rollover,,1,2017-10-26,2017-09-15,Version 1.0 | 24MAY2016,2.0,
3,4,4510,28,m72,2017-11-03,2017-11-03,ICF Version 1.0 25MAY2016 | Rollover,,1,2017-09-29,2017-07-12,Version 1.0 | 24MAY2016,1,
3,4,4513,28,m72,2018-02-19,2018-02-19,ICF Version 1.0 25MAY2016 | Rollover,,1,2017-11-05,2017-11-13,Version 1.0 | 24MAY2016,2,
3,4,4520,54,m72,2017-11-21,2017-11-21,ICF Version 1.0 25MAY2016 | Rollover,,1,2017-11-02,2017-06-06,Version 1.0 | 24MAY2016,v2.0,
3,4,4536,54,m72,2017-11-17,2017-11-17,ICF Version 1.0 25MAY2016 | Rollover,,1,2017-11-02,2017-06-06,Version 1.0 | 24MAY2016,v2.0,
3,4,4538,26,m60,2017-11-02,2017-11-02,ICF Version 1.0 25MAY2016 | Rollover,,1,2017-10-31,2017-10-24,Version 1.0 | 24MAY2016,1,
3,4,4547,8,m60,2017-08-16,2017-08-16,ICF Version 1.0 25MAY2016 | Rollover,,1,2017-08-16,2017-06-19,Version 1.0 | 24MAY2016,Version 2,
3,4,4548,14,m60,2017-06-27,2017-06-27,ICF Version 1.0 25MAY2016 | Rollover,,1,2017-06-27,2017-02-14,Version 1.0 | 24MAY2016,1.1,
3,4,4556,41,m60,2017-11-08,2017-11-08,ICF Version 1.0 25MAY2016 | Rollover,,1,2017-11-07,2017-11-07,Version 1.0 | 24MAY2016,Local ICF v1.4 [08-SEP-2017],
3,4,4576,11,m60,2017-08-15,2017-08-15,ICF Version 1.0 25MAY2016 | Rollover,,1,2017-08-10,2017-04-06,Version 1.0 | 24MAY2016,2016-12-22,
3,4,4580,10,m72,2018-02-28,2018-02-28,ICF Version 1.0 25MAY2016 | Rollover,,1,2018-02-02,2017-06-22,Version 1.0 | 24MAY2016,502a 1.20.2017,
3,4,4587,54,m72,2017-12-14,2017-12-14,ICF Version 1.0 25MAY2016 | Rollover,Study partner did not attend visit in person due to work. She signed consent on Nov. 18, 2017 and the participant returned it during her visit.,1,2017-11-18,2017-06-06,Version 1.0 | 24MAY2016,Local ICF v2.0 23-May-2017,
3,4,4598,52,m60,2017-07-31,2017-07-31,ICF Version 1.0 25MAY2016 | Rollover,,1,2017-07-26,2017-03-22,Version 1.0 | 24MAY2016,14MAR2017,
3,4,4604,47,m60,2017-12-18,2017-12-18,ICF Version 1.0 25MAY2016 | Rollover,,1,2017-08-01,2017-06-06,Version 1.0 | 24MAY2016,Local ICF v2.0 [27-Apr-2017],
3,4,4620,5,m72,2017-12-12,2017-12-12,ICF Version 1.0 25MAY2016 | New Enrollee,,1,2017-12-08,2017-10-24,Version 1.0 | 24MAY2016,24OCT2017,
3,4,4637,5,m60,2017-10-23,2017-10-23,ICF Version 1.0 25MAY2016 | Rollover,,1,2017-10-09,2017-02-10,Version 1.0 | 24MAY2016,10FEB2017,
3,4,4643,9,m60,2017-09-25,2017-09-25,ICF Version 1.0 25MAY2016 | Rollover,,1,2017-09-21,2017-09-11,Version 1.0 | 24MAY2016,2017-09-06,
3,4,4644,2,m60,2018-03-02,2018-03-02,ICF Version 1.0 25MAY2016 | Rollover,,1,2017-06-21,2017-03-12,Version 1.0 | 24MAY2016,03/12/2017,
3,4,4649,38,m72,2017-12-29,2017-12-29,ICF Version 1.0 25MAY2016 | Rollover,,1,2017-12-27,2017-09-19,Version 1.0 | 24MAY2016,094_ADNI3_RolloverICF_CLEAN_16Aug2017,
3,4,4654,1,m60,2017-05-02,2017-05-02,ICF Version 1.0 25MAY2016 | Rollover,,1,2017-05-02,2017-04-20,Version 1.0 | 24MAY2016,2,
3,4,4659,16,m60,2017-06-19,2017-06-19,ICF Version 1.0 25MAY2016 | Rollover,,1,2017-06-09,2017-04-10,Version 1.0 | 24MAY2016,04-05-2017,
3,4,4674,19,m60,2017-06-27,2017-06-27,ICF Version 1.0 25MAY2016 | Rollover,,5,2017-06-27,2016-11-09,Version 1.0 | 24MAY2016,1.0,
3,4,4706,27,m60,2017-10-17,2017-10-17,ICF Version 1.0 25MAY2016 | Rollover,,1,2017-10-05,2017-09-19,Version 1.0 | 24MAY2016,9/19/2017,
3,4,4713,4,m60,2017-11-03,2017-11-03,ICF Version 1.0 25MAY2016 | Rollover,,1,2017-11-02,2017-10-26,Version 1.0 | 24MAY2016,C,
3,4,4715,26,m60,2017-10-12,2017-10-12,ICF Version 1.0 25MAY2016 | Rollover,,1,2017-10-10,2017-02-10,Version 1.0 | 24MAY2016,1.0,
3,4,4722,52,m60,2017-06-21,2017-06-21,ICF Version 1.0 25MAY2016 | Rollover,,1,2017-06-20,2017-03-22,Version 1.0 | 24MAY2016,14MAR2017,
3,4,4723,52,m60,2017-06-21,2017-06-21,ICF Version 1.0 25MAY2016 | Rollover,,1,2017-06-20,2017-03-22,Version 1.0 | 24MAY2016,14MAR2017,
3,4,4744,16,m60,2017-07-18,2017-07-18,ICF Version 1.0 25MAY2016 | Rollover,,1,2017-07-13,2017-06-12,Version 1.0 | 24MAY2016,05-25-2017,
3,4,4765,47,m60,2017-06-28,2017-06-28,ICF Version 1.0 25MAY2016 | Rollover,,1,2017-06-02,2017-03-13,Version 1.0 | 24MAY2016,v1.0,
3,4,4765,47,m60,2017-06-28,2017-06-28,ICF Version 1.0 25MAY2016 | Rollover,,1,2017-06-21,2017-06-06,Version 1.0 | 24MAY2016,v2.0,
3,4,4767,33,m60,2017-06-05,2017-06-05,ICF Version 1.0 25MAY2016 | Rollover,,1,2017-06-05,2017-05-02,Version 1.0 | 24MAY2016,4/19/2017,
3,4,4782,33,m60,2017-08-28,2017-08-28,ICF Version 1.0 25MAY2016 | Rollover,,1,2017-08-28,2017-08-07,Version 1.0 | 24MAY2016,07/24/2017,
3,4,4785,25,m48,2017-11-16,2017-11-16,ICF Version 1.0 25MAY2016 | Rollover,,1,2017-11-09,2017-08-31,Version 1.0 | 24MAY2016,ICF ATRI v2.0 25JUL2017,
3,4,4799,1,m60,2017-05-23,2017-05-23,ICF Version 1.0 25MAY2016 | Rollover,,1,2017-05-18,2017-04-20,Version 1.0 | 24MAY2016,2,
3,4,4804,20,m48,2017-02-13,2017-02-13,ICF Version 1.0 04NOV2016 | Telephone Visit,,1,2016-12-21,2016-12-19,Version 1.0 | 24MAY2016,Local Telephone Visit ICG v1.0 [29Nov2016],
3,4,4817,50,m60,2017-04-19,2017-04-19,ICF Version 1.0 25MAY2016 | Rollover,,1,2017-04-18,2017-02-22,Version 1.0 | 24MAY2016,1,
3,4,4827,8,m60,2017-08-24,2017-08-24,ICF Version 1.0 25MAY2016 | Rollover,,1,2017-08-21,2017-07-11,Version 1.0 | 24MAY2016,Version 2,
3,4,4835,14,m60,2017-07-17,2017-07-17,ICF Version 1.0 25MAY2016 | Rollover,,1,2017-07-17,2017-02-14,Version 1.0 | 24MAY2016,1.1,
3,4,4845,8,m60,2017-10-10,2017-10-10,ICF Version 1.0 04NOV2016 | Telephone Visit,ADNI3 Study Partner,1,2017-09-22,2017-09-08,Version 1.0 | 24MAY2016,Version 2,
3,4,4868,13,m60,2017-08-04,2017-08-04,ICF Version 1.0 25MAY2016 | Rollover,,2,2017-07-27,2017-04-24,Version 1.0 | 24MAY2016,15,
3,4,4869,20,m48,2017-01-24,2017-01-24,ICF Version 1.0 25MAY2016 | Rollover,,1,2017-01-20,2016-05-25,Version 1.0 | 24MAY2016,1.0 22SEP2016,
3,4,4873,20,m48,2017-02-14,2017-02-14,ICF Version 1.0 25MAY2016 | Rollover,,1,2016-12-02,2016-05-25,Version 1.0 | 24MAY2016,Local ICF v1.0 [22-SEP-2016],
3,4,4874,28,m60,2017-09-26,2017-09-26,ICF Version 1.0 25MAY2016 | Rollover,,1,2017-08-04,2017-07-12,Version 1.0 | 24MAY2016,1,
3,4,4876,28,m60,2017-09-26,2017-09-26,ICF Version 1.0 25MAY2016 | Rollover,,1,2017-06-30,2017-07-12,Version 1.0 | 24MAY2016,1,
3,4,4883,50,m60,2017-11-09,2017-11-09,ICF Version 1.0 25MAY2016 | New Enrollee,,1,2017-08-15,2017-02-22,Version 1.0 | 24MAY2016,1,
3,4,4889,13,m60,2017-12-04,2017-12-04,ICF Version 1.0 25MAY2016 | Rollover,,1,2017-10-30,2017-04-24,Version 1.0 | 24MAY2016,15,
3,4,4893,8,m60,2017-11-01,2017-11-01,ICF Version 1.0 25MAY2016 | Rollover,,1,2017-10-20,2017-09-08,Version 1.0 | 24MAY2016,Version 2,
3,4,4900,2,m60,2017-11-09,2017-11-09,ICF Version 1.0 25MAY2016 | Rollover,,1,2017-10-30,2017-03-12,Version 1.0 | 24MAY2016,03/12/2017,
3,4,4919,20,m48,2017-01-30,2017-01-30,ICF Version 1.0 25MAY2016 | Rollover,,1,2016-12-02,2016-05-25,Version 1.0 | 24MAY2016,1.0 22sep2016,
3,4,4926,20,m48,2017-03-24,2017-03-24,ICF Version 1.0 25MAY2016 | Rollover,,1,2017-02-20,2016-05-25,Version 1.0 | 24MAY2016,1.0 22SEP2016,
3,4,4928,47,m60,2018-02-15,2018-02-15,ICF Version 1.0 25MAY2016 | Rollover,,1,2017-08-03,2017-06-06,Version 1.0 | 24MAY2016,Local ICF v2.0 [27-Apr-2017],
3,4,4949,8,init,2018-02-20,2018-02-20,ICF Version 1.0 25MAY2016 | Rollover,,1,2018-02-19,2017-09-08,Version 1.0 | 24MAY2016,Version 2,
3,4,4951,12,m48,2017-02-21,2017-02-21,ICF Version 1.0 25MAY2016 | Rollover,,1,2017-02-03,2016-10-17,Version 1.0 | 24MAY2016,Local ICF v1.0 [22-SEP-2016),
3,4,4952,12,m48,2017-03-21,2017-03-21,ICF Version 1.0 25MAY2016 | Rollover,,1,2017-02-03,2016-10-17,Version 1.0 | 24MAY2016,Local ICF v1.0 [22-SEP-2016],
3,4,4974,28,m60,2017-08-30,2017-08-30,ICF Version 1.0 25MAY2016 | Rollover,,1,2017-08-24,2017-07-12,Version 1.0 | 24MAY2016,1,
3,4,5004,17,m48,2017-03-24,2017-03-24,ICF Version 1.0 25MAY2016 | Rollover,,1,2017-03-21,2016-12-23,Version 1.0 | 24MAY2016,v1.0,
3,4,5047,43,m60,2017-10-04,2017-10-04,ICF Version 1.0 25MAY2016 | Rollover,,1,2017-09-28,2017-03-11,Version 1.0 | 24MAY2016,2017-Mar-06,
3,4,5078,28,m48,2017-09-26,2017-09-26,ICF Version 1.0 25MAY2016 | Rollover,,1,2017-07-27,2017-07-12,Version 1.0 | 24MAY2016,1,
3,4,5079,20,m48,2017-04-28,2017-04-28,ICF Version 1.0 25MAY2016 | Rollover,,1,2017-04-26,2017-04-25,Version 1.0 | 24MAY2016,2.0 09apr2017,
3,4,5083,20,m48,2017-02-24,2017-02-24,ICF Version 1.0 25MAY2016 | Rollover,,1,2017-02-22,2016-05-25,Version 1.0 | 24MAY2016,1.0 22sep2016,
3,4,5091,41,m60,2018-01-30,2018-01-30,ICF Version 1.0 25MAY2016 | Rollover,Coord site Rollover version is V2.0 - not an option above,1,2018-01-30,2017-10-10,Version 1.0 | 24MAY2016,Local ICF v1.4 [08-SEP-2017],
3,4,5093,20,m48,2017-03-24,2017-03-24,ICF Version 1.0 25MAY2016 | Rollover,,1,2017-03-09,2016-05-25,Version 1.0 | 24MAY2016,1.0 22SEP2016,
3,4,5100,28,m48,2017-07-11,2017-07-11,ICF Version 1.0 25MAY2016 | Rollover,,1,2017-07-10,2017-06-08,Version 1.0 | 24MAY2016,1,
3,4,5109,20,m48,2017-08-04,2017-08-04,ICF Version 1.0 25MAY2016 | Rollover,,1,2016-04-05,2016-05-25,Version 1.0 | 24MAY2016,1.0 22sep2016,
3,4,5113,52,m48,2017-07-08,2017-07-08,ICF Version 1.0 25MAY2016 | Rollover,,1,2017-07-05,2017-03-22,Version 1.0 | 24MAY2016,14-MAR-2017,
3,4,5118,20,m48,2017-07-26,2017-07-26,ICF Version 1.0 25MAY2016 | Rollover,,1,2017-07-18,2017-04-25,Version 1.0 | 24MAY2016,2.0 09apr2017,
3,4,5124,59,m60,2018-02-08,2018-02-08,ICF Version 1.0 25MAY2016 | Rollover,,1,2017-12-28,2017-03-09,Version 1.0 | 24MAY2016,,
3,4,5126,27,m48,2017-05-19,2017-05-19,ICF Version 1.0 25MAY2016 | Rollover,,1,2017-05-08,2016-12-14,Version 1.0 | 24MAY2016,12/14/2016,
3,4,5130,2,m60,2017-12-19,2017-12-19,ICF Version 1.0 25MAY2016 | Rollover,,1,2017-12-06,2017-03-12,Version 1.0 | 24MAY2016,03/12/2017,
3,4,5132,47,m48,2017-07-14,2017-07-14,ICF Version 1.0 25MAY2016 | Rollover,,1,2017-06-20,2017-06-06,Version 1.0 | 24MAY2016,v2.0,
3,4,5132,47,m48,2017-07-14,2017-07-14,ICF Version 1.0 25MAY2016 | Rollover,study partner mailed this consent form back after v2.0 was approved.,1,2017-06-20,2017-03-13,Version 1.0 | 24MAY2016,v1.0,
3,4,5140,15,m48,2017-11-22,2017-11-22,ICF Version 1.0 25MAY2016 | Rollover,,1,2017-11-14,2017-09-13,Version 1.0 | 24MAY2016,September 13, 2017,
3,4,5141,28,m48,2017-06-30,2017-06-30,ICF Version 1.0 25MAY2016 | Rollover,,1,2017-06-22,2017-06-08,Version 1.0 | 24MAY2016,1,
3,4,5158,21,m48,2018-02-10,2018-02-10,ICF Version 1.0 25MAY2016 | Rollover,,1,2018-02-09,2018-01-26,Version 1.0 | 24MAY2016,Main Study  ICF,
3,4,5169,20,m48,2017-05-30,2017-05-30,ICF Version 1.0 25MAY2016 | Rollover,,1,2017-05-25,2016-05-25,Version 1.0 | 24MAY2016,v2.0 09APR2017,
3,4,5170,20,m48,2017-07-11,2017-07-11,ICF Version 1.0 25MAY2016 | Rollover,,1,2017-06-21,2017-04-25,Version 1.0 | 24MAY2016,2.0 09apr2017,
3,4,5175,50,m48,2017-06-06,2017-06-06,ICF Version 1.0 25MAY2016 | Rollover,,1,2017-06-06,2017-02-22,Version 1.0 | 24MAY2016,1,
3,4,5176,6,m48,2017-09-29,2017-09-29,ICF Version 1.0 25MAY2016 | Rollover,,1,2017-09-27,2017-01-03,Version 1.0 | 24MAY2016,Rollover V1.0,
3,4,5177,16,m48,2017-06-28,2017-06-28,ICF Version 1.0 25MAY2016 | Rollover,,1,2017-06-23,2017-06-12,Version 1.0 | 24MAY2016,05-25-2017,
3,4,5178,1,m48,2017-06-05,2017-06-05,ICF Version 1.0 25MAY2016 | Rollover,,1,2017-05-30,2017-04-20,Version 1.0 | 24MAY2016,2,
3,4,5185,47,m48,2017-09-11,2017-09-11,ICF Version 1.0 25MAY2016 | Rollover,,1,2017-08-16,2017-06-06,Version 1.0 | 24MAY2016,v2.0,
3,4,5193,59,m48,2017-06-12,2017-06-12,ICF Version 1.0 25MAY2016 | Rollover,,2,2017-06-09,2017-03-20,Version 1.0 | 24MAY2016,v.2016.10.12,
3,4,5194,16,m48,2017-07-28,2017-07-28,ICF Version 1.0 25MAY2016 | Rollover,,1,2017-07-17,2017-06-12,Version 1.0 | 24MAY2016,2017-05-25,
3,4,5197,20,m48,2017-06-14,2017-06-14,ICF Version 1.0 25MAY2016 | Rollover,,1,2017-06-05,2017-04-25,Version 1.0 | 24MAY2016,V2.0,
3,4,5198,24,m48,2017-12-01,2017-12-01,ICF Version 1.0 25MAY2016 | Rollover,,1,2017-11-21,2017-11-21,Version 1.0 | 24MAY2016,2,
3,4,5200,47,m48,2017-07-14,2017-07-14,ICF Version 1.0 25MAY2016 | Rollover,,1,2017-07-06,2017-06-06,Version 1.0 | 24MAY2016,v2.0,
3,4,5203,15,m48,2017-10-18,2017-10-18,ICF Version 1.0 25MAY2016 | Rollover,study partner actually signed ICF version 2.0 (the same as the study subject), but this is not an option in the eCRF,1,2017-10-17,2017-09-26,Version 1.0 | 24MAY2016,Sept. 13, 2017,
3,4,5222,27,m48,2017-05-12,2017-05-12,ICF Version 1.0 25MAY2016 | Rollover,,1,2017-05-08,2016-12-14,Version 1.0 | 24MAY2016,12/14/2016,
3,4,5228,47,m48,2017-12-08,2017-12-08,ICF Version 1.0 25MAY2016 | Rollover,,1,2017-09-26,2017-06-06,Version 1.0 | 24MAY2016,Local ICF v2.0 [27-Apr-2017],
3,4,5230,1,m48,2017-08-10,2017-08-10,ICF Version 1.0 25MAY2016 | Rollover,,1,2017-08-03,2017-04-20,Version 1.0 | 24MAY2016,2,
3,4,5234,43,m48,2017-09-15,2017-09-15,ICF Version 1.0 25MAY2016 | Rollover,,1,2017-09-11,2017-03-11,Version 1.0 | 24MAY2016,06-MAR-2017,
3,4,5236,16,m48,2017-07-28,2017-07-28,ICF Version 1.0 04NOV2016 | Telephone Visit,,1,2017-07-20,2017-06-12,Version 1.0 | 24MAY2016,2017-05-25,
3,4,5237,16,m48,2017-08-16,2017-08-16,ICF Version 1.0 25MAY2016 | Rollover,,1,2017-07-24,2017-06-12,Version 1.0 | 24MAY2016,2017-05-25,
3,4,5253,28,m48,2017-09-25,2017-09-25,ICF Version 1.0 25MAY2016 | Rollover,,1,2017-09-12,2017-07-12,Version 1.0 | 24MAY2016,1,
3,4,5259,24,m48,2017-12-20,2017-12-20,ICF Version 1.0 25MAY2016 | Rollover,,1,2017-11-27,2017-11-02,Version 1.0 | 24MAY2016,2,
3,4,5265,5,m48,2017-09-29,2017-09-29,ICF Version 1.0 25MAY2016 | Rollover,,1,2017-09-23,2017-02-10,Version 1.0 | 24MAY2016,10FEB2017,
3,4,5266,47,m48,2017-10-19,2017-10-19,ICF Version 1.0 25MAY2016 | Rollover,,1,2017-08-10,2017-06-06,Version 1.0 | 24MAY2016,Local ICF v2.0 [27-Apr-2017],
3,4,5273,52,m48,2017-10-10,2017-10-10,ICF Version 1.0 04NOV2016 | Telephone Visit,Indicate Coordinating Center consent template version signed: v2.0 25Jul2017,1,2017-10-09,2017-09-25,Version 1.0 | 24MAY2016,v1.0 30Aug2017,
3,4,5277,20,m48,2017-08-16,2017-08-16,ICF Version 1.0 25MAY2016 | Rollover,,1,2017-08-15,2017-04-25,Version 1.0 | 24MAY2016,2.0 09apr2017,
3,4,5288,20,m48,2017-09-22,2017-09-22,ICF Version 1.0 25MAY2016 | Rollover,,1,2017-09-11,2017-09-01,Version 1.0 | 24MAY2016,3.0 11aug2017,
3,4,5289,23,m36,2017-05-12,2017-05-12,ICF Version 1.0 25MAY2016 | Rollover,,1,2017-04-19,2016-12-02,Version 1.0 | 24MAY2016,22 Nov 2016,
3,4,5290,19,m48,2017-09-11,2017-09-11,ICF Version 1.0 25MAY2016 | Rollover,,9,2017-09-11,2017-07-06,Version 1.0 | 24MAY2016,5/17/17,
4,4,6001,20,sc,2017-01-19,2017-01-19,ICF Version 1.0 25MAY2016 | New Enrollee,,1,2016-12-13,2016-09-27,Version 1.0 | 24MAY2016,ICF v1.0 [22-SEP-2016],
4,4,6002,20,sc,2017-01-25,2017-01-25,ICF Version 1.0 25MAY2016 | New Enrollee,,1,2017-01-03,2016-05-25,Version 1.0 | 24MAY2016,1.0 22sep2016,
4,4,6004,19,sc,2017-02-14,2017-02-14,ICF Version 1.0 25MAY2016 | New Enrollee,,1,2017-02-14,2016-11-09,Version 1.0 | 24MAY2016,1.0,
4,4,6005,19,sc,2017-02-22,2017-02-22,ICF Version 1.0 25MAY2016 | New Enrollee,,2,2017-02-22,2016-11-09,Version 1.0 | 24MAY2016,1.0,
4,4,6006,1,sc,2017-03-17,2017-03-17,ICF Version 1.0 25MAY2016 | New Enrollee,,1,2017-03-16,2017-02-07,Version 1.0 | 24MAY2016,1,
4,4,6007,1,sc,2017-03-23,2017-03-23,ICF Version 1.0 25MAY2016 | New Enrollee,,1,2017-03-23,2017-02-07,Version 1.0 | 24MAY2016,1,
4,4,6008,55,sc,2017-03-24,2017-03-24,ICF Version 1.0 25MAY2016 | New Enrollee,,1,2017-03-22,2016-09-20,Version 1.0 | 24MAY2016,10/06/2016,
4,4,6009,1,sc,2017-04-03,2017-04-03,ICF Version 1.0 25MAY2016 | New Enrollee,,1,2017-03-30,2017-02-07,Version 1.0 | 24MAY2016,1,
4,4,6010,49,sc,2017-04-04,2017-04-04,ICF Version 1.0 25MAY2016 | New Enrollee,,1,2017-04-03,2016-10-06,Version 1.0 | 24MAY2016,1.0,
4,4,6011,1,sc,2017-04-26,2017-04-26,ICF Version 1.0 25MAY2016 | New Enrollee,,1,2017-04-25,2017-04-20,Version 1.0 | 24MAY2016,2,
4,4,6012,1,sc,2017-05-04,2017-05-04,ICF Version 1.0 25MAY2016 | New Enrollee,,1,2017-04-27,2017-04-20,Version 1.0 | 24MAY2016,2,
4,4,6013,17,sc,2017-04-14,2017-04-14,ICF Version 1.0 25MAY2016 | New Enrollee,,1,2017-04-12,2017-04-12,Version 1.0 | 24MAY2016,1,
4,4,6014,2,sc,2018-02-16,2018-02-16,ICF Version 1.0 25MAY2016 | New Enrollee,,1,2018-02-14,2018-02-14,Version 1.0 | 24MAY2016,03/12/2017,
4,4,6015,55,sc,2017-05-05,2017-05-05,ICF Version 1.0 25MAY2016 | New Enrollee,,1,2017-04-27,2016-09-20,Version 1.0 | 24MAY2016,10/06/2016,
4,4,6016,40,sc,2017-05-09,2017-05-09,ICF Version 1.0 25MAY2016 | New Enrollee,,1,2017-05-04,2016-10-13,Version 1.0 | 24MAY2016,2016-11-30,
4,4,6017,59,sc,2017-05-04,2017-05-04,ICF Version 1.0 25MAY2016 | New Enrollee,,1,2017-05-04,2017-03-20,Version 1.0 | 24MAY2016,v.2016.10.12,
4,4,6018,40,sc,2017-05-16,2017-05-16,ICF Version 1.0 25MAY2016 | New Enrollee,,1,2017-05-15,2016-10-13,Version 1.0 | 24MAY2016,2016-09-30,
4,4,6019,50,sc,2017-05-17,2017-05-17,ICF Version 1.0 25MAY2016 | New Enrollee,,1,2017-05-17,2017-02-22,Version 1.0 | 24MAY2016,1,
4,4,6021,1,sc,2017-05-24,2017-05-24,ICF Version 1.0 25MAY2016 | New Enrollee,,1,2017-05-23,2017-04-20,Version 1.0 | 24MAY2016,2,
4,4,6023,50,sc,2017-05-19,2017-05-19,ICF Version 1.0 25MAY2016 | New Enrollee,,1,2017-05-19,2017-02-22,Version 1.0 | 24MAY2016,1,
4,4,6024,47,sc,2017-11-09,2017-11-09,ICF Version 1.0 25MAY2016 | New Enrollee,,1,2017-11-08,2017-06-06,Version 1.0 | 24MAY2016,Local ICF v2.0 [27-Apr-2017],
4,4,6025,40,sc,2017-05-23,2017-05-23,ICF Version 1.0 25MAY2016 | New Enrollee,,1,2017-05-22,2016-10-13,Version 1.0 | 24MAY2016,V1.0 25 May 2016,
4,4,6026,50,sc,2017-05-23,2017-05-23,ICF Version 1.0 25MAY2016 | New Enrollee,,1,2017-05-22,2017-02-22,Version 1.0 | 24MAY2016,1,
4,4,6027,50,sc,2017-05-24,2017-05-24,ICF Version 1.0 25MAY2016 | New Enrollee,,1,2017-05-23,2016-02-22,Version 1.0 | 24MAY2016,1,
4,4,6028,50,sc,2017-05-24,2017-05-24,ICF Version 1.0 25MAY2016 | New Enrollee,,1,2017-05-23,2017-02-22,Version 1.0 | 24MAY2016,1,
4,4,6029,27,sc,2017-06-13,2017-06-13,ICF Version 1.0 25MAY2016 | New Enrollee,,1,2017-06-13,2016-12-14,Version 1.0 | 24MAY2016,12/14/2016,
4,4,6030,1,sc,2017-06-09,2017-06-09,ICF Version 1.0 25MAY2016 | New Enrollee,,1,2017-06-08,2017-04-20,Version 1.0 | 24MAY2016,2,
4,4,6031,27,sc,2017-06-16,2017-06-16,ICF Version 1.0 25MAY2016 | New Enrollee,,1,2017-06-15,2016-12-14,Version 1.0 | 24MAY2016,12/14/2016,
4,4,6032,27,sc,2017-06-09,2017-06-09,ICF Version 1.0 25MAY2016 | New Enrollee,,1,2017-06-05,2016-12-14,Version 1.0 | 24MAY2016,12/14/2016,
4,4,6033,19,sc,2017-06-16,2017-06-16,ICF Version 1.0 25MAY2016 | New Enrollee,,4,2017-06-01,2016-11-09,Version 1.0 | 24MAY2016,1.0,
4,4,6034,20,sc,2017-06-19,2017-06-19,ICF Version 1.0 25MAY2016 | New Enrollee,,1,2017-06-02,2017-05-25,Version 1.0 | 24MAY2016,2.0,
4,4,6035,50,sc,2017-09-28,2017-09-28,ICF Version 1.0 25MAY2016 | New Enrollee,,1,2017-06-06,2017-02-22,Version 1.0 | 24MAY2016,1,
4,4,6036,2,sc,2017-06-28,2017-06-28,ICF Version 1.0 25MAY2016 | New Enrollee,,1,2017-06-09,2017-03-12,Version 1.0 | 24MAY2016,03/12/2017,
4,4,6037,50,sc,2017-06-12,2017-06-12,ICF Version 1.0 25MAY2016 | New Enrollee,,1,2017-06-12,2017-02-22,Version 1.0 | 24MAY2016,1,
4,4,6038,40,sc,2017-06-15,2017-06-15,ICF Version 1.0 25MAY2016 | New Enrollee,,1,2017-06-13,2016-10-13,Version 1.0 | 24MAY2016,v1.0 25May2016,
4,4,6039,43,sc,2017-06-14,2017-06-14,ICF Version 1.0 25MAY2016 | New Enrollee,,1,2017-06-14,2017-03-11,Version 1.0 | 24MAY2016,06-MAR-2017,
4,4,6040,1,sc,2017-07-07,2017-07-07,ICF Version 1.0 25MAY2016 | New Enrollee,,1,2017-07-06,2017-04-20,Version 1.0 | 24MAY2016,2,
4,4,6041,55,sc,2017-06-20,2017-06-20,ICF Version 1.0 25MAY2016 | New Enrollee,,1,2017-06-16,2017-06-02,Version 1.0 | 24MAY2016,8,
4,4,6042,55,sc,2017-06-30,2017-06-30,ICF Version 1.0 25MAY2016 | New Enrollee,,1,2017-06-30,2017-06-02,Version 1.0 | 24MAY2016,3,
4,4,6043,50,sc,2017-08-09,2017-08-09,ICF Version 1.0 25MAY2016 | New Enrollee,,1,2017-06-22,2017-02-22,Version 1.0 | 24MAY2016,1,
4,4,6044,59,sc,2017-06-26,2017-08-23,ICF Version 1.0 25MAY2016 | New Enrollee,,1,2017-06-26,2017-03-20,Version 1.0 | 24MAY2016,v2016.10.12,
4,4,6045,33,sc,2017-06-27,2017-06-27,ICF Version 1.0 25MAY2016 | New Enrollee,,1,2017-06-27,2017-05-02,Version 1.0 | 24MAY2016,Version 1.0, 25MAY2016,
4,4,6046,27,sc,2017-07-07,2017-07-07,ICF Version 1.0 25MAY2016 | New Enrollee,,1,2017-07-07,2016-12-14,Version 1.0 | 24MAY2016,12/14/2016,
4,4,6047,50,sc,2017-07-24,2017-07-24,ICF Version 1.0 25MAY2016 | New Enrollee,,1,2017-06-28,2017-02-22,Version 1.0 | 24MAY2016,1,
4,4,6048,55,sc,2017-08-01,2017-08-01,ICF Version 1.0 25MAY2016 | New Enrollee,,1,2017-07-31,2017-06-02,Version 1.0 | 24MAY2016,8,
4,4,6049,58,sc,2017-06-30,2017-06-30,ICF Version 1.0 25MAY2016 | New Enrollee,,1,2017-06-30,2017-01-04,Version 1.0 | 24MAY2016,2016-11-30,
4,4,6051,58,sc,2017-07-07,2017-07-07,ICF Version 1.0 25MAY2016 | New Enrollee,,1,2017-07-07,2017-01-04,Version 1.0 | 24MAY2016,2016-11-30,
4,4,6052,59,sc,2017-07-14,2017-07-14,ICF Version 1.0 25MAY2016 | New Enrollee,,1,2017-07-11,2017-03-20,Version 1.0 | 24MAY2016,v2016.10.12,
4,4,6053,1,sc,2017-07-21,2017-07-21,ICF Version 1.0 25MAY2016 | New Enrollee,,1,2017-07-18,2017-04-20,Version 1.0 | 24MAY2016,2,
4,4,6054,59,sc,2017-07-19,2017-07-19,ICF Version 1.0 25MAY2016 | New Enrollee,,1,2017-07-17,2017-03-20,Version 1.0 | 24MAY2016,v.2016.10.12,
4,4,6055,23,sc,2017-07-24,2017-07-24,ICF Version 1.0 25MAY2016 | New Enrollee,,1,2017-07-24,2016-12-02,Version 1.0 | 24MAY2016,22NOV2016,
4,4,6056,61,sc,2017-07-26,2017-07-26,ICF Version 1.0 25MAY2016 | New Enrollee,,1,2017-07-24,2017-04-03,Version 1.0 | 24MAY2016,1.0,
4,4,6057,43,sc,2017-08-04,2017-08-04,ICF Version 1.0 25MAY2016 | New Enrollee,,1,2017-07-27,2017-03-11,Version 1.0 | 24MAY2016,06-Mar-2017,
4,4,6058,59,sc,2017-07-31,2017-07-31,ICF Version 1.0 25MAY2016 | New Enrollee,,1,2017-07-31,2017-03-20,Version 1.0 | 24MAY2016,v2016.10.12,
4,4,6059,58,sc,2017-07-31,2017-07-31,ICF Version 1.0 25MAY2016 | New Enrollee,,1,2017-07-31,2017-01-04,Version 1.0 | 24MAY2016,2016-11-30,
4,4,6060,54,sc,2017-08-02,2017-08-02,ICF Version 1.0 25MAY2016 | New Enrollee,,1,2017-08-02,2017-06-06,Version 1.0 | 24MAY2016,v2.0 23-May-2017,
4,4,6061,55,sc,2017-08-08,2017-08-08,ICF Version 1.0 25MAY2016 | New Enrollee,,1,2017-08-04,2017-06-02,Version 1.0 | 24MAY2016,2,
4,4,6062,58,sc,2017-08-14,2017-08-14,ICF Version 1.0 25MAY2016 | New Enrollee,,1,2017-08-04,2017-01-04,Version 1.0 | 24MAY2016,2016-11-30,
4,4,6063,43,sc,2017-08-18,2017-08-18,ICF Version 1.0 25MAY2016 | New Enrollee,Study Partner unable to come in on 8/7/17 with her sister-participant.  Their father was in the hospital.,1,2017-08-10,2017-03-11,Version 1.0 | 24MAY2016,06-Mar-2017,
4,4,6064,58,sc,2017-08-11,2017-08-11,ICF Version 1.0 25MAY2016 | New Enrollee,,1,2017-08-10,2017-01-04,Version 1.0 | 24MAY2016,2016-11-30,
4,4,6065,58,sc,2017-08-24,2017-08-24,ICF Version 1.0 25MAY2016 | New Enrollee,,1,2017-08-24,2017-01-04,Version 1.0 | 24MAY2016,2016-11-30,
4,4,6066,1,sc,2017-08-22,2017-08-22,ICF Version 1.0 25MAY2016 | New Enrollee,,1,2017-08-15,2017-04-20,Version 1.0 | 24MAY2016,2,
4,4,6067,2,sc,2017-09-29,2017-09-29,ICF Version 1.0 25MAY2016 | New Enrollee,,1,2017-08-15,2017-03-01,Version 1.0 | 24MAY2016,2017-03-01,
4,4,6068,59,sc,2017-08-18,2017-08-18,ICF Version 1.0 25MAY2016 | New Enrollee,,1,2017-08-16,2017-03-20,Version 1.0 | 24MAY2016,v2016.10.12,
4,4,6069,17,sc,2017-08-18,2017-08-18,ICF Version 1.0 25MAY2016 | New Enrollee,,1,2017-08-16,2016-12-23,Version 1.0 | 24MAY2016,1,
4,4,6070,1,sc,2017-08-22,2017-08-22,ICF Version 1.0 25MAY2016 | New Enrollee,,1,2017-08-17,2017-04-20,Version 1.0 | 24MAY2016,2,
4,4,6071,27,sc,2017-09-26,2017-09-26,ICF Version 1.0 25MAY2016 | New Enrollee,,1,2017-09-18,2016-12-14,Version 1.0 | 24MAY2016,12/14/2016,
4,4,6072,50,sc,2017-08-22,2017-08-22,ICF Version 1.0 25MAY2016 | New Enrollee,,1,2017-08-22,2017-02-22,Version 1.0 | 24MAY2016,1,
4,4,6073,9,sc,2017-09-18,2017-09-18,ICF Version 1.0 25MAY2016 | New Enrollee,,1,2017-08-29,2017-02-15,Version 1.0 | 24MAY2016,2/10/17,
4,4,6074,44,sc,2017-10-20,2017-10-20,ICF Version 1.0 25MAY2016 | New Enrollee,,1,2017-09-11,2016-11-22,Version 1.0 | 24MAY2016,11/15/2016,
4,4,6075,55,sc,2017-09-19,2017-09-19,ICF Version 1.0 25MAY2016 | New Enrollee,,1,2017-09-18,2017-06-02,Version 1.0 | 24MAY2016,1,
4,4,6076,11,sc,2017-09-18,2017-09-18,ICF Version 1.0 25MAY2016 | New Enrollee,,1,2017-09-14,2017-04-06,Version 1.0 | 24MAY2016,2016-12-22,
4,4,6077,40,sc,2017-10-11,2017-10-11,ICF Version 1.0 25MAY2016 | New Enrollee,,1,2017-10-10,2016-10-13,Version 1.0 | 24MAY2016,V1.0 25-May-2016,
4,4,6078,33,sc,2017-09-29,2017-09-29,ICF Version 1.0 25MAY2016 | New Enrollee,,1,2017-09-29,2017-09-07,Version 1.0 | 24MAY2016,Version 1.0, 25MAY2016,
4,4,6079,49,sc,2017-09-20,2017-09-20,ICF Version 1.0 25MAY2016 | New Enrollee,,1,2017-09-19,2016-10-04,Version 1.0 | 24MAY2016,1,
4,4,6080,59,sc,2017-09-28,2017-09-28,ICF Version 1.0 25MAY2016 | New Enrollee,,1,2017-09-25,2017-03-20,Version 1.0 | 24MAY2016,v2016.10.12,
4,4,6081,20,sc,2017-09-26,2017-09-26,ICF Version 1.0 25MAY2016 | New Enrollee,,1,2017-09-25,2017-08-11,Version 1.0 | 24MAY2016,Version 3,
4,4,6082,49,sc,2017-09-27,2017-09-27,ICF Version 1.0 25MAY2016 | New Enrollee,,1,2017-09-26,2016-10-04,Version 1.0 | 24MAY2016,1,
4,4,6083,27,sc,2017-10-04,2017-10-04,ICF Version 1.0 25MAY2016 | New Enrollee,,1,2017-10-04,2017-09-19,Version 1.0 | 24MAY2016,8/7/2017,
4,4,6084,3,sc,2017-09-28,2017-09-28,ICF Version 1.0 25MAY2016 | New Enrollee,,1,2017-09-28,2017-05-18,Version 1.0 | 24MAY2016,Version date: 19APR2017,
4,4,6085,58,sc,2017-10-03,2017-10-03,ICF Version 1.0 25MAY2016 | New Enrollee,,1,2017-09-29,2017-09-06,Version 1.0 | 24MAY2016,2017-08-15,
4,4,6086,58,sc,2017-10-10,2017-10-10,ICF Version 1.0 25MAY2016 | New Enrollee,,1,2017-10-02,2017-09-06,Version 1.0 | 24MAY2016,2017-08-15,
4,4,6087,11,sc,2017-10-09,2017-10-09,ICF Version 1.0 25MAY2016 | New Enrollee,,1,2017-10-04,2017-04-06,Version 1.0 | 24MAY2016,2017-03-17,
4,4,6088,26,sc,2017-10-09,2017-10-09,ICF Version 1.0 25MAY2016 | New Enrollee,,1,2017-10-05,2017-02-10,Version 1.0 | 24MAY2016,1.0,
4,4,6089,49,sc,2017-10-11,2017-10-11,ICF Version 1.0 25MAY2016 | New Enrollee,,1,2017-10-05,2016-10-04,Version 1.0 | 24MAY2016,1,
4,4,6090,49,sc,2017-10-11,2017-10-11,ICF Version 1.0 25MAY2016 | New Enrollee,,1,2017-10-05,2016-10-04,Version 1.0 | 24MAY2016,1,
4,4,6091,2,sc,2017-10-24,2017-10-24,ICF Version 1.0 25MAY2016 | New Enrollee,,1,2017-10-18,2017-03-12,Version 1.0 | 24MAY2016,03/12/2017,
4,4,6092,2,sc,2017-12-13,2017-12-13,ICF Version 1.0 25MAY2016 | New Enrollee,,1,2017-12-01,2017-03-12,Version 1.0 | 24MAY2016,03/12/2017,
4,4,6093,3,sc,2017-10-26,2017-10-26,ICF Version 1.0 25MAY2016 | New Enrollee,,1,2017-10-11,2016-12-08,Version 1.0 | 24MAY2016,Version date: 19APR2017,
4,4,6094,59,sc,2017-10-13,2017-10-13,ICF Version 1.0 25MAY2016 | New Enrollee,,1,2017-10-13,2017-03-20,Version 1.0 | 24MAY2016,v.2016.10.12,
4,4,6095,14,sc,2017-10-17,2017-10-17,ICF Version 1.0 25MAY2016 | New Enrollee,,1,2017-10-16,2017-10-02,Version 1.0 | 24MAY2016,2.0,
4,4,6096,38,sc,2017-10-25,2017-10-25,ICF Version 1.0 25MAY2016 | New Enrollee,,1,2017-10-25,2017-09-19,Version 1.0 | 24MAY2016,094_ADNI3_New Subject ICF_CLEAN_16Aug2017,
4,4,6098,58,sc,2017-10-20,2017-10-20,ICF Version 1.0 25MAY2016 | New Enrollee,,1,2017-10-17,2017-09-06,Version 1.0 | 24MAY2016,2017-08-15,
4,4,6099,26,sc,2017-10-23,2017-10-23,ICF Version 1.0 25MAY2016 | New Enrollee,,1,2017-10-18,2017-02-10,Version 1.0 | 24MAY2016,1.0,
4,4,6100,44,sc,2017-10-20,2017-10-20,ICF Version 1.0 25MAY2016 | New Enrollee,,1,2017-10-18,2016-11-22,Version 1.0 | 24MAY2016,11/15/2016,
4,4,6101,49,sc,2017-10-19,2017-10-19,ICF Version 1.0 25MAY2016 | New Enrollee,,1,2017-10-18,2016-10-04,Version 1.0 | 24MAY2016,1,
4,4,6102,14,sc,2017-10-19,2017-10-19,ICF Version 1.0 25MAY2016 | New Enrollee,version 2.0 icf,1,2017-10-19,2017-10-02,Version 1.0 | 24MAY2016,2.0,
4,4,6103,1,sc,2017-10-25,2017-10-25,ICF Version 1.0 25MAY2016 | New Enrollee,,1,2017-10-24,2017-04-20,Version 1.0 | 24MAY2016,2,
4,4,6104,52,sc,2017-10-26,2017-10-26,ICF Version 1.0 25MAY2016 | New Enrollee,,1,2017-10-25,2017-03-22,Version 1.0 | 24MAY2016,v1.0 14Mar2017,
4,4,6105,50,sc,2017-10-23,2017-10-23,ICF Version 1.0 25MAY2016 | New Enrollee,,1,2017-10-23,2017-02-22,Version 1.0 | 24MAY2016,1,
4,4,6106,54,sc,2017-11-06,2017-11-06,ICF Version 1.0 25MAY2016 | New Enrollee,,1,2017-10-24,2017-06-06,Version 1.0 | 24MAY2016,v2.0,
4,4,6107,58,sc,2017-12-07,2017-12-07,ICF Version 1.0 25MAY2016 | New Enrollee,,1,2017-10-24,2017-09-06,Version 1.0 | 24MAY2016,2017-08-15,
4,4,6108,58,sc,2017-12-07,2017-12-07,ICF Version 1.0 25MAY2016 | New Enrollee,,1,2017-10-24,2017-09-06,Version 1.0 | 24MAY2016,2017-08-15,
4,4,6109,11,sc,2017-11-02,2017-11-02,ICF Version 1.0 25MAY2016 | New Enrollee,,1,2017-10-26,2017-04-06,Version 1.0 | 24MAY2016,2016-12-22,
4,4,6110,52,sc,2017-10-31,2017-10-31,ICF Version 1.0 25MAY2016 | New Enrollee,,1,2017-10-30,2017-03-22,Version 1.0 | 24MAY2016,v1.0 14Mar2017,
4,4,6111,50,sc,2017-11-06,2017-11-06,ICF Version 1.0 25MAY2016 | New Enrollee,,1,2017-10-27,2017-02-22,Version 1.0 | 24MAY2016,1,
4,4,6112,17,sc,2018-02-01,2018-02-01,ICF Version 1.0 25MAY2016 | New Enrollee,,1,2017-11-27,2017-09-12,Version 1.0 | 24MAY2016,local v2,
4,4,6113,43,sc,2017-10-30,2017-10-30,ICF Version 1.0 25MAY2016 | New Enrollee,,1,2017-10-30,2017-03-11,Version 1.0 | 24MAY2016,2017-03-06,
4,4,6114,50,sc,2017-11-06,2017-11-06,ICF Version 1.0 25MAY2016 | New Enrollee,,1,2017-10-30,2017-02-22,Version 1.0 | 24MAY2016,1,
4,4,6115,27,sc,2017-11-21,2017-11-21,ICF Version 1.0 25MAY2016 | New Enrollee,,1,2017-11-15,2017-09-17,Version 1.0 | 24MAY2016,9/19/2017,
4,4,6116,55,sc,2017-11-03,2017-11-03,ICF Version 1.0 25MAY2016 | New Enrollee,,1,2017-11-03,2017-10-16,Version 1.0 | 24MAY2016,2,
4,4,6117,33,sc,2017-12-05,2017-12-05,ICF Version 1.0 25MAY2016 | New Enrollee,,1,2017-11-03,2017-08-07,Version 1.0 | 24MAY2016,07-27-2017,
4,4,6118,45,sc,2017-11-06,2017-11-06,ICF Version 1.0 25MAY2016 | New Enrollee,,1,2017-11-06,2016-11-11,Version 1.0 | 24MAY2016,Version 1,
4,4,6119,44,sc,2017-11-07,2017-11-07,ICF Version 1.0 25MAY2016 | New Enrollee,,1,2017-11-06,2016-11-22,Version 1.0 | 24MAY2016,11/15/2016,
4,4,6120,5,sc,2017-11-27,2017-11-27,ICF Version 1.0 25MAY2016 | New Enrollee,,1,2017-11-07,2017-10-24,Version 1.0 | 24MAY2016,24OCT2017,
4,4,6121,58,sc,2017-12-07,2018-01-02,ICF Version 1.0 25MAY2016 | New Enrollee,,1,2017-11-07,2017-09-06,Version 1.0 | 24MAY2016,2017-08-15,
4,4,6122,38,sc,2017-11-17,2017-11-17,ICF Version 1.0 25MAY2016 | New Enrollee,,1,2017-11-08,2017-09-19,Version 1.0 | 24MAY2016,094_ADNI3_New Subject ICF_CLEAN_16Aug2017,
4,4,6123,49,sc,2017-11-14,2017-11-14,ICF Version 1.0 25MAY2016 | New Enrollee,,1,2017-11-13,2017-10-17,Version 1.0 | 24MAY2016,2,
4,4,6124,49,sc,2017-11-14,2017-11-14,ICF Version 1.0 25MAY2016 | New Enrollee,,1,2017-11-13,2017-10-17,Version 1.0 | 24MAY2016,2,
4,4,6125,27,sc,2017-11-21,2017-11-21,ICF Version 1.0 25MAY2016 | New Enrollee,,1,2017-11-15,2017-09-17,Version 1.0 | 24MAY2016,9/19/2017,
4,4,6125,27,bl,2018-02-16,2018-02-16,ICF Version 1.0 25MAY2016 | New Enrollee,,1,2018-02-07,2018-01-30,Version 1.0 | 24MAY2016,1/30/2018,
4,4,6127,51,sc,2017-12-04,2017-12-04,ICF Version 1.0 25MAY2016 | New Enrollee,,,2017-11-16,2017-01-17,Version 1.0 | 24MAY2016,1,
4,4,6128,58,sc,2017-11-28,2017-11-28,ICF Version 1.0 25MAY2016 | New Enrollee,,1,2017-11-16,2017-09-06,Version 1.0 | 24MAY2016,2017-08-15,
4,4,6129,44,sc,2017-11-30,2017-11-30,ICF Version 1.0 25MAY2016 | New Enrollee,,1,2017-11-16,2017-11-16,Version 1.0 | 24MAY2016,11/15/2016,
4,4,6130,8,sc,2017-11-20,2017-11-20,ICF Version 1.0 25MAY2016 | New Enrollee,,1,2017-11-20,2017-09-08,Version 1.0 | 24MAY2016,Version 2,
4,4,6131,58,sc,2017-11-30,2017-11-30,ICF Version 1.0 25MAY2016 | New Enrollee,,1,2017-11-21,2017-09-06,Version 1.0 | 24MAY2016,2017-08-15,
4,4,6132,58,sc,2017-12-01,2017-12-01,ICF Version 1.0 25MAY2016 | New Enrollee,,1,2017-11-27,2017-09-06,Version 1.0 | 24MAY2016,2017-08-15,
4,4,6133,44,sc,2017-12-28,2017-12-28,ICF Version 1.0 25MAY2016 | New Enrollee,,1,2017-11-27,2016-11-22,Version 1.0 | 24MAY2016,11/15/2016,
4,4,6134,26,sc,2017-12-05,2017-12-05,ICF Version 1.0 25MAY2016 | New Enrollee,,1,2017-11-27,2017-10-24,Version 1.0 | 24MAY2016,1,
4,4,6135,54,sc,2017-11-28,2017-11-28,ICF Version 1.0 25MAY2016 | New Enrollee,,1,2017-11-28,2017-06-06,Version 1.0 | 24MAY2016,v2.0,
4,4,6136,28,sc,2017-12-04,2017-12-04,ICF Version 1.0 25MAY2016 | New Enrollee,,1,2017-12-01,2017-11-13,Version 1.0 | 24MAY2016,2,
4,4,6137,50,sc,2018-01-11,2018-01-11,ICF Version 1.0 25MAY2016 | New Enrollee,,1,2017-11-28,2017-02-22,Version 1.0 | 24MAY2016,1,
4,4,6139,1,sc,2017-12-06,2017-12-06,ICF Version 1.0 25MAY2016 | New Enrollee,,1,2017-12-05,2017-11-02,Version 1.0 | 24MAY2016,3,
4,4,6140,15,sc,2017-11-29,2017-11-29,ICF Version 1.0 25MAY2016 | New Enrollee,,1,2017-11-29,2017-09-26,Version 1.0 | 24MAY2016,September 13, 2017,
4,4,6141,27,sc,2017-12-21,2017-12-21,ICF Version 1.0 25MAY2016 | New Enrollee,,1,2017-12-21,2017-09-19,Version 1.0 | 24MAY2016,9/19/2017,
4,4,6142,58,sc,2017-12-05,2017-12-05,ICF Version 1.0 25MAY2016 | New Enrollee,,1,2017-12-05,2017-09-06,Version 1.0 | 24MAY2016,2017-08-15,
4,4,6143,51,sc,2017-12-07,2018-01-02,ICF Version 1.0 25MAY2016 | New Enrollee,,1,2017-12-06,2017-01-17,Version 1.0 | 24MAY2016,1,
4,4,6144,27,sc,2017-12-07,2017-12-07,ICF Version 1.0 25MAY2016 | New Enrollee,,1,2017-12-06,2017-09-19,Version 1.0 | 24MAY2016,9/19/2017,
4,4,6145,11,sc,2017-12-19,2017-12-19,ICF Version 1.0 25MAY2016 | New Enrollee,,1,2017-12-06,2017-04-06,Version 1.0 | 24MAY2016,2016-12-22,
4,4,6146,49,sc,2017-12-07,2017-12-07,ICF Version 1.0 25MAY2016 | New Enrollee,,1,2017-12-06,2017-10-17,Version 1.0 | 24MAY2016,2,
4,4,6147,47,sc,2018-02-12,2018-02-12,ICF Version 1.0 25MAY2016 | New Enrollee,,1,2018-02-06,2017-12-19,Version 1.0 | 24MAY2016,Local ICF v3.0 [14-NOV-2017],
4,4,6148,11,sc,2018-01-08,2018-01-08,ICF Version 1.0 25MAY2016 | New Enrollee,,1,2017-12-07,2017-04-06,Version 1.0 | 24MAY2016,2016-12-22,
4,4,6149,6,sc,2017-12-11,2017-12-11,ICF Version 1.0 25MAY2016 | New Enrollee,,1,2017-12-11,2017-01-03,Version 1.0 | 24MAY2016,V2.1[16NOV2017],
4,4,6150,55,sc,2018-01-10,2018-01-10,ICF Version 1.0 25MAY2016 | New Enrollee,,1,2018-01-10,2017-10-16,Version 1.0 | 24MAY2016,2.0,
4,4,6151,58,sc,2017-12-21,2017-12-21,ICF Version 1.0 25MAY2016 | New Enrollee,,1,2017-12-11,2017-12-06,Version 1.0 | 24MAY2016,2017-08-15,
4,4,6152,38,sc,2017-12-22,2017-12-22,ICF Version 1.0 25MAY2016 | New Enrollee,,1,2017-12-21,2017-09-19,Version 1.0 | 24MAY2016,094_ADNI3_New Subject ICF_CLEAN_16Aug2017,
4,4,6153,51,sc,2018-02-15,2018-02-15,ICF Version 1.0 25MAY2016 | New Enrollee,,1,2017-12-13,2017-02-16,Version 1.0 | 24MAY2016,1,
4,4,6154,51,sc,2018-02-15,2018-02-15,ICF Version 1.0 25MAY2016 | New Enrollee,,1,2017-12-13,2017-02-16,Version 1.0 | 24MAY2016,1,
4,4,6155,39,sc,2017-12-13,2017-12-13,ICF Version 1.0 25MAY2016 | New Enrollee,,1,2017-12-12,2017-12-06,Version 1.0 | 24MAY2016,1711,
4,4,6156,25,sc,2017-12-14,2017-12-14,ICF Version 1.0 25MAY2016 | New Enrollee,,1,2017-12-13,2017-08-31,Version 1.0 | 24MAY2016,ICF ATRI v2.0 25JUL2017,
4,4,6157,62,sc,2018-01-26,2018-01-26,ICF Version 1.0 25MAY2016 | New Enrollee,,1,2018-01-26,2017-09-21,Version 1.0 | 24MAY2016,08-28-2017,
4,4,6158,2,sc,2018-02-09,2018-02-09,ICF Version 1.0 25MAY2016 | New Enrollee,,1,2018-02-09,2017-03-12,Version 1.0 | 24MAY2016,03/12/2017,
4,4,6159,28,sc,2017-12-19,2017-12-19,ICF Version 1.0 25MAY2016 | New Enrollee,,1,2017-12-15,2017-11-13,Version 1.0 | 24MAY2016,2,
4,4,6160,25,sc,2017-12-20,2017-12-20,ICF Version 1.0 25MAY2016 | New Enrollee,,1,2017-12-20,2017-08-31,Version 1.0 | 24MAY2016,ICF ATRI v2.0 25JUL2017,
4,4,6161,50,sc,2018-01-09,2018-01-09,ICF Version 1.0 25MAY2016 | New Enrollee,,1,2017-12-21,2017-02-22,Version 1.0 | 24MAY2016,1,
4,4,6162,38,sc,2018-01-12,2018-01-12,ICF Version 1.0 25MAY2016 | New Enrollee,,1,2018-01-11,2017-09-19,Version 1.0 | 24MAY2016,094_ADNI3_New Subject ICF_CLEAN_16Aug2017,
4,4,6163,6,sc,2018-02-02,2018-02-02,ICF Version 1.0 25MAY2016 | New Enrollee,,1,2018-01-31,2018-01-02,Version 1.0 | 24MAY2016,Local ICFV2.1,
4,4,6164,41,sc,2018-01-12,2018-01-12,ICF Version 1.0 25MAY2016 | New Enrollee,Note Atri    ICF v2.0 [25-Jul-2017] new enrollee not an option above,1,2018-01-09,2017-10-10,Version 1.0 | 24MAY2016,Local ICF v1.4 [08-SEP-2017],
4,4,6165,41,sc,2018-02-13,2018-02-13,ICF Version 1.0 25MAY2016 | New Enrollee,note: Coord ctr template ICF V2.0 [25-Jul-2017] not available above,1,2018-02-12,2017-10-10,Version 1.0 | 24MAY2016,Local ICF v1.4 [08-SEP-2017],
4,4,6166,5,sc,2018-01-08,2018-01-08,ICF Version 1.0 25MAY2016 | New Enrollee,,1,2018-01-08,2017-10-24,Version 1.0 | 24MAY2016,24OCT2017,
4,4,6167,47,sc,2018-02-06,2018-02-06,ICF Version 1.0 25MAY2016 | New Enrollee,,1,2018-01-18,2017-12-19,Version 1.0 | 24MAY2016,Local ICF v3.0 [14-NOV-2017],
4,4,6168,47,sc,2018-02-08,2018-02-08,ICF Version 1.0 25MAY2016 | New Enrollee,,1,2018-01-31,2017-12-19,Version 1.0 | 24MAY2016,Local ICF v3.0 [14-NOV-2017],
4,4,6170,51,sc,2018-02-15,2018-02-15,ICF Version 1.0 25MAY2016 | New Enrollee,,1,2018-01-11,2017-02-16,Version 1.0 | 24MAY2016,1,
4,4,6171,55,sc,2018-01-11,2018-01-11,ICF Version 1.0 25MAY2016 | New Enrollee,,1,2018-01-11,2017-10-16,Version 1.0 | 24MAY2016,2.0,
4,4,6172,55,sc,2018-01-12,2018-01-12,ICF Version 1.0 25MAY2016 | New Enrollee,,1,2018-01-12,2017-10-16,Version 1.0 | 24MAY2016,2.0,
4,4,6173,47,sc,2018-01-24,2018-01-24,ICF Version 1.0 25MAY2016 | New Enrollee,,1,2018-01-23,2017-12-19,Version 1.0 | 24MAY2016,Local ICF v3.0 [14-NOV-2017],
4,4,6176,55,sc,2018-01-15,2018-01-15,ICF Version 1.0 25MAY2016 | New Enrollee,,1,2018-01-15,2017-10-16,Version 1.0 | 24MAY2016,2.0,
4,4,6177,55,sc,2018-01-16,2018-01-16,ICF Version 1.0 25MAY2016 | New Enrollee,,1,2018-01-16,2017-10-16,Version 1.0 | 24MAY2016,2.0,
4,4,6178,55,sc,2018-01-16,2018-01-16,ICF Version 1.0 25MAY2016 | New Enrollee,,1,2018-01-16,2017-10-16,Version 1.0 | 24MAY2016,2.0,
4,4,6179,26,sc,2018-01-16,2018-01-16,ICF Version 1.0 25MAY2016 | New Enrollee,,1,2018-01-16,2017-10-24,Version 1.0 | 24MAY2016,1.0,
4,4,6180,58,sc,2018-01-19,2018-01-19,ICF Version 1.0 25MAY2016 | New Enrollee,,1,2018-01-16,2017-12-06,Version 1.0 | 24MAY2016,2017-08-15,
4,4,6181,55,sc,2018-01-17,2018-01-17,ICF Version 1.0 25MAY2016 | New Enrollee,,1,2018-01-17,2017-10-16,Version 1.0 | 24MAY2016,2.0,
4,4,6183,20,sc,2018-02-01,2018-02-01,ICF Version 1.0 25MAY2016 | New Enrollee,,1,2018-01-18,2017-08-21,Version 1.0 | 24MAY2016,version 3,
4,4,6184,19,sc,2018-01-19,2018-02-15,ICF Version 1.0 25MAY2016 | New Enrollee,,1,2018-01-19,2017-10-17,Version 1.0 | 24MAY2016,9-1-17,
4,4,6185,15,sc,2018-01-19,2018-01-19,ICF Version 1.0 25MAY2016 | New Enrollee,ICF version 2.0 (same as study subject),1,2018-01-19,2017-09-26,Version 1.0 | 24MAY2016,September 13, 2017,
4,4,6186,14,sc,2018-01-22,2018-01-22,ICF Version 1.0 25MAY2016 | New Enrollee,,1,2018-01-19,2017-07-25,Version 1.0 | 24MAY2016,2.0,
4,4,6188,62,sc,2018-02-28,2018-02-28,ICF Version 1.0 25MAY2016 | New Enrollee,,1,2018-02-27,2017-09-21,Version 1.0 | 24MAY2016,2017-08-28,
4,4,6189,26,sc,2018-01-29,2018-01-29,ICF Version 1.0 25MAY2016 | New Enrollee,,1,2018-01-22,2017-10-24,Version 1.0 | 24MAY2016,1,
4,4,6190,38,sc,2018-03-07,2018-03-07,ICF Version 1.0 25MAY2016 | New Enrollee,,1,2018-03-06,2017-09-19,Version 1.0 | 24MAY2016,094_ADNI3_New Subject ICF_CLEAN_16Aug2017,
4,4,6191,34,sc,2018-01-23,2018-01-23,ICF Version 1.0 25MAY2016 | New Enrollee,,1,2018-01-18,2018-01-11,Version 1.0 | 24MAY2016,Local ICF v2.1 [20Dec2017],
4,4,6192,28,sc,2018-01-29,2018-01-29,ICF Version 1.0 25MAY2016 | New Enrollee,,1,2018-01-23,2017-11-13,Version 1.0 | 24MAY2016,2,
4,4,6193,49,sc,2018-01-29,2018-01-29,ICF Version 1.0 25MAY2016 | New Enrollee,,1,2018-01-24,2018-01-04,Version 1.0 | 24MAY2016,3,
4,4,6194,58,sc,2018-01-30,2018-01-30,ICF Version 1.0 25MAY2016 | New Enrollee,,1,2018-01-24,2017-12-06,Version 1.0 | 24MAY2016,2017-08-15,
4,4,6195,25,sc,2018-02-08,2018-02-08,ICF Version 1.0 25MAY2016 | New Enrollee,,1,2018-01-24,2018-01-05,Version 1.0 | 24MAY2016,21Dec2017,
4,4,6196,4,sc,2018-02-26,2018-02-26,ICF Version 1.0 25MAY2016 | New Enrollee,,1,2018-01-25,2017-10-26,Version 1.0 | 24MAY2016,C,
4,4,6197,37,sc,2018-03-05,2018-03-05,ICF Version 1.0 25MAY2016 | New Enrollee,,1,2018-02-14,2017-10-04,Version 1.0 | 24MAY2016,8SEP2017 Main ICF,
4,4,6198,55,sc,2018-01-29,2018-01-29,ICF Version 1.0 25MAY2016 | New Enrollee,,1,2018-01-29,2017-10-16,Version 1.0 | 24MAY2016,2.0,
4,4,6199,11,sc,2018-02-05,2018-02-05,ICF Version 1.0 25MAY2016 | New Enrollee,,1,2018-01-31,2017-04-06,Version 1.0 | 24MAY2016,2016-12-22,
4,4,6200,25,sc,2018-01-31,2018-01-31,ICF Version 1.0 25MAY2016 | New Enrollee,,1,2018-01-31,2018-01-05,Version 1.0 | 24MAY2016,21Dec2017,
4,4,6201,49,sc,2018-02-07,2018-02-07,ICF Version 1.0 25MAY2016 | New Enrollee,,1,2018-01-31,2018-01-04,Version 1.0 | 24MAY2016,3,
4,4,6202,19,sc,2018-02-02,2018-02-02,ICF Version 1.0 25MAY2016 | New Enrollee,,1,2018-02-02,2017-10-17,Version 1.0 | 24MAY2016,Sept. 1, 2017,
4,4,6205,5,sc,2018-02-06,2018-02-06,ICF Version 1.0 25MAY2016 | New Enrollee,,1,2018-02-06,2017-10-24,Version 1.0 | 24MAY2016,24OCT2017,
4,4,6207,13,sc,2018-02-06,2018-02-06,ICF Version 1.0 25MAY2016 | New Enrollee,,1,2018-02-06,2017-04-24,Version 1.0 | 24MAY2016,15,
4,4,6208,45,sc,2018-02-06,2018-02-06,ICF Version 1.0 25MAY2016 | New Enrollee,,1,2018-02-06,2016-11-11,Version 1.0 | 24MAY2016,Version 1.0,
4,4,6209,4,sc,2018-02-07,2018-02-07,ICF Version 1.0 25MAY2016 | New Enrollee,,1,2018-02-07,2017-10-26,Version 1.0 | 24MAY2016,C,
4,4,6210,11,sc,2018-02-15,2018-02-15,ICF Version 1.0 25MAY2016 | New Enrollee,,1,2018-02-14,2017-04-06,Version 1.0 | 24MAY2016,2016-12-22,
4,4,6211,23,sc,2018-02-08,2018-02-08,ICF Version 1.0 25MAY2016 | New Enrollee,,1,2018-02-08,2017-08-14,Version 1.0 | 24MAY2016,25 JUL 2017,
4,4,6212,6,sc,2018-02-14,2018-02-14,ICF Version 1.0 25MAY2016 | New Enrollee,,1,2018-02-12,2018-01-02,Version 1.0 | 24MAY2016,Local ICFV2.1,
4,4,6213,42,sc,2018-02-22,2018-02-22,ICF Version 1.0 25MAY2016 | New Enrollee,,1,2018-02-13,2017-11-30,Version 1.0 | 24MAY2016,16NOV2017,
4,4,6215,42,sc,2018-02-27,2018-02-27,ICF Version 1.0 25MAY2016 | New Enrollee,,1,2018-02-27,2017-11-29,Version 1.0 | 24MAY2016,16-nov-2017,
4,4,6224,61,sc,2018-02-12,2018-02-12,ICF Version 1.0 25MAY2016 | New Enrollee,,1,2018-02-09,2017-09-26,Version 1.0 | 24MAY2016,v1.2,
4,4,6225,55,sc,2018-02-12,2018-02-12,ICF Version 1.0 25MAY2016 | New Enrollee,,1,2018-02-12,2017-10-16,Version 1.0 | 24MAY2016,2.0,
4,4,6226,28,sc,2018-02-16,2018-02-16,ICF Version 1.0 25MAY2016 | New Enrollee,,1,2018-02-10,2017-11-13,Version 1.0 | 24MAY2016,2,
4,4,6227,15,sc,2018-02-12,2018-02-12,ICF Version 1.0 25MAY2016 | New Enrollee,,1,2018-02-12,2017-09-26,Version 1.0 | 24MAY2016,Sept 13, 2017,
4,4,6228,49,sc,2018-02-16,2018-02-16,ICF Version 1.0 25MAY2016 | New Enrollee,,1,2018-02-12,2018-01-04,Version 1.0 | 24MAY2016,3,
4,4,6229,34,sc,2018-02-13,2018-02-13,ICF Version 1.0 25MAY2016 | New Enrollee,,1,2018-02-13,2018-01-11,Version 1.0 | 24MAY2016,Local ICF v2.1 [20Dec2017],
4,4,6231,26,sc,2018-02-21,2018-02-21,ICF Version 1.0 25MAY2016 | New Enrollee,,1,2018-02-13,2018-02-09,Version 1.0 | 24MAY2016,1,
4,4,6233,58,sc,2018-02-23,2018-02-23,ICF Version 1.0 25MAY2016 | New Enrollee,,1,2018-02-14,2018-02-07,Version 1.0 | 24MAY2016,2018-02-01,
4,4,6234,4,sc,2018-02-14,2018-02-14,ICF Version 1.0 25MAY2016 | New Enrollee,,1,2018-02-14,2017-10-26,Version 1.0 | 24MAY2016,C,
4,4,6235,55,sc,2018-02-15,2018-02-15,ICF Version 1.0 25MAY2016 | New Enrollee,,1,2018-02-15,2017-10-16,Version 1.0 | 24MAY2016,2.0,
4,4,6236,34,sc,2018-02-15,2018-02-15,ICF Version 1.0 25MAY2016 | New Enrollee,,1,2018-02-15,2018-01-11,Version 1.0 | 24MAY2016,Local ICF v2.1 [20Dec2017],
4,4,6237,57,sc,2018-02-23,2018-02-23,ICF Version 1.0 25MAY2016 | New Enrollee,,1,2018-02-15,2018-01-27,Version 1.0 | 24MAY2016,Verison 2,
4,4,6239,41,sc,2018-02-21,2018-02-21,ICF Version 1.0 25MAY2016 | New Enrollee,note Coord Ctr ICF version 2.0 [25-JUL-2017] not an option above,1,2018-02-20,2017-10-10,Version 1.0 | 24MAY2016,Local ICF v1.4 [08-SEP-2017],
4,4,6240,55,sc,2018-02-16,2018-02-16,ICF Version 1.0 25MAY2016 | New Enrollee,,1,2018-02-16,2017-10-16,Version 1.0 | 24MAY2016,2.0,
4,4,6242,38,sc,2018-03-07,2018-03-07,ICF Version 1.0 25MAY2016 | New Enrollee,,1,2018-03-06,2017-09-19,Version 1.0 | 24MAY2016,094_ADNI3_New Subject ICF_CLEAN_16Aug2017,
4,4,6243,4,sc,2018-02-22,2018-02-22,ICF Version 1.0 25MAY2016 | New Enrollee,,1,2018-02-21,2017-10-26,Version 1.0 | 24MAY2016,C,
4,4,6244,49,sc,2018-02-22,2018-02-22,ICF Version 1.0 25MAY2016 | New Enrollee,,1,2018-02-21,2018-01-04,Version 1.0 | 24MAY2016,3,
4,4,6245,49,sc,2018-02-22,2018-02-22,ICF Version 1.0 25MAY2016 | New Enrollee,,1,2018-02-21,2018-01-04,Version 1.0 | 24MAY2016,3,
4,4,6249,41,sc,2018-03-02,2018-03-02,ICF Version 1.0 25MAY2016 | New Enrollee,note Coord Ctr template v 2.0 not an option above,1,2018-03-01,2017-10-10,Version 1.0 | 24MAY2016,Local ICF v1.4 [08-SEP-2017],
4,4,6252,4,sc,2018-02-28,2018-02-28,ICF Version 1.0 25MAY2016 | New Enrollee,,1,2018-02-28,2017-10-26,Version 1.0 | 24MAY2016,c,
4,4,6253,55,sc,2018-03-01,2018-03-01,ICF Version 1.0 25MAY2016 | New Enrollee,,1,2018-03-01,2017-10-16,Version 1.0 | 24MAY2016,2.0,
4,4,6256,2,sc,2018-03-06,2018-03-06,ICF Version 1.0 25MAY2016 | New Enrollee,,1,2018-03-05,2018-02-20,Version 1.0 | 24MAY2016,02/20/2018,
4,4,6262,59,sc,2018-03-05,2018-03-05,ICF Version 1.0 25MAY2016 | New Enrollee,,1,2018-02-28,2017-12-14,Version 1.0 | 24MAY2016,9.28.2017,
4,4,6263,62,sc,2018-03-07,2018-03-07,ICF Version 1.0 25MAY2016 | New Enrollee,,1,2018-03-07,2017-09-21,Version 1.0 | 24MAY2016,2017-08-28,
