1,4,2,8,m144,2017-10-26,2017-10-26,,No,57,Female,1,3,No,,Adult child,1,
1,4,21,8,m144,2017-12-06,2017-12-06,,No,71,Female,5,7,No,,Friend/Companion,1,
1,4,59,33,m144,2018-02-21,2018-02-21,,No,83,Female,50,10,Yes,,Other relative,1,
1,4,69,41,m144,2018-01-24,2018-01-24,,No,83,Female,5,1,No,,Other relative,1,
1,4,72,45,m144,2017-10-24,2017-10-24,,No,68,Female,30,0,Yes,,Friend/Companion,2,
1,4,74,20,m132,2017-01-24,2017-01-24,,No,86,Female,11,4,Yes,,Spouse,1,
1,4,96,17,m132,2017-03-06,2017-03-06,,No,84,Female,20,1,Yes,,Spouse,1,
1,4,106,45,m132,2017-10-19,2017-10-19,,No,57,Male,4,1,No,,Adult child,1,
1,4,112,47,m132,2018-01-25,2018-01-25,,No,70,Female,123,1,Yes,,Spouse,1,
1,4,120,20,m132,2017-04-03,2017-04-03,,No,72,Female,70,7,Yes,,Spouse,1,
1,4,127,58,m132,2017-08-24,2017-08-24,,No,78,Female,150,0,Yes,,Spouse,1,
1,4,150,27,m132,2017-09-13,2017-09-13,,No,55,Male,0,15,No,,Adult child,1,
1,4,156,25,m144,2017-10-26,2017-10-26,,No,72,Female,160,0,Yes,,Spouse,1,
1,4,159,16,m132,2017-06-05,2017-06-05,,No,89,Male,168,0,Yes,,Spouse,1,
1,4,178,16,m132,2017-05-26,2017-05-26,,No,72,Female,168,0,Yes,,Spouse,1,
1,4,210,58,m144,2017-11-24,2017-11-24,,No,84,Male,168,0,Yes,,Spouse,1,
1,4,259,47,m132,2017-12-20,2017-12-20,,No,74,Female,160,0,Yes,,Spouse,1,
1,4,298,45,m132,2017-10-09,2017-10-19,,No,85,Female,160,0,Yes,,Spouse,1,
1,4,303,27,m132,2017-04-14,2017-04-14,,No,65,Female,4,,No,,Adult child,1,
1,4,337,16,m132,2017-06-22,2017-06-22,,No,87,Female,168,0,Yes,,Spouse,1,
1,4,377,27,m132,2017-03-16,2017-03-16,,No,86,Male,6,4,No,,Friend/Companion,1,
1,4,384,51,m132,2017-11-30,2017-11-30,Study partner who signed consent died in November 2017 Clinical Monitor Jennifer Young stated to continue with the visit. Note CDR was completed with caregiver on 9/12/29017,No,81,Female,70,98,Yes,,Spouse,1,
1,4,413,1,m132,2017-06-16,2017-06-16,,No,65,Female,3,1,No,,Adult child,1,
1,4,416,43,m132,2017-06-28,2017-06-28,,No,89,Male,154,14,Yes,,Spouse,1,
1,4,454,27,m132,2017-09-25,2017-09-25,,No,62,Female,25,7,No,,Adult child,1,
1,4,467,27,m132,2017-09-20,2017-09-20,,No,52,Female,5,5,No,,Other relative,1,
1,4,473,58,m132,2017-10-25,2017-10-25,,No,80,Female,154,0,Yes,,Spouse,1,
1,4,498,4,m132,2017-10-25,2017-10-25,,No,80,Female,168,0,Yes,,Spouse,1,
1,4,555,25,m132,2018-02-16,2018-02-16,,No,76,Female,150,0,Yes,,Spouse,1,
1,4,602,3,m132,2017-11-16,2017-11-16,,No,81,Female,160,0,Yes,,Spouse,1,
1,4,610,3,m132,2017-09-12,2017-09-12,,No,61,Male,40,0,No,,Adult child,1,
1,4,626,16,m132,2017-05-25,2017-05-25,,Yes,,Female,168,168,Yes,,Spouse,1,
1,4,677,23,m132,2017-07-18,2017-07-18,,No,,Female,158,0,Yes,,Spouse,1,
1,4,679,28,m132,2017-06-19,2017-06-19,,No,73,Female,12,0,Yes,,Spouse,1,
1,4,684,47,m132,2017-11-02,2017-11-02,Study partner spends 30 minutes each night with participant totaling 3.5 hours.,No,52,Female,1,3,No,,Adult child,2,
1,4,698,5,m132,2017-10-02,2017-10-02,,No,83,Female,168,0,Yes,,Spouse,1,
1,4,731,4,m132,2017-09-17,2017-09-17,,No,75,Female,35,1,Yes,,Spouse,1,
1,4,734,24,m132,2017-10-17,2017-10-17,,No,83,Female,154,0,Yes,,Spouse,1,
1,4,751,6,m132,2017-07-17,2017-07-17,,No,77,Female,120,2,Yes,,Spouse,1,
1,4,767,55,m132,2017-05-04,2017-06-23,,No,80,Female,6,5,No,,Friend/Companion,1,
1,4,802,58,m132,2017-06-30,2017-06-30,,No,68,Female,10,4,No,,Adult child,1,
1,4,908,2,m132,2018-02-14,2018-02-14,,No,82,Male,15,10,Yes,,Spouse,1,
1,4,969,50,m132,2017-06-06,2017-06-06,,No,67,Female,48,0,Yes,,Spouse,1,
1,4,981,2,m132,2017-10-12,2017-10-12,,No,86,Female,20,5,No,,Friend/Companion,1,
1,4,1016,24,m132,2017-12-21,2017-12-21,,No,51,Female,35,0,Yes,,Adult child,1,
1,4,1052,55,m120,2017-04-06,2017-04-06,"The time spent talking on phone is a challenge for myself as I have a medical problem with voice. inability to speak. Other people have to all or answer the phone for me.",No,56,Female,3,2,No,,Other relative,1,
1,4,1078,27,m120,2017-03-01,2017-03-01,,No,76,Female,168,0,Yes,,Spouse,1,
1,4,1098,24,m132,2017-12-21,2017-12-21,,No,82,Male,151,0,Yes,,Spouse,1,
1,4,1122,2,m120,2017-05-19,2017-05-19,,No,58,Female,15,15,No,,Adult child,1,
1,4,1155,1,m120,2017-04-21,2017-04-21,,No,64,Female,148,0,Yes,,Spouse,1,
1,4,1169,23,m132,2017-12-19,2017-12-19,,No,40,Female,0,1,No,,Adult child,1,
1,4,1190,18,m132,2017-11-13,2017-11-13,lives with participant and spends all day, every day with her,No,56,Male,168,,Yes,,Adult child,2,
1,4,1222,5,m132,2018-01-12,2018-01-12,,No,87,Female,4,0,No,,Friend/Companion,1,
1,4,1261,1,m120,2017-03-10,2017-03-10,,No,71,Male,0,10,No,,Friend/Companion,1,
1,4,1280,1,m120,2017-03-03,2017-03-03,,No,83,Male,168,0,Yes,,Spouse,1,
1,4,1286,41,m132,2018-02-13,2018-02-13,,No,,Male,4,4,No,,Friend/Companion,1,
1,4,1300,45,m120,2017-06-26,2017-06-26,,No,54,Male,12,1,No,,Adult child,2,
1,4,1378,55,m120,2017-05-03,2017-05-03,,No,,Female,,,,,Adult child,1,
1,4,1418,28,m120,2017-07-24,2017-07-24,,Yes,,Female,112,0,Yes,,Spouse,1,
2,4,2061,25,m84,2017-09-15,2017-09-15,known 2 years as of November.,No,32,Male,50,1,Yes,Husband's caregiver,Other (specify),-2,
2,4,2068,18,m84,2017-10-20,2017-10-20,,No,89,Female,168,0,Yes,,Spouse,1,
2,4,2119,23,m84,2017-06-13,2017-06-13,They pretty much always together except when he works part time at a funeral home.,No,77,Female,140,0,Yes,,Spouse,1,
2,4,2121,37,m84,2018-02-15,2018-02-15,Talk daily on phone. Get together on day off.,No,79,Female,6,4,No,,Friend/Companion,1,
2,4,2133,13,m84,2018-01-31,2018-01-31,"I'm usually with her 24/7"  He seems quite nervous of leaving her alone. Says that she gets anxious.,No,,Male,168,0,Yes,,Spouse,1,
2,4,2146,47,m84,2017-10-11,2017-10-11,,No,72,Female,126,0,Yes,,Spouse,1,
2,4,2155,13,m84,2017-09-14,2017-09-14,,No,,Male,3,3,No,,Adult child,1,
2,4,2180,13,m84,2017-10-13,2017-10-13,They have breakfast together every morning. They work together at the church. They talk on the phone every night.,No,,Female,100,2,No,,Friend/Companion,1,
2,4,2183,20,m72,2017-01-18,2017-01-18,,No,86,Female,100,50,Yes,,Spouse,1,
2,4,2184,58,m84,2017-10-20,2017-10-20,,No,66,Female,0,7,No,,Adult child,1,
2,4,2185,11,m84,2017-09-02,2017-09-02,,No,44,Female,84,1,Yes,,Adult child,1,
2,4,2187,58,m84,2017-07-20,2017-07-20,,No,38,Male,168,0,Yes,,Spouse,1,
2,4,2196,33,m84,2017-10-02,2017-10-02,,No,77,Male,40,4,Yes,,Spouse,1,
2,4,2201,38,m84,2017-10-05,2017-10-05,,No,70,Male,20,0,Yes,,Spouse,1,
2,4,2219,20,m72,2017-01-24,2017-01-24,,No,50,Male,20,10,No,,Adult child,1,
2,4,2238,38,m84,2018-01-17,2018-01-17,140 hrs- most times except about 5 hrs/day on average,
7 hrs- includes phone calls/text,No,73,Female,140,7,Yes,,Spouse,1,
2,4,2239,19,m72,2017-03-30,2017-10-09,,No,52,Female,5,2,No,,Adult child,3,
2,4,2245,20,m72,2017-02-02,2017-02-02,,No,,Female,8,2,No,,Friend/Companion,2,
2,4,2263,17,m72,2017-04-05,2017-04-05,,No,72,Female,160,0,Yes,,Spouse,1,
2,4,2301,33,m72,2017-08-21,2017-08-21,,No,59,Female,40,6,Yes,,Spouse,1,
2,4,2304,33,m72,2018-01-24,2018-01-24,,No,64,Female,50,1,Yes,,Spouse,1,
2,4,2308,11,m72,2017-08-14,2018-01-23,,No,79,Female,10,2,No,,Friend/Companion,1,
2,4,2315,58,m72,2017-09-22,2017-09-22,,No,76,Male,70,0,Yes,,Spouse,1,
2,4,2332,49,m72,2017-05-12,2017-05-12,,No,77,Male,148,0,Yes,,Spouse,1,
2,4,2333,55,m84,2017-12-20,2017-12-20,,No,62,Female,36,7,Yes,,Spouse,1,
2,4,2373,50,m72,2017-06-29,2017-06-29,,No,89,Male,158,0,Yes,,Spouse,1,
2,4,2374,2,m72,2017-11-09,2017-12-13,study partner has direct contact with others who intersects with participant  and gains information on this manner,No,87,Female,3,0,No,,Friend/Companion,1,
2,4,2379,17,m72,2017-05-08,2017-05-08,,No,66,Female,100,0,Yes,,Spouse,1,
2,4,2392,43,m72,2017-07-28,2017-07-28,,No,77,Male,148,20,Yes,,Spouse,1,
2,4,2394,5,m72,2017-08-21,2017-08-21,,No,72,Female,112,0,Yes,,Spouse,1,
2,4,2403,50,m72,2017-06-22,2017-06-22,,No,85,Male,70,0,Yes,,Spouse,1,
3,4,4003,39,m84,2017-12-01,2017-12-01,,No,79,Male,110,0,Yes,,Spouse,1,
3,4,4004,28,m72,2018-02-02,2018-02-02,,No,53,Female,5,2,No,,Adult child,1,
3,4,4028,27,m72,2017-11-09,2017-11-09,,No,68,Female,5,5,No,,Other relative,1,
3,4,4030,27,m72,2017-09-20,2017-09-20,,No,76,Male,168,0,Yes,,Spouse,1,
3,4,4036,59,m72,2018-01-08,2018-01-08,,No,79,Female,98,4,Yes,,Spouse,1,
3,4,4037,28,m72,2017-08-01,2017-08-01,,No,77,Female,120,0,Yes,,Spouse,1,
3,4,4041,28,m72,2018-02-02,2018-02-02,,No,59,Female,1,1,No,,Adult child,1,
3,4,4043,44,m84,2018-02-23,2018-02-23,,No,87,Female,63,21,Yes,,Spouse,1,
3,4,4051,28,m72,2017-06-08,2017-06-08,,No,70,Female,168,1,Yes,,Spouse,1,
3,4,4060,28,m72,2018-02-13,2018-02-13,,No,58,Male,1,2,No,,Adult child,1,
3,4,4061,58,m72,2017-09-28,2017-09-28,,No,72,Female,2,2,No,,Friend/Companion,1,
3,4,4067,58,m72,2017-07-28,2017-07-28,,No,71,Female,168,0,Yes,,Spouse,1,
3,4,4071,27,m72,2017-03-28,2017-04-18,,No,55,Male,112,,Yes,,Child-in-law,1,
3,4,4072,33,m72,2017-09-25,2017-09-25,,No,25,Male,2,2,No,,Adult child,1,
3,4,4076,40,m72,2017-10-04,2017-10-04,,No,58,Female,20,15,No,,Adult child,1,
3,4,4084,19,m72,2017-08-07,2017-08-07,,No,81,Female,5,5,No,,Other relative,6,
3,4,4086,40,m72,2017-11-14,2017-11-14,,No,72,Female,12,158,No,,Friend/Companion,1,
3,4,4094,9,m72,2017-09-28,2017-09-28,,No,68,Male,84,0,Yes,,Spouse,1,
3,4,4100,59,m72,2017-10-26,2017-10-26,,No,57,Female,9,1,No,,Other relative,1,
3,4,4105,8,m72,2017-10-30,2017-10-30,,No,69,Female,5,5,No,,Friend/Companion,1,
3,4,4114,25,m72,2017-10-23,2017-10-23,,No,62,Male,148,0,Yes,,Spouse,1,
3,4,4115,18,m72,2018-01-19,2018-01-19,they spend 24/7 together,No,70,Female,168,0,Yes,,Spouse,1,
3,4,4119,2,m72,2017-11-03,2017-11-03,,No,87,Female,154,1,Yes,,Spouse,1,
3,4,4138,28,m72,2017-11-06,2017-11-06,,No,70,Female,1,2,No,,Adult child,1,
3,4,4143,28,m72,2017-07-11,2017-07-11,,No,78,Male,168,12,Yes,,Spouse,1,
3,4,4146,27,m72,2017-05-05,2017-05-05,,No,,Female,168,0,Yes,,Spouse,1,
3,4,4148,47,m72,2017-10-06,2017-10-06,,No,71,Female,40,35,No,Girlfriend,Other (specify),3,
3,4,4150,4,m72,2017-10-20,2017-10-20,,No,78,Female,50,1,No,,Friend/Companion,1,
3,4,4160,55,m72,2017-06-20,2017-06-20,,No,80,Female,160,160,Yes,,Spouse,1,
3,4,4164,18,m72,2017-12-19,2017-12-19,,No,70,Female,168,0,Yes,,Spouse,1,
3,4,4168,3,m72,2017-09-15,2017-09-15,,No,86,Female,150,0,Yes,,Spouse,1,
3,4,4169,19,m72,2017-08-21,2017-08-21,,No,47,Female,10,7,No,,Adult child,7,
3,4,4170,45,m72,2017-10-10,2017-10-10,,No,44,Female,4,2,No,,Adult child,1,
3,4,4176,24,m72,2018-01-11,2018-01-11,SP spent extended time in person with subject at Thanksgiving but lives in Wisconsin. Subject's wife is in hospital and unavailable.,No,57,Female,,5,No,,Adult child,1,
3,4,4177,24,m72,2018-01-29,2018-01-29,,No,85,Female,168,0,Yes,,Spouse,1,
3,4,4179,24,m72,2018-02-05,2018-02-05,,No,84,Female,168,,Yes,,Spouse,1,
3,4,4184,33,m72,2018-01-24,2018-01-24,,No,70,Male,58,0,Yes,,Spouse,1,
3,4,4185,3,m72,2017-09-22,2017-09-22,,No,86,Female,160,0,Yes,,Spouse,1,
3,4,4187,59,m72,2017-06-06,2017-06-06,,No,63,Female,56,1,Yes,,Spouse,1,
3,4,4188,9,m72,2017-09-29,2017-09-29,,No,,Female,24,0,Yes,,Spouse,1,
3,4,4200,28,m72,2017-10-23,2017-10-23,,No,71,Female,1,10,No,,Other relative,1,
3,4,4210,47,m72,2017-11-10,2017-11-10,,No,70,Female,133,2,Yes,,Spouse,1,
3,4,4213,1,m72,2017-08-16,2017-08-16,,No,63,Female,5,3,No,,Adult child,1,
3,4,4214,27,m60,2017-02-13,2017-02-13,,No,77,Female,168,0,Yes,,Spouse,1,
3,4,4229,1,m72,2017-09-22,2017-09-22,,No,71,Female,140,0,Yes,,Spouse,1,
3,4,4234,38,m72,2018-01-25,2018-01-25,,No,75,Female,45,5,Yes,,Spouse,1,
3,4,4254,16,m60,2017-04-11,2017-04-11,,No,62,Male,168,168,Yes,,Adult child,1,
3,4,4271,28,m72,2017-10-09,2017-10-09,,No,70,Female,28,1,Yes,,Spouse,1,
3,4,4272,5,m72,2018-01-18,2018-01-18,,No,73,Female,168,,Yes,,Spouse,1,
3,4,4276,16,m60,2017-04-14,2017-04-14,,No,77,Male,168,0,Yes,,Spouse,1,
3,4,4277,23,m72,2017-08-01,2017-08-01,,No,51,Female,3,2,No,,Other relative,1,
3,4,4278,8,m72,2017-12-05,2017-12-05,,No,78,Female,150,18,Yes,,Spouse,1,
3,4,4281,52,m72,2017-10-27,2017-10-27,,No,68,Female,140,0,Yes,,Friend/Companion,1,
3,4,4288,2,m72,2018-03-06,2018-03-06,,No,52,Female,20,5,Yes,,Adult child,1,
3,4,4292,59,m72,2017-08-10,2017-08-10,,No,64,Female,70,1,Yes,,Spouse,1,
3,4,4293,14,m72,2017-06-06,2017-06-06,,No,77,Female,168,0,Yes,,Spouse,1,
3,4,4294,50,m72,2017-11-10,2017-11-10,,No,48,Male,40,10,No,,Adult child,1,
3,4,4299,54,m72,2017-11-06,2017-11-06,,No,53,Male,35,1,No,,Adult child,1,
3,4,4301,47,m72,2017-12-19,2017-12-19,,No,77,Female,153,0,Yes,,Spouse,1,
3,4,4302,27,m60,2017-02-20,2017-02-20,,No,78,Female,168,0,Yes,,Spouse,1,
3,4,4308,27,m60,2017-08-18,2017-08-18,,No,77,Female,168,0,Yes,,Spouse,1,
3,4,4313,13,m72,2017-10-24,2017-10-24,,No,,Female,4,2,No,,Adult child,1,
3,4,4324,6,m72,2017-07-11,2017-07-11,,No,71,Male,168,0,Yes,,Spouse,1,
3,4,4332,58,m72,2017-07-06,2017-07-06,,No,75,Female,168,0,Yes,Girlfriend,Other (specify),1,
3,4,4335,16,m72,2017-06-05,2017-06-05,,Yes,,Male,168,0,Yes,,Spouse,1,
3,4,4340,58,m72,2017-07-25,2017-07-25,,No,32,Female,24,1,Yes,,Other relative,1,
3,4,4343,50,m60,2017-04-26,2017-04-26,,No,59,Female,1,1,No,,Adult child,1,
3,4,4351,54,m72,2017-11-17,2017-11-17,,No,71,Male,147,0,Yes,,Spouse,1,
3,4,4352,50,m72,2017-08-09,2017-08-09,,No,,Female,10,10,No,,Friend/Companion,1,
3,4,4354,2,m60,2017-07-28,2017-07-28,,No,68,Female,20,15,Yes,,Friend/Companion,1,
3,4,4356,52,m72,2017-09-18,2017-09-18,,No,74,Female,150,0,Yes,,Spouse,1,
3,4,4357,4,m72,2018-01-25,2018-01-25,,No,79,Male,70,0,Yes,,Spouse,1,
3,4,4365,59,m72,2017-08-28,2017-08-28,,No,78,Female,84,0,Yes,,Spouse,1,
3,4,4367,14,m60,2017-05-11,2017-05-11,,No,72,Male,143,0,Yes,,Spouse,1,
3,4,4369,49,m72,2017-06-13,2017-06-13,,No,71,Female,138,0,Yes,,Spouse,1,
3,4,4387,5,m72,2017-10-31,2017-10-31,,No,57,Male,98,0,Yes,,Spouse,1,
3,4,4388,6,m72,2017-07-20,2017-07-20,,No,64,Female,120,1,Yes,,Spouse,1,
3,4,4389,26,m72,2017-11-16,2017-11-16,,No,60,Female,5,5,No,,Adult child,1,
3,4,4396,49,m72,2017-12-12,2017-12-12,,No,62,Male,28,0,Yes,,Adult child,1,
3,4,4399,13,m72,2017-07-14,2017-07-14,study partner know the participant very well, has busy family life of her own,No,58,Female,4,2,No,,Adult child,1,
3,4,4400,13,m72,2017-08-23,2017-08-23,,No,,Female,100,0,Yes,,Spouse,1,
3,4,4401,11,m72,2017-09-01,2017-09-01,,No,71,Female,10,1,No,,Friend/Companion,1,
3,4,4404,43,m72,2017-08-28,2017-08-28,,No,55,Female,12,10,No,,Adult child,1,
3,4,4405,50,m60,2017-07-18,2017-07-18,,No,75,Female,168,1,Yes,,Spouse,1,
3,4,4410,27,m60,2017-03-01,2017-03-01,,No,,Male,50,,No,,Adult child,1,
3,4,4414,25,m60,2017-10-06,2017-10-06,,No,66,Male,158,0,Yes,,Spouse,1,
3,4,4415,50,m72,2017-09-26,2017-09-26,,No,56,Female,20,2,No,,Adult child,1,
3,4,4417,50,m60,2017-08-08,2017-08-08,,No,79,Female,118,1,Yes,,Spouse,1,
3,4,4419,16,m60,2017-05-26,2017-05-26,,No,41,Female,168,0,Yes,,Adult child,1,
3,4,4422,49,m60,2017-03-22,2017-03-22,,No,76,Male,150,0,Yes,,Spouse,1,
3,4,4424,58,m72,2017-08-07,2017-08-07,,No,72,Male,168,0,Yes,,Spouse,1,
3,4,4427,28,m72,2017-11-06,2017-11-06,,No,36,Female,1,1,No,,Adult child,1,
3,4,4428,37,m72,2018-01-12,2018-01-12,They see each other on the weekends mostly but often during the week for short amounts of time too.,No,71,Female,48,1,No,,Friend/Companion,1,
3,4,4429,23,m72,2017-12-12,2017-12-12,,No,53,Female,1,1,No,,Adult child,1,
3,4,4430,26,m72,2017-11-15,2017-11-15,,No,72,Female,84,0,Yes,,Spouse,1,
3,4,4431,58,m72,2017-10-02,2017-10-02,,No,75,Female,150,,Yes,,Spouse,1,
3,4,4441,2,m60,2017-04-11,2017-04-11,,No,71,Male,15,15,Yes,,Spouse,1,
3,4,4446,52,m60,2017-06-13,2017-06-13,,No,73,Male,160,0,Yes,,Spouse,1,
3,4,4448,18,m72,2017-12-05,2017-12-07,,No,80,Male,105,0,Yes,significant other/life partner,Other (specify),1,
3,4,4453,44,m72,2018-01-24,2018-01-24,,No,66,Male,10,1,No,,Friend/Companion,1,
3,4,4464,25,m72,2018-01-04,2018-01-04,,No,82,Female,14,0,Yes,,Spouse,1,
3,4,4466,54,m72,2017-12-15,2017-12-15,,No,84,Female,160,1,Yes,,Spouse,1,
3,4,4469,41,m72,2017-10-23,2017-10-23,,No,71,Female,84,0,Yes,,Spouse,1,
3,4,4482,54,m72,2017-10-19,2017-10-19,,No,84,Male,150,0,Yes,,Spouse,1,
3,4,4485,4,m60,2017-09-15,2017-09-15,,No,77,Female,35,2,Yes,,Spouse,1,
3,4,4488,5,m72,2017-09-19,2017-09-19,caregiver for wife,No,,Female,168,0,Yes,,Spouse,1,
3,4,4489,52,m60,2017-06-05,2017-06-05,,No,66,Female,150,0,Yes,,Friend/Companion,1,
3,4,4502,18,m72,2017-11-13,2017-11-13,Paid caregiver L.A. sees participant daily and provides primary study partner (spouse) with information,No,66,Male,,8,No,,Spouse,1,
3,4,4510,28,m72,2017-11-03,2017-11-03,,No,69,Female,23,1,No,,Other relative,1,
3,4,4513,28,m72,2018-02-19,2018-02-19,,No,66,Female,50,1,,,Spouse,1,
3,4,4520,54,m72,2017-11-21,2017-11-21,,No,70,Female,130,0,Yes,,Spouse,1,
3,4,4536,54,m72,2017-11-21,2017-11-21,,No,58,Male,4,1,No,,Adult child,1,
3,4,4538,26,m60,2017-11-02,2017-11-02,study partner sees participant approximately every 2 weeks for about 1-2 weeks at a time and 70 hours/week during these in person visits,No,57,Female,70,15,No,,Adult child,1,
3,4,4547,8,m60,2017-08-16,2017-10-02,,No,79,Female,168,,Yes,,Spouse,1,
3,4,4548,14,m60,2017-06-27,2017-06-27,,No,55,Female,84,3,Yes,,Spouse,1,
3,4,4556,41,m60,2017-11-08,2017-11-08,see each other 1-3 times per month for 2-3hrs/visit . Average 1 hr/wk. Communicate via phone and email weekly.,No,,Female,1,1,No,,Other relative,1,
3,4,4576,11,m60,2017-08-15,2018-01-22,,No,53,Male,10,2,No,,Adult child,1,
3,4,4580,10,m72,2018-01-25,2018-01-25,,No,78,Female,0,10,No,,Other relative,1,
3,4,4587,54,m72,2017-12-14,2017-12-14,text 2 - 3 times per day,No,47,Female,20,0,No,,Adult child,1,
3,4,4598,52,m60,2017-07-31,2017-07-31,,No,40,Female,120,0,Yes,,Adult child,1,
3,4,4604,47,m60,2017-12-18,2017-12-18,,No,69,Female,140,1,Yes,,Spouse,1,
3,4,4620,5,m72,2017-12-12,2017-12-12,,No,84,Female,7,0,No,,Friend/Companion,1,
3,4,4637,5,m60,2017-10-17,2017-10-17,,No,77,Male,91,0,Yes,,Spouse,1,
3,4,4643,9,m60,2017-09-25,2017-09-25,,No,70,Male,42,2,Yes,,Spouse,1,
3,4,4644,2,m60,2018-03-02,2018-03-02,,No,42,Female,10,10,No,,Adult child,1,
3,4,4649,38,m72,2017-12-29,2017-12-29,last question in regards to how many hours spent interacting should be 30mins but edc does not allow that so I've been an entry as "1",No,77,Male,6,1,No,,Friend/Companion,1,
3,4,4654,1,m60,2017-05-02,2017-05-02,,No,84,Male,164,0,Yes,,Spouse,1,
3,4,4659,16,m60,2017-06-18,2017-06-18,,No,46,Female,10,5,No,,Adult child,1,
3,4,4674,19,m60,2017-06-27,2017-06-27,,No,85,Female,168,0,Yes,,Spouse,5,
3,4,4706,27,m60,2017-10-19,2017-10-19,,No,63,Female,168,,Yes,,Spouse,1,
3,4,4713,4,m60,2017-11-03,2017-11-03,,No,70,Female,40,0,Yes,,Spouse,1,
3,4,4715,26,m60,2017-10-12,2017-10-12,,No,62,Male,84,0,Yes,,Spouse,1,
3,4,4722,52,m60,2017-06-22,2017-06-22,,No,74,Female,10,2,No,,Other relative,1,
3,4,4723,52,m60,2017-06-23,2017-06-23,,No,73,Female,10,1,No,,Other relative,1,
3,4,4744,16,m60,2017-08-03,2017-08-03,,No,77,Male,168,0,Yes,,Spouse,1,
3,4,4765,47,m60,2017-06-30,2017-06-30,,No,77,Female,165,0,Yes,,Spouse,1,
3,4,4767,33,m60,2017-06-19,2017-06-19,,No,50,Female,10,2,No,,Friend/Companion,1,
3,4,4782,33,m60,2017-09-25,2017-09-25,,No,75,Female,40,2,Yes,,Spouse,1,
3,4,4785,25,m48,2017-11-16,2017-11-16,,No,73,Male,156,0,Yes,,Spouse,1,
3,4,4799,1,m60,2017-05-26,2017-05-26,,No,72,Female,143,0,Yes,,Spouse,1,
3,4,4804,20,m48,2017-01-03,2017-01-03,,No,50,Female,26,7,No,,Adult child,1,
3,4,4817,50,m60,2017-04-19,2017-04-19,,No,65,Female,60,1,Yes,,Spouse,1,
3,4,4827,8,m60,2017-08-24,2017-08-24,,No,73,Female,150,10,Yes,,Spouse,1,
3,4,4835,14,m60,2017-07-17,2017-07-17,,No,59,Female,12,8,No,,Adult child,1,
3,4,4845,8,m60,2017-10-10,2017-10-10,,No,76,Male,168,0,Yes,,Spouse,1,
3,4,4868,13,m60,2017-08-04,2017-08-04,spends most waking hours with participant, except at times when she is reading in another room.,No,78,Female,70,70,Yes,,Spouse,2,
3,4,4869,20,m48,2017-01-24,2017-01-24,,No,79,Female,56,2,Yes,,Spouse,1,
3,4,4873,20,m48,2017-01-06,2017-01-06,,No,86,Female,100,0,Yes,,Spouse,1,
3,4,4874,28,m60,2017-09-18,2017-09-18,,No,77,Male,6,4,Yes,,Spouse,1,
3,4,4876,28,m60,2017-09-15,2017-09-15,,No,65,Female,20,4,Yes,,Spouse,1,
3,4,4883,50,m60,2017-11-08,2017-11-08,,No,49,Female,72,1,No,,Adult child,1,
3,4,4889,13,m60,2017-12-08,2017-12-08,,No,,Female,135,1,No,,Friend/Companion,1,
3,4,4893,8,m60,2017-11-01,2017-11-01,,No,75,Male,165,3,Yes,,Spouse,1,
3,4,4900,2,m60,2017-11-03,2017-11-03,,No,67,Male,60,2,Yes,,Spouse,1,
3,4,4919,20,m48,2016-12-06,2016-12-06,,No,80,Male,100,1,Yes,,Spouse,1,
3,4,4926,20,m48,2017-02-21,2017-02-21,,No,61,Female,50,2,Yes,,Spouse,1,
3,4,4928,47,m60,2018-02-15,2018-02-15,,No,77,Female,14,1,No,Partner,Other (specify),1,
3,4,4951,12,m48,2017-02-21,2017-02-21,,No,73,Female,8,8,No,,Other relative,2,
3,4,4952,12,m48,2017-02-21,2017-02-21,,No,76,Female,8,8,No,,Other relative,1,
3,4,4974,28,m60,2017-10-13,2017-10-13,,No,75,Female,42,2,Yes,,Spouse,1,
3,4,5004,17,m48,2017-03-24,2017-03-24,,No,66,Female,140,10,Yes,,Spouse,1,
3,4,5047,43,m60,2017-10-04,2017-10-04,,No,77,Male,138,30,Yes,,Spouse,1,
3,4,5078,28,m48,2017-09-15,2017-09-15,,No,71,Female,3,1,No,,Friend/Companion,1,
3,4,5079,20,m48,2017-04-28,2017-04-28,,No,76,Female,42,0,Yes,,Spouse,1,
3,4,5083,20,m48,2017-02-23,2017-02-23,,No,71,Female,56,0,Yes,,Spouse,1,
3,4,5091,41,m60,2018-01-30,2018-01-30,,No,73,Female,148,0,Yes,,Spouse,1,
3,4,5093,20,m48,2017-03-27,2017-03-27,,No,75,Male,80,0,Yes,,Spouse,1,
3,4,5100,28,m48,2017-07-11,2017-07-11,,No,60,Female,50,2,Yes,,Spouse,1,
3,4,5109,20,m48,2017-04-06,2017-04-06,,No,79,Female,100,68,Yes,,Spouse,1,
3,4,5113,52,m48,2017-07-08,2017-07-08,,No,66,Female,100,0,Yes,,Spouse,1,
3,4,5118,20,m48,2017-07-26,2017-07-26,,No,66,Male,40,2,Yes,,Spouse,1,
3,4,5124,59,m60,2018-02-08,2018-02-08,,No,81,Male,168,0,Yes,,Spouse,1,
3,4,5126,27,m48,2017-05-22,2017-05-22,,No,71,Female,14,1,No,,Friend/Companion,1,
3,4,5130,2,m60,2017-12-08,2017-12-08,,No,39,Male,30,15,Yes,,Adult child,1,
3,4,5132,47,m48,2017-10-19,2017-10-19,,No,,Female,0.5,0.5,No,,Adult child,1,
3,4,5140,15,m48,2017-11-22,2017-11-22,,Yes,,Male,56,28,Yes,,Spouse,1,
3,4,5141,28,m48,2017-06-30,2017-06-30,,No,50,Female,5,7,No,,Other relative,1,
3,4,5158,21,m48,2018-02-10,2018-02-10,,No,54,Female,140,0,Yes,,Adult child,1,
3,4,5169,20,m48,2017-05-30,2017-05-30,,No,29,Female,15,5,No,,Adult child,1,
3,4,5170,20,m48,2017-07-12,2017-07-12,,No,78,Female,70,35,Yes,,Spouse,1,
3,4,5175,50,m48,2017-06-06,2017-06-06,,No,87,Female,1,0,No,,Friend/Companion,1,
3,4,5176,6,m48,2017-09-29,2017-09-29,,No,75,Male,158,0,Yes,,Spouse,1,
3,4,5177,16,m48,2017-06-27,2017-06-27,,No,70,Male,168,0,Yes,,Spouse,1,
3,4,5178,1,m48,2017-06-05,2017-06-05,,No,66,Female,108,0,Yes,,Spouse,1,
3,4,5185,47,m48,2017-08-16,2017-08-16,,No,75,Male,150,1,Yes,,Spouse,1,
3,4,5193,59,m48,2017-06-12,2017-06-12,Study partner #2 from ADNI2
Addition put on main house of study partner, subject lives in attached apartment,No,50,Female,12,4,No,,Child-in-law,2,
3,4,5194,16,m48,2017-08-03,2017-08-03,,No,71,Female,8,10,No,,Friend/Companion,1,
3,4,5197,20,m48,2017-06-14,2017-06-14,,No,82,Male,100,50,Yes,,Spouse,1,
3,4,5198,24,m48,2017-12-01,2017-12-01,,No,70,Male,91,0,Yes,,Spouse,1,
3,4,5200,47,m48,2017-11-03,2017-11-03,,No,85,Male,120,0,Yes,,Spouse,1,
3,4,5203,15,m48,2017-10-18,2017-10-18,,No,67,Male,120,1,Yes,significant other,Other (specify),1,
3,4,5222,27,m48,2017-05-15,2017-05-15,,No,72,Female,14,1,No,,Friend/Companion,1,
3,4,5228,47,m48,2017-12-08,2017-12-08,,No,82,Male,148,0,Yes,,Spouse,1,
3,4,5230,1,m48,2017-08-08,2017-08-08,,No,86,Female,3,1,No,,Friend/Companion,1,
3,4,5234,43,m48,2017-09-15,2017-09-15,,No,84,Male,158,10,Yes,,Spouse,1,
3,4,5236,16,m48,2017-08-15,2017-08-15,,No,82,Female,168,0,Yes,,Spouse,1,
3,4,5237,16,m48,2017-08-21,2017-08-21,,No,84,Female,168,0,Yes,,Spouse,1,
3,4,5253,28,m48,2017-09-25,2017-09-25,,No,67,Female,50,2,Yes,,Spouse,1,
3,4,5258,50,m48,2017-11-08,2017-11-08,,No,57,Female,3,1,No,,Child-in-law,1,
3,4,5259,24,m48,2017-12-20,2017-12-20,,No,81,Female,2,5,No,,Friend/Companion,1,
3,4,5265,5,m48,2017-09-22,2017-09-22,,No,62,Female,1,2,No,,Friend/Companion,1,
3,4,5266,47,m48,2017-10-19,2017-10-19,,No,65,Female,133,0,Yes,,Spouse,1,
3,4,5277,20,m48,2017-08-16,2017-08-16,,No,40,Female,3,4,No,,Adult child,1,
3,4,5288,20,m48,2017-09-22,2017-09-22,,No,55,Female,4,1,No,,Friend/Companion,1,
3,4,5289,23,m36,2017-05-12,2017-05-12,,No,70,Male,100,1,Yes,,Spouse,1,
3,4,5290,19,m48,2017-09-11,2017-09-11,,No,64,Male,168,0,Yes,significant other,Other (specify),9,
4,4,6001,20,sc,2016-12-28,2016-12-28,,No,37,Female,70,0,Yes,,Adult child,1,
4,4,6002,20,sc,2017-01-25,2017-01-25,,No,68,Female,140,125,Yes,,Spouse,1,
4,4,6004,19,sc,2017-02-14,2017-02-14,,No,67,Female,10,5,Yes,,Other relative,1,
4,4,6005,19,sc,2017-02-22,2017-02-22,,No,81,Female,10,5,Yes,,Other relative,2,
4,4,6006,1,sc,2017-03-17,2017-03-17,,No,74,Female,164,0,Yes,,Spouse,1,
4,4,6007,1,sc,2017-03-23,2017-03-23,,No,76,Male,140,0,Yes,,Spouse,1,
4,4,6008,55,sc,2017-03-24,2017-06-05,,No,68,Male,28,0,Yes,,Spouse,1,
4,4,6009,1,sc,2017-04-06,2017-04-06,,No,69,Female,160,0,Yes,,Spouse,1,
4,4,6010,49,sc,2017-04-04,2017-04-04,,No,,Male,145,1,Yes,,Spouse,1,
4,4,6011,1,sc,2017-04-26,2017-04-26,,No,73,Male,162,0,Yes,,Spouse,1,
4,4,6012,1,sc,2017-05-04,2017-05-04,,No,77,Female,138,0,Yes,,Spouse,1,
4,4,6013,17,sc,2017-04-14,2017-04-14,,No,57,Female,45,1,Yes,life partner, to be married 06/24,Other (specify),1,
4,4,6014,2,sc,2018-02-16,2018-02-16,,No,66,Female,15,10,Yes,,Spouse,1,
4,4,6015,55,sc,2017-05-04,2017-05-04,,No,63,Female,40,5,Yes,,Spouse,1,
4,4,6016,40,sc,2017-05-09,2017-05-09,,No,77,Male,100,68,Yes,,Spouse,1,
4,4,6017,59,sc,2017-05-04,2017-05-04,,No,77,Female,126,0,Yes,,Spouse,1,
4,4,6019,50,sc,2017-05-17,2017-05-17,,No,82,Female,144,0,Yes,,Spouse,1,
4,4,6021,1,sc,2017-05-24,2017-05-24,,No,64,Female,138,0,Yes,,Spouse,1,
4,4,6023,50,sc,2017-05-19,2017-05-19,,No,71,Female,146,0,Yes,,Spouse,1,
4,4,6024,47,sc,2017-11-09,2017-11-09,,No,64,Male,153,1,Yes,,Spouse,1,
4,4,6025,40,sc,2017-05-23,2017-05-23,,No,81,Male,163,5,Yes,,Spouse,1,
4,4,6026,50,sc,2017-05-23,2017-05-23,,No,,Female,5,1,No,,Friend/Companion,1,
4,4,6027,50,sc,2017-05-24,2017-05-24,,No,78,Male,84,2,Yes,,Spouse,1,
4,4,6028,50,sc,2017-05-24,2017-05-24,,No,75,Female,77,1,Yes,,Spouse,1,
4,4,6029,27,sc,2017-06-14,2017-06-14,,No,57,Male,168,0,Yes,,Spouse,1,
4,4,6030,1,sc,2017-06-09,2017-06-09,,No,68,Male,128,0,Yes,,Spouse,1,
4,4,6031,27,sc,2017-06-23,2017-06-23,,No,78,Male,168,0,Yes,,Spouse,1,
4,4,6032,27,sc,2017-06-09,2017-06-09,,No,22,Male,10,5,Yes,,Adult child,1,
4,4,6032,27,bl,2017-08-23,2017-08-23,This is a change of caregiver as patient now feels caregiver 1 is out of country too often.,No,24,Female,0,12,No,,Adult child,2,
4,4,6033,19,sc,2017-06-16,2017-06-16,,No,72,Male,110,0,Yes,,Spouse,4,
4,4,6034,20,sc,2017-06-05,2017-06-05,,No,66,Male,56,4,Yes,,Spouse,1,
4,4,6035,50,sc,2017-09-28,2017-10-11,,No,84,Male,14,7,No,,Friend/Companion,1,
4,4,6036,2,sc,2017-06-13,2017-06-13,,No,57,Female,120,10,Yes,,Friend/Companion,1,
4,4,6037,50,sc,2017-06-12,2017-06-12,,No,70,Female,77,1,Yes,,Spouse,1,
4,4,6038,40,sc,2017-06-15,2017-06-15,,No,72,Female,160,8,Yes,,Spouse,1,
4,4,6039,43,sc,2017-06-14,2017-06-14,,No,84,Female,106,55,Yes,,Other relative,1,
4,4,6040,1,sc,2017-07-07,2017-07-07,,No,56,Male,10,1,No,,Adult child,1,
4,4,6041,55,sc,2017-06-20,2017-06-20,,No,61,Female,40,5,No,,Friend/Companion,1,
4,4,6042,55,sc,2017-06-30,2017-06-30,,No,64,Male,168,,Yes,,Spouse,1,
4,4,6043,50,sc,2017-08-09,2017-08-09,,No,75,Female,77,1,Yes,,Spouse,1,
4,4,6044,59,sc,2017-06-26,2017-06-26,,No,79,Female,8,2,No,,Friend/Companion,1,
4,4,6045,33,sc,2017-06-27,2017-06-27,,No,47,Female,10,6,No,,Adult child,1,
4,4,6046,27,sc,2017-07-10,2017-07-10,,No,60,Female,84,4,No,,Friend/Companion,1,
4,4,6047,50,sc,2017-07-24,2017-07-24,,No,70,Male,168,0,Yes,,Spouse,1,
4,4,6048,55,sc,2017-08-01,2017-08-01,,No,81,Female,145,168,Yes,,Spouse,1,
4,4,6049,58,sc,2017-06-30,2017-06-30,,No,73,Male,140,0,Yes,,Spouse,1,
4,4,6050,33,sc,2017-09-27,2017-09-27,,No,73,Male,56,2,Yes,,Friend/Companion,1,
4,4,6051,58,sc,2017-07-10,2017-07-10,,No,65,Male,10,2,Yes,,Spouse,1,
4,4,6052,59,sc,2017-07-13,2017-07-13,study partner confirmed they will spend more time together,No,62,Female,3,2,No,,Adult child,1,
4,4,6053,1,sc,2017-07-21,2017-07-21,,No,,Female,80,1,Yes,,Spouse,1,
4,4,6054,59,sc,2017-07-19,2017-07-19,,No,51,Female,3,2,No,,Adult child,1,
4,4,6055,23,sc,2017-07-24,2017-07-24,,No,70,Female,148,0,Yes,,Spouse,1,
4,4,6056,61,sc,2017-07-26,2017-07-26,,No,66,Female,128,3,Yes,,Spouse,1,
4,4,6057,43,sc,2017-08-04,2017-08-04,,No,33,Female,20,20,No,,Adult child,1,
4,4,6058,59,sc,2017-07-31,2017-09-21,,No,44,Female,5,5,No,,Adult child,1,
4,4,6059,58,sc,2017-07-31,2017-07-31,,No,67,Male,98,0,Yes,,Spouse,1,
4,4,6060,54,sc,2017-08-02,2017-08-02,,No,,Male,168,168,Yes,,Spouse,-1,
4,4,6061,55,sc,2017-08-08,2017-08-08,,No,75,Female,12,12,No,,Other relative,1,
4,4,6062,58,sc,2017-08-14,2017-08-14,,No,67,Male,138,1,Yes,,Spouse,1,
4,4,6063,43,sc,2017-08-18,2017-08-18,It is unclear whether Study Partner is developmentally delayed but there may be some cognitive issues with her.,No,58,Female,10,10,No,,Other relative,1,
4,4,6064,58,sc,2017-08-11,2017-08-11,,No,50,Female,120,5,Yes,,Spouse,1,
4,4,6065,58,sc,2017-08-24,2017-08-24,,No,42,Female,5,15,No,,Adult child,1,
4,4,6066,1,sc,2017-08-22,2017-08-22,,No,67,Male,20,2,No,,Friend/Companion,1,
4,4,6067,2,sc,2017-09-29,2017-09-29,I rent a room from Dorothy. We have been friends since college (over 40 years).,No,,Female,150,2,Yes,,Friend/Companion,1,
4,4,6068,59,sc,2017-08-18,2017-08-18,,No,71,Female,112,0,Yes,,Spouse,1,
4,4,6069,17,sc,2017-08-18,2017-08-18,,No,75,Male,120,0,Yes,,Spouse,1,
4,4,6070,1,sc,2017-08-22,2017-08-22,,No,37,Female,0,10,No,,Adult child,1,
4,4,6072,50,sc,2017-08-22,2017-08-22,,No,64,Female,12,8,No,,Adult child,1,
4,4,6073,9,sc,2017-09-18,2017-09-18,,No,73,Female,140,7,Yes,,Spouse,1,
4,4,6074,44,sc,2017-10-20,2017-10-20,,No,66,Female,35,1,Yes,,Spouse,1,
4,4,6075,55,sc,2017-09-19,2017-09-19,,No,67,Female,125,10,Yes,,Spouse,1,
4,4,6076,11,sc,2017-09-18,2017-09-18,,No,62,Male,105,6,Yes,,Spouse,1,
4,4,6077,40,sc,2017-10-11,2017-10-11,,No,62,Male,80,60,Yes,,Spouse,1,
4,4,6078,33,sc,2017-09-29,2017-09-29,,No,55,Female,10,2,No,,Friend/Companion,1,
4,4,6079,49,sc,2017-09-20,2017-09-20,,No,74,Male,135,0,Yes,,Spouse,1,
4,4,6080,59,sc,2017-09-28,2017-09-28,,No,77,Male,70,0,Yes,,Spouse,1,
4,4,6081,20,sc,2017-09-26,2017-09-26,,No,56,Female,108,1,Yes,,Spouse,1,
4,4,6082,49,sc,2017-09-27,2017-09-27,,No,68,Male,158,0,Yes,,Spouse,1,
4,4,6083,27,sc,2017-10-06,2017-10-06,,No,69,Female,168,0,Yes,,Spouse,1,
4,4,6084,3,sc,2017-09-28,2017-09-28,,No,70,Female,150,0,Yes,,Friend/Companion,1,
4,4,6085,58,sc,2017-10-02,2017-10-02,,No,62,Male,50,1,Yes,,Friend/Companion,1,
4,4,6086,58,sc,2017-10-04,2017-11-03,,No,64,Female,0,1,No,,Friend/Companion,1,
4,4,6087,11,sc,2017-10-09,2017-10-09,,No,62,Female,10,25,No,,Friend/Companion,1,
4,4,6088,26,sc,2017-10-11,2017-10-11,,No,72,Male,42,120,Yes,,Spouse,1,
4,4,6089,49,sc,2017-10-11,2017-10-11,,No,67,Male,160,2,Yes,,Spouse,1,
4,4,6090,49,sc,2017-10-11,2017-10-11,,No,65,Female,160,2,Yes,,Spouse,1,
4,4,6091,2,sc,2017-10-19,2017-10-19,,No,67,Female,75,2,Yes,,Spouse,1,
4,4,6092,2,sc,2017-12-13,2017-12-13,,No,40,Male,25,10,No,,Adult child,1,
4,4,6093,3,sc,2017-10-26,2017-10-26,,No,55,Male,155,1,Yes,,Spouse,1,
4,4,6094,59,sc,2017-10-13,2017-10-13,,No,75,Male,40,6,Yes,,Spouse,1,
4,4,6095,14,sc,2017-10-17,2017-10-17,,No,57,Female,120,0,Yes,,Spouse,1,
4,4,6096,38,sc,2017-10-25,2017-10-25,,No,78,Female,140,1,Yes,,Spouse,1,
4,4,6097,40,sc,2017-11-07,2017-11-07,,No,73,Female,70,68,Yes,,Spouse,1,
4,4,6098,58,sc,2017-10-18,2017-10-18,,No,60,Female,84,1,Yes,,Spouse,1,
4,4,6099,26,sc,2017-10-23,2017-10-23,,No,78,Female,84,0,Yes,,Spouse,1,
4,4,6100,44,sc,2017-10-20,2017-10-20,,No,56,Female,25,0,Yes,,Child-in-law,1,
4,4,6101,49,sc,2017-10-19,2017-10-19,,No,51,Female,45,0,No,,Adult child,1,
4,4,6102,14,sc,2017-10-19,2017-10-19,,No,61,Male,120,2,Yes,,Spouse,1,
4,4,6103,1,sc,2017-10-25,2017-10-25,,No,75,Male,147,0,Yes,,Spouse,1,
4,4,6104,52,sc,2017-10-26,2017-10-26,,No,59,Female,140,0,Yes,,Spouse,1,
4,4,6105,50,sc,2017-10-23,2017-10-23,,No,81,Male,145,0,Yes,,Spouse,1,
4,4,6106,54,sc,2017-11-06,2017-11-06,,No,67,Female,10,4,No,,Other relative,1,
4,4,6107,58,sc,2017-10-30,2017-10-30,,No,71,Male,118,1,Yes,,Spouse,1,
4,4,6108,58,sc,2017-11-03,2017-11-03,,No,65,Female,118,1,Yes,,Spouse,1,
4,4,6109,11,sc,2017-11-02,2017-11-02,,No,64,Female,110,58,Yes,,Spouse,1,
4,4,6110,52,sc,2017-10-31,2017-10-31,,No,46,Female,15,0,No,,Adult child,1,
4,4,6111,50,sc,2017-11-06,2017-11-06,,No,74,Male,15,0,Yes,,Spouse,1,
4,4,6112,17,sc,2017-11-01,2017-11-01,live together,No,65,Male,150,1,Yes,,Spouse,1,
4,4,6113,43,sc,2017-10-30,2017-10-30,,No,69,Female,118,46,Yes,,Spouse,1,
4,4,6114,50,sc,2017-11-06,2017-11-06,they live together,No,71,Male,168,0,Yes,,Spouse,1,
4,4,6115,27,sc,2017-11-23,2017-11-23,,No,70,Female,15,2,No,,Other relative,1,
4,4,6115,27,sc,2017-12-05,2017-12-05,updated caregiver as ATRI said 6125 couldn't be caregiver since 6125 diagnosed as mci.,No,73,Female,10,2,No,,Friend/Companion,2,
4,4,6116,55,sc,2017-11-03,2017-11-03,,No,65,Male,120,25,Yes,,Spouse,1,
4,4,6117,33,sc,2017-12-05,2017-12-05,,No,62,Male,8,2,No,,Friend/Companion,1,
4,4,6118,45,sc,2017-11-06,2017-11-06,,No,76,Male,63,0,Yes,,Spouse,1,
4,4,6119,44,sc,2017-11-06,2017-11-06,,No,66,Male,70,0,Yes,,Spouse,1,
4,4,6120,5,sc,2017-11-14,2017-11-14,,No,66,Female,84,0,Yes,,Spouse,1,
4,4,6121,58,sc,2017-11-08,2017-11-08,,No,72,Male,84,4,Yes,,Spouse,1,
4,4,6122,38,sc,2017-11-17,2017-11-17,,No,67,Female,95,1,Yes,partner,Other (specify),1,
4,4,6123,49,sc,2017-11-14,2017-11-14,,No,78,Female,,,Yes,,Spouse,1,
4,4,6124,49,sc,2017-11-14,2017-11-14,,No,80,Male,168,0,Yes,,Spouse,1,
4,4,6125,27,sc,2017-11-23,2017-11-23,,No,70,Female,15,2,No,,Other relative,1,
4,4,6126,17,sc,2017-11-27,2017-11-27,,No,72,Male,126,0,Yes,,Spouse,1,
4,4,6127,51,sc,2017-12-04,2017-12-04,,No,60,Female,60,14,Yes,,Spouse,,
4,4,6128,58,sc,2017-11-28,2017-11-28,,No,68,Male,128,0,Yes,,Spouse,1,
4,4,6129,44,sc,2017-11-30,2017-11-30,,No,60,Male,20,0,Yes,,Spouse,1,
4,4,6130,8,sc,2017-11-20,2017-11-20,,No,75,Female,8,2,No,,Friend/Companion,1,
4,4,6131,58,sc,2017-12-01,2017-12-01,,No,69,Female,6,10,No,,Other relative,1,
4,4,6132,58,sc,2017-12-01,2017-12-01,,No,63,Male,160,0,Yes,,Spouse,1,
4,4,6133,44,sc,2017-11-28,2017-11-28,,No,71,Male,150,1,Yes,,Spouse,1,
4,4,6134,26,sc,2017-12-05,2017-12-05,,No,62,Male,50,7,Yes,,Spouse,1,
4,4,6135,54,sc,2017-11-28,2017-11-28,,No,35,Female,10,5,No,,Adult child,1,
4,4,6136,28,sc,2017-12-04,2017-12-19,,No,64,Female,11,1,No,,Friend/Companion,1,
4,4,6137,50,sc,2017-12-05,2017-12-05,,No,57,Female,10,1,No,,Adult child,1,
4,4,6139,1,sc,2017-12-06,2017-12-06,,No,58,Female,8,2,No,,Other relative,1,
4,4,6140,15,sc,2017-11-29,2017-11-29,,No,23,Male,20,1,Yes,,Adult child,1,
4,4,6141,27,sc,2018-01-02,2018-01-02,,No,68,Male,168,0,Yes,,Friend/Companion,1,
4,4,6142,58,sc,2017-12-05,2017-12-05,,No,86,Male,168,0,Yes,,Spouse,1,
4,4,6143,51,sc,2017-12-07,2018-01-02,,No,72,Female,160,8,Yes,,Spouse,1,
4,4,6144,27,sc,2017-12-07,2017-12-07,,No,62,Male,168,0,Yes,,Spouse,1,
4,4,6145,11,sc,2017-12-19,2017-12-19,,No,71,Male,155,0,Yes,,Spouse,1,
4,4,6146,49,sc,2017-12-08,2017-12-08,,No,65,Male,165,0,Yes,,Spouse,1,
4,4,6147,47,sc,2018-02-12,2018-02-12,,No,,Female,166,0,Yes,,Spouse,1,
4,4,6148,11,sc,2018-01-08,2018-01-08,,No,77,Male,100,10,Yes,,Spouse,1,
4,4,6149,6,sc,2017-12-11,2017-12-11,,No,64,Female,8,2,No,,Friend/Companion,1,
4,4,6150,55,sc,2018-01-10,2018-01-10,,No,58,Male,140,0,Yes,,Spouse,1,
4,4,6151,58,sc,2017-12-15,2017-12-15,,No,69,Female,10,2,No,,Spouse,1,
4,4,6152,38,sc,2017-12-22,2017-12-22,,No,71,Female,5,1,No,,Friend/Companion,1,
4,4,6153,51,sc,2018-02-15,2018-02-15,,No,74,Male,155,13,Yes,,Spouse,1,
4,4,6154,51,sc,2018-02-15,2018-02-15,,No,73,Female,153,15,Yes,,Spouse,1,
4,4,6155,39,sc,2017-12-13,2017-12-13,,No,63,Male,126,7,Yes,,Spouse,1,
4,4,6156,25,sc,2017-12-14,2017-12-14,,No,76,Female,150,1,Yes,,Spouse,1,
4,4,6157,62,sc,2018-01-27,2018-01-27,,No,43,Male,25,4,No,,Adult child,1,
4,4,6158,2,sc,2018-02-09,2018-02-09,,No,41,Male,20,5,No,,Adult child,1,
4,4,6159,28,sc,2017-12-19,2017-12-19,,No,41,Male,10,1,No,,Adult child,1,
4,4,6160,25,sc,2017-12-22,2017-12-22,,No,49,Female,100,0,Yes,,Spouse,1,
4,4,6161,50,sc,2018-01-09,2018-01-09,,No,66,Male,40,0,Yes,,Spouse,1,
4,4,6162,38,sc,2018-01-12,2018-01-12,,No,65,Male,140,1,Yes,,Spouse,1,
4,4,6163,6,sc,2018-01-31,2018-01-31,,No,63,Female,138,1,Yes,,Spouse,1,
4,4,6164,41,sc,2018-01-09,2018-01-09,,No,74,Male,155,0,Yes,,Spouse,1,
4,4,6165,41,sc,2018-02-13,2018-02-13,,No,44,Female,12,3,No,,Friend/Companion,1,
4,4,6166,5,sc,2018-01-08,2018-01-08,,No,64,Male,168,0,Yes,,Spouse,1,
4,4,6167,47,sc,2018-02-01,2018-02-01,,No,66,Female,133,0,Yes,,Spouse,1,
4,4,6168,47,sc,2018-02-08,2018-02-08,,No,,Female,10,1,No,,Friend/Companion,1,
4,4,6170,51,sc,2018-02-15,2018-02-15,,No,60,Male,100,68,Yes,,Spouse,1,
4,4,6171,55,sc,2018-01-11,2018-01-11,,No,78,Male,132,10,Yes,,Spouse,1,
4,4,6172,55,sc,2018-01-12,2018-01-12,,No,65,Male,5,1,No,,Friend/Companion,1,
4,4,6173,47,sc,2018-01-24,2018-01-24,,No,,Male,,70,Yes,,Spouse,1,
4,4,6174,51,sc,2018-03-01,2018-03-01,,No,,Male,40,,Yes,,Spouse,1,
4,4,6175,40,sc,2018-03-02,2018-03-02,,No,69,Male,112,56,Yes,,Spouse,1,
4,4,6176,55,sc,2018-01-15,2018-01-15,,No,51,Male,140,0,Yes,,Spouse,1,
4,4,6177,55,sc,2018-01-16,2018-01-16,,No,65,Female,120,0,Yes,,Spouse,1,
4,4,6178,55,sc,2018-01-16,2018-01-16,,No,62,Male,120,0,Yes,,Spouse,1,
4,4,6179,26,sc,2018-01-16,2018-01-16,,No,71,Female,50,0,Yes,,Spouse,1,
4,4,6180,58,sc,2018-01-19,2018-01-19,,No,78,Female,148,0,Yes,,Spouse,1,
4,4,6181,55,sc,2018-01-17,2018-01-17,,No,56,Male,120,0,Yes,,Spouse,1,
4,4,6183,20,sc,2018-02-01,2018-02-01,,No,64,Female,147,7,Yes,,Spouse,1,
4,4,6184,19,sc,2018-01-19,2018-02-15,,No,66,Male,168,0,Yes,,Spouse,1,
4,4,6185,15,sc,2018-01-29,2018-01-29,please see attached email with source docs; patient spends 2 weeks at a time in NYC with daughter-in-law for 4x minimum per year,No,50,Female,,0,No,,Child-in-law,1,
4,4,6186,14,sc,2018-01-22,2018-01-22,,No,80,Female,28,2,No,,Friend/Companion,1,
4,4,6188,62,sc,2018-02-28,2018-02-28,,No,65,Male,100,10,Yes,,Spouse,1,
4,4,6189,26,sc,2018-01-29,2018-01-29,,No,34,Female,10,5,No,,Adult child,1,
4,4,6190,38,sc,2018-03-07,2018-03-07,,Yes,,Female,60,8,Yes,,Spouse,1,
4,4,6191,34,sc,2018-01-23,2018-01-23,,No,,Male,112,3,Yes,,Spouse,6191,
4,4,6192,28,sc,2018-01-29,2018-01-29,,No,64,Female,10,1,No,,Friend/Companion,1,
4,4,6194,58,sc,2018-01-30,2018-01-30,,No,82,Male,168,0,Yes,,Spouse,1,
4,4,6195,25,sc,2018-01-26,2018-02-21,,No,76,Male,148,0,Yes,,Spouse,1,
4,4,6196,4,sc,2018-01-26,2018-01-26,,No,69,Male,168,0,Yes,,Spouse,1,
4,4,6197,37,sc,2018-02-15,2018-02-15,,No,71,Male,80,0,Yes,,Spouse,1,
4,4,6198,55,sc,2018-01-29,2018-01-29,,No,64,Male,100,0,Yes,,Spouse,1,
4,4,6199,11,sc,2018-02-05,2018-02-05,,No,70,Female,100,40,Yes,,Spouse,1,
4,4,6200,25,sc,2018-01-31,2018-01-31,,No,72,Female,148,0,Yes,,Spouse,1,
4,4,6201,49,sc,2018-02-07,2018-02-07,,No,78,Female,,,,,Spouse,1,
4,4,6202,19,sc,2018-02-02,2018-02-02,,No,76,Male,150,0,Yes,,Spouse,1,
4,4,6205,5,sc,2018-02-06,2018-02-06,,No,65,Female,168,0,Yes,,Spouse,1,
4,4,6207,13,sc,2018-02-07,2018-02-07,,No,,Male,65,1,Yes,,Spouse,1,
4,4,6208,45,sc,2018-02-06,2018-02-06,,No,62,Male,50,1,Yes,,Spouse,1,
4,4,6209,4,sc,2018-02-07,2018-02-08,verbatim response: 0.5 hours spent together other than in person. JZ 08FEB2018,No,71,Female,162,0,Yes,,Spouse,1,
4,4,6210,11,sc,2018-02-15,2018-02-15,,No,30,Female,12,3,No,,Adult child,1,
4,4,6211,23,sc,2018-02-08,2018-02-08,,No,77,Female,168,0,Yes,,Spouse,1,
4,4,6212,6,sc,2018-02-14,2018-02-14,,No,71,Male,145,0,Yes,,Spouse,1,
4,4,6213,42,sc,2018-02-22,2018-02-23,,No,74,Male,160,8,Yes,,Spouse,1,
4,4,6214,42,sc,2018-02-23,2018-02-23,,No,67,Male,150,18,Yes,,Spouse,-1,
4,4,6215,42,sc,2018-02-26,2018-02-26,he spends some time with friends playing Golf.,No,73,Male,130,38,Yes,,Spouse,1,
4,4,6224,61,sc,2018-02-12,2018-02-12,,No,81,Male,160,0,Yes,,Spouse,1,
4,4,6225,55,sc,2018-02-12,2018-02-12,,No,77,Male,140,0,Yes,,Spouse,1,
4,4,6226,28,sc,2018-02-16,2018-02-16,,No,29,Female,4,15,Yes,,Adult child,1,
4,4,6227,15,sc,2018-02-12,2018-02-12,,No,59,Female,10,5,No,,Other relative,1,
4,4,6228,49,sc,2018-02-16,2018-02-16,,No,82,Male,150,0,Yes,,Spouse,1,
4,4,6229,34,sc,2018-02-13,2018-02-13,,No,76,Female,112,7,Yes,,Spouse,1,
4,4,6231,26,sc,2018-02-21,2018-02-21,,No,67,Male,75,5,Yes,,Spouse,1,
4,4,6233,58,sc,2018-02-14,2018-02-14,,No,78,Male,158,0,Yes,,Spouse,1,
4,4,6234,4,sc,2018-02-14,2018-02-14,,No,75,Male,50,1,Yes,,Spouse,1,
4,4,6235,55,sc,2018-02-15,2018-02-15,source documents state 131.5 for last two questions, EDC will not let site enter decimal.,No,63,Male,131,131,Yes,,Spouse,1,
4,4,6236,34,sc,2018-02-15,2018-02-15,,No,76,Female,77,7,Yes,,Spouse,1,
4,4,6237,57,sc,2018-02-23,2018-02-23,,No,,Male,25,6,Yes,,Spouse,1,
4,4,6239,41,sc,2018-02-21,2018-02-21,,No,69,Male,128,0,Yes,,Spouse,1,
4,4,6240,55,sc,2018-02-16,2018-02-16,,No,67,Female,100,28,Yes,,Spouse,1,
4,4,6242,38,sc,2018-03-07,2018-03-07,,No,61,Male,14,30,Yes,,Spouse,1,
4,4,6243,4,sc,2018-02-22,2018-02-22,,No,61,Female,75,1,Yes,,Spouse,1,
4,4,6244,49,sc,2018-02-22,2018-02-22,,No,67,Male,20,2,No,,Friend/Companion,1,
4,4,6245,49,sc,2018-02-22,2018-02-22,,No,66,Male,3,1,No,,Friend/Companion,1,
4,4,6249,41,sc,2018-03-02,2018-03-02,,No,69,Female,4,2,No,,Friend/Companion,1,
4,4,6252,4,sc,2018-02-28,2018-02-28,,No,77,Male,35,7,Yes,,Spouse,1,
4,4,6253,55,sc,2018-03-01,2018-03-01,,No,40,Female,21,120,Yes,,Adult child,1,
4,4,6256,2,sc,2018-03-06,2018-03-06,,No,70,Female,12,10,No,,Other relative,1,
4,4,6257,2,sc,2018-03-08,2018-03-08,,No,58,Female,120,10,Yes,,Friend/Companion,1,
4,4,6262,59,sc,2018-03-05,2018-03-05,,No,65,Female,5,5,No,,Friend/Companion,1,
4,4,6263,62,sc,2018-03-07,2018-03-07,,No,,Female,50,10,Yes,,Spouse,1,
