1,4,907,2,m132,2018-03-02,2018-03-02,,,,,,,,,,,,2018-03-02,we attempted to bring back the subject but due to his medical conditions getting worse she canceled several appointments, unfortunately subject passed away,,,Death,,No,,Enrolled - Early discontinuation of study visits,,
2,4,2061,25,m84,2017-09-15,2017-10-18,,,,,,,,,,,I talked to the subject. She appeared anxious. She has a history of depression and anxiety and is on antidepressant. I explained to her that symptoms are generally transient and will improve. We will be in contact with the subject and will follow-up on he,2017-09-14,Subject thad an amyloid PET scan on 9/13/17. The next day she reported worsening of pain at knees, legs, increased anxiety, fatigue, and GI symptoms since the injection of tracer. She had history of peripheral neuropathy and felt that radioactivity of tra,,1,Adverse event,,No,,Enrolled - Early discontinuation of study visits,,
2,4,2121,37,m84,2018-03-06,2018-03-06,,,,,,,,,,,,2018-02-07,,,,,,,,Enrolled - Completed ADNI3 study visits,,
2,4,2200,42,init,2018-02-15,2018-02-15,,,,No,,,,No,Yes,Subject died suddenly.,,2018-02-12,Subject Death. Subject passed last week Thursday Feb 08, 2018 at Holy Cross Hospital Maryland. According to the initial report subject may have suffered stroke.,,,,,,,Never enrolled,,
3,4,4473,1,m60,2017-10-30,2017-10-30,,,,,,,,,,,,2017-10-17,Study coordinator was communicating with participant to complete CBB Online Testing and participant decided they no longer wanted to participate in the trial. Decided it was too demanding and too far for them to travel.,,,Participant unwilling or unable to participate,,No,,Enrolled - Early discontinuation of study visits,,
3,4,4974,28,m60,2017-11-10,2017-11-10,,,,,,,,,,,Subject will discontinue in ADNI3 as now he is participating in RCT MK-019 and receives either 12mg verubecestate, 40mg verubecestate or placebo. Subject completed all ADNI3 assessments.,2017-10-12,,,,,,,,Enrolled - Completed ADNI3 study visits,,
4,4,6004,19,sc,2017-03-02,2017-03-02,,3. Contraindications for MRI.,Yes,No,,,Not Assessed,No,No,,,2017-03-02,Subject with spinal instrumentation that was not able to be cleared for 3T MRI.,,,,,,,Never enrolled,Original protocol inclusion/exclusion criteria (e.g. Protocol Version 1.0 | 24 MAY 2016),
4,4,6006,1,sc,2017-09-28,2017-09-28,,9.  Clinically significant abnormalities in B12 or TFTs that might interfere with the study.,Yes,No,,,No,No,No,,,2017-03-16,Abnormal thyroid levels in screening labs,,,,,,,Never enrolled,Original protocol inclusion/exclusion criteria (e.g. Protocol Version 1.0 | 24 MAY 2016),
4,4,6010,49,sc,2017-04-20,2017-11-15,,12. Current use of exclusionary medications.,Yes,No,,,Not Assessed,No,No,,Due to coordinator error, paper source document worksheet was not completed when eCRF was completed.,2017-04-03,Participant takes an exclusionary dose of a conditional medication (more than two doses per week of cough syrup with hydrocodone ),,,,,,,Never enrolled,Original protocol inclusion/exclusion criteria (e.g. Protocol Version 1.0 | 24 MAY 2016),
4,4,6011,1,sc,2017-09-28,2017-09-28,,9.  Clinically significant abnormalities in B12 or TFTs that might interfere with the study.,Yes,No,,,No,No,No,,,2017-04-25,Abnormal thyroid level in screening labs.,,,,,,,Never enrolled,Original protocol inclusion/exclusion criteria (e.g. Protocol Version 1.0 | 24 MAY 2016),
4,4,6012,1,sc,2017-09-28,2017-09-28,,,No,Yes,2. Logical Memory II Delayed [CN] ≥9 for 16+ yrs of education,  ≥5 for 8-15 yrs, ≥3 for 0-7 yrs;   
[MCI] < 11 for 16+ yrs of education, ≤ 9 for 8-15 yrs, ≤ 6 for 0-7 yrs;  [AD] ≤ 8 for 16+ yrs of education,  ≤ 4 for 8-15 yrs, ≤ 2 for 0-7 yrs.,,No,No,No,,,2017-04-27,Scored CDR of 0 and logical memory score below 9 which made him not fit into the CN cohort at his education level,,,,,,,Never enrolled,Original protocol inclusion/exclusion criteria (e.g. Protocol Version 1.0 | 24 MAY 2016),
4,4,6017,59,bl,2017-07-20,2017-07-20,,,,,,,,,,,,2017-06-21,Subject had spontaneous brain hemorrhage on 18Jun17 and passed away on 21Jun17.  See AEs.,,,Death,,No,,Enrolled - Early discontinuation of study visits,,
4,4,6018,40,sc,2017-05-16,2017-05-16,,,No,Yes,3. MMSE [CN & MCI] 24-30;  [AD] 20-24.,,No,No,No,,,2017-05-15,subject was a screen failure due to MMSE 14,,,,,,,Never enrolled,Original protocol inclusion/exclusion criteria (e.g. Protocol Version 1.0 | 24 MAY 2016),
4,4,6020,50,sc,2018-03-02,2018-03-02,,,Not Assessed,Yes,2. Logical Memory II Delayed [CN] ≥9 for 16+ yrs of education,  ≥5 for 8-15 yrs, ≥3 for 0-7 yrs;   
[MCI] < 11 for 16+ yrs of education, ≤ 9 for 8-15 yrs, ≤ 6 for 0-7 yrs;  [AD] ≤ 8 for 16+ yrs of education,  ≤ 4 for 8-15 yrs, ≤ 2 for 0-7 yrs.,,Not Assessed,No,No,,,2017-05-17,Participant failed inclusion due to logical memory scores.,,,,,,,Never enrolled,Original protocol inclusion/exclusion criteria (e.g. Protocol Version 1.0 | 24 MAY 2016),
4,4,6021,1,sc,2017-09-28,2017-09-28,,,No,Yes,2. Logical Memory II Delayed [CN] ≥9 for 16+ yrs of education,  ≥5 for 8-15 yrs, ≥3 for 0-7 yrs;   
[MCI] < 11 for 16+ yrs of education, ≤ 9 for 8-15 yrs, ≤ 6 for 0-7 yrs;  [AD] ≤ 8 for 16+ yrs of education,  ≤ 4 for 8-15 yrs, ≤ 2 for 0-7 yrs.,,No,No,No,,,2017-05-23,Scored CDR of 0 and logical memory score below 9 which made him not fit into the CN cohort at his education level,,,,,,,Never enrolled,Original protocol inclusion/exclusion criteria (e.g. Protocol Version 1.0 | 24 MAY 2016),
4,4,6022,50,sc,2018-03-02,2018-03-02,,3. Contraindications for MRI.,Yes,No,,,Not Assessed,No,No,,,2017-05-19,participant had metal implants in her spine that are contraindicated for MRI,,,,,,,Never enrolled,Original protocol inclusion/exclusion criteria (e.g. Protocol Version 1.0 | 24 MAY 2016),
4,4,6023,50,sc,2018-03-02,2018-03-02,,8.  Any significant systemic illness or unstable medical condition.,Yes,No,,,Not Assessed,No,No,,,2017-05-30,participant had clinically significant laboratory results indicating unstable medication condition. Instructed to follow up with PCP,,,,,,,Never enrolled,Original protocol inclusion/exclusion criteria (e.g. Protocol Version 1.0 | 24 MAY 2016),
4,4,6026,50,sc,2018-03-02,2018-03-02,,,No,Yes,1.  Memory [CN] Participant with or without subjective memory complaints;  [MCI] and [AD] Memory concern expressed by participant, study partner or clinician.,,Not Assessed,No,No,,,2017-05-25,neuropsych testing did not match with CDR,,,,,,,Never enrolled,Original protocol inclusion/exclusion criteria (e.g. Protocol Version 1.0 | 24 MAY 2016),
4,4,6028,50,sc,2018-03-02,2018-03-02,,8.  Any significant systemic illness or unstable medical condition.,Yes,No,,,Not Assessed,No,No,,,2017-05-25,participant had abnormal lab finding that would suggest unstable medical condition,,,,,,,Never enrolled,Original protocol inclusion/exclusion criteria (e.g. Protocol Version 1.0 | 24 MAY 2016),
4,4,6029,27,sc,2017-06-28,2017-06-28,,,No,Yes,8. Age between 55-90 years (inclusive).,,Not Assessed,No,Yes,age was younger than 65 for normal control which is sponsors new limitation.,,2017-06-13,as above,,,,,,,Never enrolled,Original protocol inclusion/exclusion criteria (e.g. Protocol Version 1.0 | 24 MAY 2016),
4,4,6036,2,sc,2018-02-15,2018-02-15,,,No,No,,,No,Yes,No,,subject will be re screened in the future once he has more time to commit to study visits.,2017-12-15,Subject was non compliance,,,,,,,Never enrolled,,
4,4,6040,1,sc,2017-09-28,2017-09-28,,,No,Yes,3. MMSE [CN & MCI] 24-30;  [AD] 20-24.,,No,No,No,,,2017-07-06,MMSE score of 19, too impaired to participate in this trial,,,,,,,Never enrolled,Original protocol inclusion/exclusion criteria (e.g. Protocol Version 1.0 | 24 MAY 2016),
4,4,6042,55,bl,2017-11-08,2017-11-08,,,,,,,,,,,,2017-09-18,Participant became difficult to contact to schedule study visits after screening visit. After finally speaking with participant, she agreed to come in for baseline scans but was extremely limited as far as availability during the week. After attempting to,,,Participant unwilling or unable to participate,,No,,Enrolled - Early discontinuation of study visits,,
4,4,6048,55,sc,2017-11-08,2017-11-08,,2. Screening/Baseline MRI brain scan with evidence of infection, infarction, focal lesions, multiple lacunes or lacunes in a critical memory structure.,Yes,No,,,No,No,No,,,2017-08-25,MRI findings showed evidence of a RT temporal hemispheric infarct. Per medical monitor, site was advised to SF participant.,,,,,,,Never enrolled,Original protocol inclusion/exclusion criteria (e.g. Protocol Version 1.0 | 24 MAY 2016),
4,4,6050,33,sc,2017-08-11,2017-08-11,,,No,Yes,17. Willing to undergo repeated MRIs (3Tesla) and at least two PET scans,,No,No,No,,,2017-07-17,Study staff contacted participant to schedule screening MRI scan and participant informed study staff that she was no longer willing to participate in the study because of the perceived risks of radiation. She was not comfortable with the number of PET sc,,,,,,,Never enrolled,Original protocol inclusion/exclusion criteria (e.g. Protocol Version 1.0 | 24 MAY 2016),
4,4,6070,1,sc,2017-09-28,2017-09-28,,12. Current use of exclusionary medications.,Yes,No,,,No,No,No,,,2017-08-17,Patient taking Ropinerole for RLS.,,,,,,,Never enrolled,Original protocol inclusion/exclusion criteria (e.g. Protocol Version 1.0 | 24 MAY 2016),
4,4,6071,27,sc,2017-09-26,2017-09-26,,,No,Yes,3. MMSE [CN & MCI] 24-30;  [AD] 20-24.,,No,No,No,,,2017-09-18,mmse too low.,,,,,,,Never enrolled,Original protocol inclusion/exclusion criteria (e.g. Protocol Version 1.0 | 24 MAY 2016),
4,4,6074,44,sc,2018-01-24,2018-01-24,,,Not Assessed,Not Assessed,,,Not Assessed,Yes,No,,,2017-09-12,The subject was given the study package prior to his visit. The subject misunderstood that he could have MRI and Tau PET results, when the misunderstanding was clarified, he decided to withdraw from the participation next day 09/12/2017.,,,,,,,Never enrolled,,
4,4,6077,40,sc,2017-11-29,2017-11-29,,,No,No,,,No,No,Yes,Age criteria for CN subjects,,2017-11-29,Never enrolled due to age criteria,,,,,,,Never enrolled,,
4,4,6078,33,sc,2017-10-03,2017-10-03,,12. Current use of exclusionary medications.,Yes,No,,,Not Assessed,No,No,,,2017-10-03,Participant is currently taking ropinirole for RLS and this is listed as a prohibited/cautionary medication.,,,,,,,Never enrolled,Original protocol inclusion/exclusion criteria (e.g. Protocol Version 1.0 | 24 MAY 2016),
4,4,6079,49,sc,2017-11-08,2017-11-15,,,No,Yes,4.  CDR [CN] Global: 0 Memory: 0;  [MCI] Global: 0.5 Memory: 0.5+;  [AD] Global: 0.5-1.0.|5.  [CN] Cognitively normal; [MCI] General cognition and functional performance sufficiently preserved such that a diagnosis of AD cannot be made;  [AD] NINCDS/ADRDA,,Not Assessed,No,No,,Due to coordinator error, paper source document worksheet of the study visits summary was not completed when eCRF was completed, and neither were completed at the time the participant was deemed to have failed screening.,2017-09-19,Since participant scored above a 9 on the logical memory scale delayed recall (pt. has 14 years of education), she would have had to score a 0 on the CDR to enroll as a cognitively normal participant. Since she scored a 0.5 on the CDR, she did not fit int,,,,,,,Never enrolled,Original protocol inclusion/exclusion criteria (e.g. Protocol Version 1.0 | 24 MAY 2016),
4,4,6081,20,sc,2017-09-28,2017-12-28,,,No,Yes,20. Agrees to at least one lumbar puncture for the collection of CSF.,,Not Assessed,No,Yes,unwilling to complete the Lumbar Puncture,,2017-09-25,unwilling to complete the Lumbar Puncture,,,,,,,Never enrolled,Original protocol inclusion/exclusion criteria (e.g. Protocol Version 1.0 | 24 MAY 2016),
4,4,6086,58,sc,2017-11-27,2017-11-27,,,No,Yes,9. Study partner with frequent contact with the participant/able to accompany participant to clinic visits.,,No,No,No,,,2017-11-27,Subject and study partner only have 3 hours of contact per week.,,,,,,,Never enrolled,Original protocol inclusion/exclusion criteria (e.g. Protocol Version 1.0 | 24 MAY 2016),
4,4,6087,11,sc,2018-02-07,2018-02-07,,,,,,,,,,,,2018-02-01,Participant informed site of the need for blood transfusion due to progression of anemia causing medical instability.,,1,Adverse event,,No,,Enrolled - Early discontinuation of study visits,,
4,4,6089,49,sc,2017-11-08,2017-11-15,,12. Current use of exclusionary medications.,Yes,No,,,Not Assessed,No,No,,Due to coordinator error, paper source document worksheet of the study visits summary was not completed when eCRF was completed, and neither were completed at the time the participant was deemed to have failed screening.,2017-10-11,Participant takes excluded medication,,,,,,,Never enrolled,Original protocol inclusion/exclusion criteria (e.g. Protocol Version 1.0 | 24 MAY 2016),
4,4,6090,49,sc,2017-11-08,2017-11-15,,,No,Yes,11. Good general health with no diseases expected to interfere with the study.,,Not Assessed,No,No,,Due to coordinator error, paper source document worksheet of the study visits summary was not completed when eCRF was completed, and neither were completed at the time the participant was deemed to have failed screening.,2017-10-11,Upon review of participant's medical conditions, and in light of his SAE, it was determined by site clinician that the participant was not in "good general health with no diseases expected to interfere with the study".,,,,,,,Never enrolled,Original protocol inclusion/exclusion criteria (e.g. Protocol Version 1.0 | 24 MAY 2016),
4,4,6096,38,sc,2017-10-26,2017-10-26,,,No,Yes,3. MMSE [CN & MCI] 24-30;  [AD] 20-24.,,Not Assessed,No,No,,,2017-10-23,Exclusionary MMSE (16) screen fail,,,,,,,Never enrolled,Original protocol inclusion/exclusion criteria (e.g. Protocol Version 1.0 | 24 MAY 2016),
4,4,6098,58,sc,2017-12-22,2017-12-22,,,No,No,,,No,No,Yes,Subject < 65yo. Though the protocol Inclusion Criterion is 55-90, the Procedures Manual states that currently the sponsor requires all non-minority subjects to be ≥ 65.,,2017-12-15,Age limitation outside of Inclusion-Exclusion Criteria brought to site attention during Monitor Eligibility review.,,,,,,,Never enrolled,,
4,4,6099,26,sc,2018-02-01,2018-02-01,,,,,,,,,,,,2017-11-02,Participant did not want to move forward with having the Lumbar puncture or PET scans,,,Participant unwilling or unable to participate,,No,,Enrolled - Early discontinuation of study visits,,
4,4,6101,49,sc,2017-11-08,2017-11-15,,,No,Yes,4.  CDR [CN] Global: 0 Memory: 0;  [MCI] Global: 0.5 Memory: 0.5+;  [AD] Global: 0.5-1.0.|5.  [CN] Cognitively normal; [MCI] General cognition and functional performance sufficiently preserved such that a diagnosis of AD cannot be made;  [AD] NINCDS/ADRDA,,Not Assessed,No,No,,Due to coordinator error, paper source document worksheet of the study visits summary was not completed when eCRF was completed, and neither were completed at the time the participant was deemed to have failed screening.,2017-10-24,Since participant scored above a 9 on the logical memory scale delayed recall (pt. has 14 years of education), she would have had to score a 0 on the CDR to enroll as a cognitively normal participant. Since she scored a 0.5 on the CDR, she did not fit int,,,,,,,Never enrolled,Original protocol inclusion/exclusion criteria (e.g. Protocol Version 1.0 | 24 MAY 2016),
4,4,6102,14,sc,2018-02-12,2018-02-12,,,No,Yes,3. MMSE [CN & MCI] 24-30;  [AD] 20-24.,,No,No,No,,,2017-10-19,Patient failed on MMSE inclusion criteria,,,,,,,Never enrolled,Original protocol inclusion/exclusion criteria (e.g. Protocol Version 1.0 | 24 MAY 2016),
4,4,6106,54,sc,2018-03-02,2018-03-02,,,Not Assessed,Yes,8. Age between 55-90 years (inclusive).,,Not Assessed,No,Yes,Participant tested normal cognition, does not meet the age stipulation in the procedures manual of 65 to enroll.,,2017-11-16,Per the ADNI-3 Procedures Manual page 25, CN participants are restricted to 65 years of age with exceptions granted for minority.,,,,,,,Never enrolled,Original protocol inclusion/exclusion criteria (e.g. Protocol Version 1.0 | 24 MAY 2016),
4,4,6114,50,sc,2018-03-02,2018-03-02,,3. Contraindications for MRI.,Yes,No,,,Not Assessed,No,No,,,2017-10-30,participant unable to undergo MRI,,,,,,,Never enrolled,Original protocol inclusion/exclusion criteria (e.g. Protocol Version 1.0 | 24 MAY 2016),
4,4,6121,58,sc,2018-02-16,2018-02-16,,12. Current use of exclusionary medications.,Yes,No,,,No,No,No,,,2018-01-25,Subject on Amitriptyline (exclusionary medication).,,,,,,,Never enrolled,Original protocol inclusion/exclusion criteria (e.g. Protocol Version 1.0 | 24 MAY 2016),
4,4,6122,38,sc,2017-12-07,2017-12-07,,2. Screening/Baseline MRI brain scan with evidence of infection, infarction, focal lesions, multiple lacunes or lacunes in a critical memory structure.,Yes,No,,,No,No,No,,,2017-11-29,Large focus of susceptibility and gliosis in the right anterior temporal lobe consistent with prior intraparenchymal hemorrhage.,,,,,,,Never enrolled,Original protocol inclusion/exclusion criteria (e.g. Protocol Version 1.0 | 24 MAY 2016),
4,4,6123,49,sc,2017-11-15,2017-11-15,,,Not Assessed,Yes,2. Logical Memory II Delayed [CN] ≥9 for 16+ yrs of education,  ≥5 for 8-15 yrs, ≥3 for 0-7 yrs;   
[MCI] < 11 for 16+ yrs of education, ≤ 9 for 8-15 yrs, ≤ 6 for 0-7 yrs;  [AD] ≤ 8 for 16+ yrs of education,  ≤ 4 for 8-15 yrs, ≤ 2 for 0-7 yrs.|4.  CDR [CN,,Not Assessed,No,No,,,2017-11-14,Based upon Logical Memory II score, CDR score, and the absence of a clinical MCI diagnosis, the participant screen-failed as a CN participant.,,,,,,,Never enrolled,Original protocol inclusion/exclusion criteria (e.g. Protocol Version 1.0 | 24 MAY 2016),
4,4,6124,49,sc,2017-11-14,2017-11-14,,,Not Assessed,Yes,2. Logical Memory II Delayed [CN] ≥9 for 16+ yrs of education,  ≥5 for 8-15 yrs, ≥3 for 0-7 yrs;   
[MCI] < 11 for 16+ yrs of education, ≤ 9 for 8-15 yrs, ≤ 6 for 0-7 yrs;  [AD] ≤ 8 for 16+ yrs of education,  ≤ 4 for 8-15 yrs, ≤ 2 for 0-7 yrs.|4.  CDR [CN,,Not Assessed,No,No,,,2017-11-14,Based upon Logical Memory II score, CDR score, and the absence of a clinical MCI diagnosis, the participant screen-failed as a CN participant.,,,,,,,Never enrolled,Original protocol inclusion/exclusion criteria (e.g. Protocol Version 1.0 | 24 MAY 2016),
4,4,6127,51,sc,2017-12-04,2017-12-04,,,Not Assessed,Yes,4.  CDR [CN] Global: 0 Memory: 0;  [MCI] Global: 0.5 Memory: 0.5+;  [AD] Global: 0.5-1.0.,,Not Assessed,No,No,,,2017-11-16,Patient has a DX of MCI and a CDR score of 0.0. Petersen, Ronald C., M.D., Ph.D. excluded patient.,,,,,,,Never enrolled,Original protocol inclusion/exclusion criteria (e.g. Protocol Version 1.0 | 24 MAY 2016),
4,4,6128,58,sc,2018-02-16,2018-02-16,,12. Current use of exclusionary medications.,Yes,No,,,No,No,No,,,2018-01-25,Subject on Nortriptyline (exclusionary medication).,,,,,,,Never enrolled,Original protocol inclusion/exclusion criteria (e.g. Protocol Version 1.0 | 24 MAY 2016),
4,4,6130,8,sc,2017-12-12,2017-12-12,,9.  Clinically significant abnormalities in B12 or TFTs that might interfere with the study.,Yes,No,,,Not Assessed,No,No,,,2017-12-12,Participant's screening safety lab report indicated CS deficit in B12 levels.  Participant returned for HC, MCC testing to confirm results, and HC levels confirmed significantly low levels of B12.  Participant had previously been taking B12 supplements, b,,,,,,,Never enrolled,Original protocol inclusion/exclusion criteria (e.g. Protocol Version 1.0 | 24 MAY 2016),
4,4,6132,58,sc,2017-12-22,2017-12-22,,,No,No,,,No,No,Yes,Subject < 65yo. Though the protocol Inclusion Criterion is 55-90, the Procedures Manual states that currently the sponsor requires all non-minority subjects to be ≥ 65.,,2017-12-15,Age limitation outside of Inclusion-Exclusion Criteria brought to site attention during Monitor Eligibility review.,,,,,,,Never enrolled,,
4,4,6135,54,sc,2018-03-02,2018-03-02,,9.  Clinically significant abnormalities in B12 or TFTs that might interfere with the study.,Yes,Not Assessed,,,Not Assessed,No,No,,,2017-12-27,Per PI review of lab results, participant is not eligible to continue.,,,,,,,Never enrolled,Original protocol inclusion/exclusion criteria (e.g. Protocol Version 1.0 | 24 MAY 2016),
4,4,6140,15,sc,2018-01-05,2018-01-05,,,Not Assessed,Not Assessed,,,Not Assessed,No,Yes,Patient refused to provide medical records for review,,2017-12-14,Please see attached email in source document upload,,,,,,,Never enrolled,,
4,4,6149,6,sc,2017-12-14,2017-12-14,,9.  Clinically significant abnormalities in B12 or TFTs that might interfere with the study.,Yes,No,,,No,No,No,,,2017-12-14,Subject's TSH level in clinical labs was abnormally high(TSH=5.80, range=.27-4.20uIU/mL),,,,,,,Never enrolled,Original protocol inclusion/exclusion criteria (e.g. Protocol Version 1.0 | 24 MAY 2016),
4,4,6150,55,sc,2018-02-06,2018-02-15,,,No,No,,,Not Assessed,No,Yes,participant CN under 65.,,2018-01-10,participant CN under 65.,,,,,,,Never enrolled,,
4,4,6155,39,sc,2017-12-22,2017-12-22,,9.  Clinically significant abnormalities in B12 or TFTs that might interfere with the study.,Yes,No,,,No,No,No,,Subject has met with an endocrinologist and plans to monitor her TSH levels. We are going to wait two months and then re-screen this subject.,2017-12-22,Some of the subject's screening laboratory results came back out of range, including TSH levels. The screening labs also picked up on a bladder infection.,,,,,,,Never enrolled,Original protocol inclusion/exclusion criteria (e.g. Protocol Version 1.0 | 24 MAY 2016),
4,4,6156,25,sc,2018-01-03,2018-02-09,,,No,No,,,No,No,Yes,Pt. had screen failed for A4 due to non-elevated amyloid PET scan.,,2018-01-03,After completing screening procedures with this participant, study team re-reviewed ATRI memo from 10/12/2017 stating that A4 screen fails were ineligible.  Sponsor instructed site to discontinue subject.,,,,,,,Never enrolled,,
4,4,6160,25,sc,2018-01-25,2018-01-25,,,No,No,,,No,No,Yes,The pt. is 60 years old. He does not meet the revised age inclusion criterion for CN participants.,,2018-01-25,Local study team overlooked the change in CN age criteria listed in the Aug. 1, 2017 memo.,,,,,,,Never enrolled,,
4,4,6165,41,sc,2018-02-16,2018-02-16,,,No,Yes,2. Logical Memory II Delayed [CN] ≥9 for 16+ yrs of education,  ≥5 for 8-15 yrs, ≥3 for 0-7 yrs;   
[MCI] < 11 for 16+ yrs of education, ≤ 9 for 8-15 yrs, ≤ 6 for 0-7 yrs;  [AD] ≤ 8 for 16+ yrs of education,  ≤ 4 for 8-15 yrs, ≤ 2 for 0-7 yrs.,,Not Assessed,No,No,,,2018-02-16,did not meet cog test inclusion,,,,,,,Never enrolled,Original protocol inclusion/exclusion criteria (e.g. Protocol Version 1.0 | 24 MAY 2016),
4,4,6171,55,sc,2018-02-15,2018-02-15,,2. Screening/Baseline MRI brain scan with evidence of infection, infarction, focal lesions, multiple lacunes or lacunes in a critical memory structure.,Yes,No,,,Yes,No,No,,,2018-02-09,Participant yielded arachnoid cyst in MRI findings, clinical team deemed it exclusionary.,,,,,,,Never enrolled,Original protocol inclusion/exclusion criteria (e.g. Protocol Version 1.0 | 24 MAY 2016),
4,4,6172,55,sc,2018-02-06,2018-02-06,,,No,No,,,Not Assessed,No,Yes,participant CN under 65.,,2018-01-12,participant CN under 65.,,,,,,,Never enrolled,,
4,4,6174,51,sc,2018-03-01,2018-03-01,,,Not Assessed,Yes,2. Logical Memory II Delayed [CN] ≥9 for 16+ yrs of education,  ≥5 for 8-15 yrs, ≥3 for 0-7 yrs;   
[MCI] < 11 for 16+ yrs of education, ≤ 9 for 8-15 yrs, ≤ 6 for 0-7 yrs;  [AD] ≤ 8 for 16+ yrs of education,  ≤ 4 for 8-15 yrs, ≤ 2 for 0-7 yrs.,,Not Assessed,No,No,,,2018-01-24,CDR score of 0.5, logical memory II score of 15 - does not meet MCI criteria,,,,,,,Never enrolled,Original protocol inclusion/exclusion criteria (e.g. Protocol Version 1.0 | 24 MAY 2016),
4,4,6176,55,sc,2018-02-06,2018-02-06,,,No,No,,,Not Assessed,No,Yes,participant CN under 65.,,2018-01-15,participant CN under 65.,,,,,,,Never enrolled,,
4,4,6177,55,sc,2018-02-06,2018-02-06,,,No,No,,,Not Assessed,No,Yes,participant CN under 65.,,2018-01-16,participant CN under 65.,,,,,,,Never enrolled,,
4,4,6181,55,sc,2018-02-06,2018-02-06,,,No,No,,,Not Assessed,No,Yes,participant CN under 65.,,2018-01-18,participant CN under 65.,,,,,,,Never enrolled,,
4,4,6182,27,sc,2018-01-31,2018-01-31,,,No,Yes,3. MMSE [CN & MCI] 24-30;  [AD] 20-24.,,No,No,No,,,2018-01-30,mmse 28 but diagnosed in AD cohort so MMSE too high even though logical memory within range.,,,,,,,Never enrolled,Original protocol inclusion/exclusion criteria (e.g. Protocol Version 1.0 | 24 MAY 2016),
4,4,6193,49,sc,2018-01-29,2018-01-29,,,No,Yes,2. Logical Memory II Delayed [CN] ≥9 for 16+ yrs of education,  ≥5 for 8-15 yrs, ≥3 for 0-7 yrs;   
[MCI] < 11 for 16+ yrs of education, ≤ 9 for 8-15 yrs, ≤ 6 for 0-7 yrs;  [AD] ≤ 8 for 16+ yrs of education,  ≤ 4 for 8-15 yrs, ≤ 2 for 0-7 yrs.,,Not Assessed,No,No,,,2018-01-24,Participant has been diagnosed with MCI and takes donepezil, but scored above the MCI cutoff on Logical Memory Delayed Recall.,,,,,,,Never enrolled,Original protocol inclusion/exclusion criteria (e.g. Protocol Version 1.0 | 24 MAY 2016),
4,4,6194,58,sc,2018-02-19,2018-02-19,,12. Current use of exclusionary medications.,Yes,No,,,Not Assessed,No,No,,,2018-02-16,Subject on Pramipexole (exclusionary medication).,,,,,,,Never enrolled,Original protocol inclusion/exclusion criteria (e.g. Protocol Version 1.0 | 24 MAY 2016),
4,4,6196,4,sc,2018-01-26,2018-01-26,,,No,Yes,2. Logical Memory II Delayed [CN] ≥9 for 16+ yrs of education,  ≥5 for 8-15 yrs, ≥3 for 0-7 yrs;   
[MCI] < 11 for 16+ yrs of education, ≤ 9 for 8-15 yrs, ≤ 6 for 0-7 yrs;  [AD] ≤ 8 for 16+ yrs of education,  ≤ 4 for 8-15 yrs, ≤ 2 for 0-7 yrs.,,No,No,No,,,2018-01-25,LM II score of 3,,,,,,,Never enrolled,Original protocol inclusion/exclusion criteria (e.g. Protocol Version 1.0 | 24 MAY 2016),
4,4,6198,55,sc,2018-02-22,2018-02-22,,12. Current use of exclusionary medications.,Yes,No,,,Not Assessed,No,No,,,2018-02-22,patient excluded due to mestinon medication intake. exclusionary med.,,,,,,,Never enrolled,Original protocol inclusion/exclusion criteria (e.g. Protocol Version 1.0 | 24 MAY 2016),
4,4,6201,49,sc,2018-02-08,2018-02-08,,,Not Assessed,Yes,2. Logical Memory II Delayed [CN] ≥9 for 16+ yrs of education,  ≥5 for 8-15 yrs, ≥3 for 0-7 yrs;   
[MCI] < 11 for 16+ yrs of education, ≤ 9 for 8-15 yrs, ≤ 6 for 0-7 yrs;  [AD] ≤ 8 for 16+ yrs of education,  ≤ 4 for 8-15 yrs, ≤ 2 for 0-7 yrs.,,Not Assessed,No,No,,,2018-01-31,Diagnosis of MCI, but did not meet MCI group inclusion cutoff on Logical Memory II.,,,,,,,Never enrolled,Original protocol inclusion/exclusion criteria (e.g. Protocol Version 1.0 | 24 MAY 2016),
4,4,6208,45,sc,2018-02-27,2018-02-27,,,Not Assessed,Not Assessed,,,Not Assessed,Yes,No,,,2018-02-27,Participant withdrew consent due to start of another clinical trial.,,,,,,,Never enrolled,,
4,4,6214,42,sc,2018-02-27,2018-02-27,,,Not Assessed,Not Assessed,,,Not Assessed,No,Yes,Subject was interviewed by phone prior to inclinic visit. after reviewing the Subject was very concerned about LP and repeated PET scan.,,2018-02-27,Subject decided to drop before signing the consent and requested to destroy all her information collected by phone.,,,,,,,Never enrolled,,
4,4,6223,55,sc,2018-02-09,2018-02-09,,,No,No,,,Not Assessed,No,Yes,CN under 65.,,2018-02-09,Patient screened as CN, is 62 years old.,,,,,,,Never enrolled,,
4,4,6225,55,sc,2018-03-05,2018-03-05,,12. Current use of exclusionary medications.,Yes,Not Assessed,,,Not Assessed,No,No,,,2018-02-15,Patient taking Nortriptyline, prohibited med. Excluded,,,,,,,Never enrolled,Original protocol inclusion/exclusion criteria (e.g. Protocol Version 1.0 | 24 MAY 2016),
4,4,6235,55,sc,2018-02-22,2018-02-22,,,No,Yes,11. Good general health with no diseases expected to interfere with the study.,,Not Assessed,No,No,,,2018-02-21,Participant excluded as per medical monitor, patient has CS out of range lab values and general health not fit for enrollment.,,,,,,,Never enrolled,Original protocol inclusion/exclusion criteria (e.g. Protocol Version 1.0 | 24 MAY 2016),
4,4,6239,41,sc,2018-02-23,2018-02-23,,8.  Any significant systemic illness or unstable medical condition.,Yes,No,,,Not Assessed,No,No,,,2018-02-23,patient with history of myelodysplasia reported as mild, no meds, being watched. Excluded based on screening hematology.,,,,,,,Never enrolled,Original protocol inclusion/exclusion criteria (e.g. Protocol Version 1.0 | 24 MAY 2016),
4,4,6247,15,sc,2018-03-05,2018-03-05,,,No,Yes,6.  Stable Medications [CN] Stability of Permitted Meds for 4 wks;  [MCI] & [AD] Stability of Permitted Meds for 4 wks & Cholinesterase inhibitors/memantine stable for 12 weeks prior to Screen,,No,No,No,,,2018-03-02,Safety labs found low TSH levels, f/u w/PCP indicated that patient requires medication changes. Patient will be rescreened once stable. See email from medical monitor.,,,,,,,Never enrolled,Original protocol inclusion/exclusion criteria (e.g. Protocol Version 1.0 | 24 MAY 2016),
4,4,6262,59,sc,2018-03-05,2018-03-05,,,No,No,,,No,No,Yes,Age 64 and cognitively normal,,2018-02-28,Subject had memory complaints,but tested into CN cohort. Age was too young for CN cohort.,,,,,,,Never enrolled,,
