1,4,2,8,reg,2017-10-13,2017-10-13,Potential Roll-over Participant: Consented to ADNI3,
1,4,8,8,reg,2017-08-16,2017-08-16,Potential Roll-over Participant: DID NOT consent to ADNI3,
1,4,21,8,reg,2017-11-27,2017-11-27,Potential Roll-over Participant: Consented to ADNI3,
1,4,23,8,reg,2017-08-16,2017-08-16,Potential Roll-over Participant: DID NOT consent to ADNI3,
1,4,35,41,reg,2017-10-20,2017-10-20,Potential Roll-over Participant: Consented to ADNI3,
1,4,47,41,reg,2017-10-20,2017-10-20,Potential Roll-over Participant: Consented to ADNI3,
1,4,51,40,reg,2017-09-29,2017-09-29,Potential Roll-over Participant: DID NOT consent to ADNI3,
1,4,55,13,reg,2017-10-18,2017-10-18,Potential Roll-over Participant: DID NOT consent to ADNI3,
1,4,56,33,reg,2017-10-16,2017-10-16,Potential Roll-over Participant: Consented to ADNI3,
1,4,58,18,reg,2017-10-20,2017-11-29,Potential Roll-over Participant: DID NOT consent to ADNI3,
1,4,59,33,reg,2017-11-28,2017-11-28,Potential Roll-over Participant: Consented to ADNI3,
1,4,69,41,reg,2017-10-20,2017-10-20,Potential Roll-over Participant: Consented to ADNI3,
1,4,72,45,reg,2017-10-23,2017-10-23,Potential Roll-over Participant: Consented to ADNI3,
1,4,74,20,reg,2017-01-17,2017-01-17,Potential Roll-over Participant: Consented to ADNI3,
1,4,96,17,reg,2017-03-06,2017-03-06,Potential Roll-over Participant: Consented to ADNI3,
1,4,101,5,reg,2017-10-13,2017-10-13,Potential Roll-over Participant: Consented to ADNI3,
1,4,106,45,reg,2017-06-28,2017-06-28,Potential Roll-over Participant: Consented to ADNI3,
1,4,112,47,reg,2017-07-10,2017-07-10,Potential Roll-over Participant: Consented to ADNI3,
1,4,113,45,reg,2017-10-23,2017-10-23,Potential Roll-over Participant: Consented to ADNI3,
1,4,116,20,reg,2017-10-23,2017-10-23,Potential Roll-over Participant: DID NOT consent to ADNI3,
1,4,120,20,reg,2017-03-29,2017-03-29,Potential Roll-over Participant: Consented to ADNI3,
1,4,123,38,reg,2017-10-13,2017-10-13,Potential Roll-over Participant: DID NOT consent to ADNI3,
1,4,125,28,reg,2017-10-25,2017-10-25,Potential Roll-over Participant: DID NOT consent to ADNI3,
1,4,127,58,reg,2017-08-24,2017-08-24,Potential Roll-over Participant: Consented to ADNI3,
1,4,130,17,reg,2017-03-06,2017-03-06,Potential Roll-over Participant: DID NOT consent to ADNI3,
1,4,142,13,reg,2017-10-18,2017-10-18,Potential Roll-over Participant: DID NOT consent to ADNI3,
1,4,150,27,reg,2017-09-06,2017-09-06,Potential Roll-over Participant: Consented to ADNI3,
1,4,156,25,reg,2017-10-06,2017-10-06,Potential Roll-over Participant: Consented to ADNI3,
1,4,159,16,reg,2017-06-05,2017-06-05,Potential Roll-over Participant: Consented to ADNI3,
1,4,166,43,reg,2017-10-20,2017-10-20,Potential Roll-over Participant: DID NOT consent to ADNI3,
1,4,169,11,reg,2017-08-02,2017-08-02,Potential Roll-over Participant: DID NOT consent to ADNI3,
1,4,173,43,reg,2017-10-20,2017-10-20,Potential Roll-over Participant: DID NOT consent to ADNI3,
1,4,178,16,reg,2017-05-01,2017-05-01,Potential Roll-over Participant: Consented to ADNI3,
1,4,210,58,reg,2017-11-16,2017-11-16,Potential Roll-over Participant: Consented to ADNI3,
1,4,214,23,reg,2017-12-04,2017-12-04,Potential Roll-over Participant: DID NOT consent to ADNI3,
1,4,257,33,reg,2017-06-26,2017-06-26,Potential Roll-over Participant: DID NOT consent to ADNI3,
1,4,259,47,reg,2017-09-25,2017-09-25,Potential Roll-over Participant: Consented to ADNI3,
1,4,260,47,reg,2017-07-17,2017-07-17,Potential Roll-over Participant: Consented to ADNI3,
1,4,276,16,reg,2017-04-15,2017-04-15,Potential Roll-over Participant: DID NOT consent to ADNI3,
1,4,292,25,reg,2017-10-11,2017-11-30,Potential Roll-over Participant: Consented to ADNI3,
1,4,296,41,reg,2017-10-20,2017-10-20,Potential Roll-over Participant: Consented to ADNI3,
1,4,298,45,reg,2017-10-09,2017-10-09,Potential Roll-over Participant: Consented to ADNI3,
1,4,303,27,reg,2017-04-12,2017-04-12,Potential Roll-over Participant: Consented to ADNI3,
1,4,331,18,reg,2017-10-12,2017-10-12,Potential Roll-over Participant: DID NOT consent to ADNI3,
1,4,337,16,reg,2017-06-05,2017-06-05,Potential Roll-over Participant: Consented to ADNI3,
1,4,351,22,reg,2018-01-08,2018-01-08,Potential Roll-over Participant: Consented to ADNI3,
1,4,361,44,reg,2018-02-20,2018-02-20,Potential Roll-over Participant: DID NOT consent to ADNI3,
1,4,377,27,reg,2017-03-14,2017-03-14,Potential Roll-over Participant: Consented to ADNI3,
1,4,384,51,reg,2017-10-23,2017-10-23,Potential Roll-over Participant: Consented to ADNI3,
1,4,413,1,reg,2017-06-16,2017-06-16,Potential Roll-over Participant: Consented to ADNI3,
1,4,416,43,reg,2017-06-28,2017-06-28,Potential Roll-over Participant: Consented to ADNI3,
1,4,419,7,reg,2017-10-25,2017-10-25,Potential Roll-over Participant: Consented to ADNI3,
1,4,420,7,reg,2017-10-25,2017-10-25,Potential Roll-over Participant: Consented to ADNI3,
1,4,454,27,reg,2017-03-07,2017-03-07,Potential Roll-over Participant: Consented to ADNI3,
1,4,467,27,reg,2017-09-13,2017-09-13,Potential Roll-over Participant: Consented to ADNI3,
1,4,473,58,reg,2017-10-24,2017-10-24,Potential Roll-over Participant: Consented to ADNI3,
1,4,498,4,reg,2017-10-23,2017-10-23,Potential Roll-over Participant: Consented to ADNI3,
1,4,501,27,reg,2018-01-11,2018-01-11,Potential Roll-over Participant: Consented to ADNI3,
1,4,505,50,reg,2017-09-27,2017-09-27,Potential Roll-over Participant: DID NOT consent to ADNI3,
1,4,519,11,reg,2017-08-02,2017-08-02,Potential Roll-over Participant: DID NOT consent to ADNI3,
1,4,520,11,reg,2017-08-02,2017-08-02,Potential Roll-over Participant: DID NOT consent to ADNI3,
1,4,539,27,reg,2017-10-16,2017-10-16,Potential Roll-over Participant: DID NOT consent to ADNI3,
1,4,552,27,reg,2017-07-06,2017-07-06,Potential Roll-over Participant: Consented to ADNI3,
1,4,553,3,reg,2017-10-05,2017-10-05,Potential Roll-over Participant: DID NOT consent to ADNI3,
1,4,555,25,reg,2017-10-11,2017-10-11,Potential Roll-over Participant: Consented to ADNI3,
1,4,557,11,reg,2017-10-13,2017-10-13,Potential Roll-over Participant: DID NOT consent to ADNI3,
1,4,558,11,reg,2017-08-02,2017-08-02,Potential Roll-over Participant: DID NOT consent to ADNI3,
1,4,563,11,reg,2017-10-13,2018-02-01,Potential Roll-over Participant: DID NOT consent to ADNI3,
1,4,566,27,reg,2017-10-16,2017-10-16,Potential Roll-over Participant: DID NOT consent to ADNI3,
1,4,602,3,reg,2017-11-16,2017-11-16,Potential Roll-over Participant: Consented to ADNI3,
1,4,610,3,reg,2017-09-11,2017-09-11,Potential Roll-over Participant: Consented to ADNI3,
1,4,618,22,reg,2018-01-08,2018-01-08,Potential Roll-over Participant: Consented to ADNI3,
1,4,626,16,reg,2017-04-11,2017-04-11,Potential Roll-over Participant: Consented to ADNI3,
1,4,658,11,reg,2017-10-13,2017-10-13,Potential Roll-over Participant: DID NOT consent to ADNI3,
1,4,668,54,reg,2017-09-19,2017-09-19,Potential Roll-over Participant: DID NOT consent to ADNI3,
1,4,677,23,reg,2017-07-18,2017-07-18,Potential Roll-over Participant: Consented to ADNI3,
1,4,679,28,reg,2017-06-16,2017-06-16,Potential Roll-over Participant: Consented to ADNI3,
1,4,684,47,reg,2017-08-16,2017-08-16,Potential Roll-over Participant: Consented to ADNI3,
1,4,685,1,reg,2017-10-13,2017-10-13,Potential Roll-over Participant: Consented to ADNI3,
1,4,686,54,reg,2017-09-20,2017-09-20,Potential Roll-over Participant: DID NOT consent to ADNI3,
1,4,698,5,reg,2017-09-28,2017-09-28,Potential Roll-over Participant: Consented to ADNI3,
1,4,722,54,reg,2017-09-19,2017-09-19,Potential Roll-over Participant: DID NOT consent to ADNI3,
1,4,729,1,reg,2017-10-13,2017-10-13,Potential Roll-over Participant: Consented to ADNI3,
1,4,731,4,reg,2017-09-17,2017-09-17,Potential Roll-over Participant: Consented to ADNI3,
1,4,734,24,reg,2017-10-11,2017-10-11,Potential Roll-over Participant: Consented to ADNI3,
1,4,741,24,reg,2017-10-18,2017-10-18,Potential Roll-over Participant: DID NOT consent to ADNI3,
1,4,751,6,reg,2017-07-13,2017-07-13,Potential Roll-over Participant: Consented to ADNI3,
1,4,752,44,reg,2017-08-22,2017-08-22,Potential Roll-over Participant: DID NOT consent to ADNI3,
1,4,767,55,reg,2017-03-21,2017-05-18,Potential Roll-over Participant: Consented to ADNI3,
1,4,778,49,reg,2018-01-04,2018-01-04,Potential Roll-over Participant: Consented to ADNI3,
1,4,800,54,reg,2018-01-24,2018-01-24,Potential Roll-over Participant: DID NOT consent to ADNI3,
1,4,802,58,reg,2017-06-30,2017-06-30,Potential Roll-over Participant: Consented to ADNI3,
1,4,824,21,reg,2018-02-02,2018-02-02,Potential Roll-over Participant: DID NOT consent to ADNI3,
1,4,835,20,reg,2017-10-23,2017-10-23,Potential Roll-over Participant: DID NOT consent to ADNI3,
1,4,842,6,reg,2017-07-03,2017-07-03,Potential Roll-over Participant: DID NOT consent to ADNI3,
1,4,896,39,reg,2017-10-16,2017-10-25,Potential Roll-over Participant: Consented to ADNI3,
1,4,906,24,reg,2017-10-18,2017-10-18,Potential Roll-over Participant: DID NOT consent to ADNI3,
1,4,907,2,reg,2017-06-01,2017-06-01,Potential Roll-over Participant: Consented to ADNI3,
1,4,908,2,reg,2017-10-26,2017-10-26,Potential Roll-over Participant: Consented to ADNI3,
1,4,914,21,reg,2018-02-05,2018-02-05,Potential Roll-over Participant: DID NOT consent to ADNI3,
1,4,920,24,reg,2017-10-18,2017-10-18,Potential Roll-over Participant: DID NOT consent to ADNI3,
1,4,923,24,reg,2017-10-18,2017-10-18,Potential Roll-over Participant: Consented to ADNI3,
1,4,925,47,reg,2017-10-19,2017-10-19,Potential Roll-over Participant: Consented to ADNI3,
1,4,969,50,reg,2017-05-31,2017-05-31,Potential Roll-over Participant: Consented to ADNI3,
1,4,981,2,reg,2017-10-12,2017-10-12,Potential Roll-over Participant: Consented to ADNI3,
1,4,1016,24,reg,2017-10-18,2017-10-18,Potential Roll-over Participant: Consented to ADNI3,
1,4,1023,26,reg,2017-09-21,2017-09-21,Potential Roll-over Participant: DID NOT consent to ADNI3,
1,4,1030,6,reg,2017-08-04,2017-08-04,Potential Roll-over Participant: DID NOT consent to ADNI3,
1,4,1032,47,reg,2018-01-23,2018-01-23,Potential Roll-over Participant: DID NOT consent to ADNI3,
1,4,1045,20,reg,2017-10-23,2017-10-23,Potential Roll-over Participant: DID NOT consent to ADNI3,
1,4,1052,55,reg,2017-04-04,2017-04-04,Potential Roll-over Participant: Consented to ADNI3,
1,4,1074,2,reg,2017-09-29,2017-09-29,Potential Roll-over Participant: Consented to ADNI3,
1,4,1078,27,reg,2017-02-23,2017-02-23,Potential Roll-over Participant: Consented to ADNI3,
1,4,1098,24,reg,2017-10-18,2017-10-18,Potential Roll-over Participant: Consented to ADNI3,
1,4,1118,43,reg,2017-10-20,2017-10-20,Potential Roll-over Participant: DID NOT consent to ADNI3,
1,4,1122,2,reg,2017-05-19,2017-05-19,Potential Roll-over Participant: Consented to ADNI3,
1,4,1155,1,reg,2017-04-20,2017-04-20,Potential Roll-over Participant: Consented to ADNI3,
1,4,1169,23,reg,2017-12-14,2017-12-14,Potential Roll-over Participant: Consented to ADNI3,
1,4,1190,18,reg,2017-10-20,2017-10-20,Potential Roll-over Participant: Consented to ADNI3,
1,4,1222,5,reg,2017-10-13,2017-10-13,Potential Roll-over Participant: Consented to ADNI3,
1,4,1232,44,reg,2018-01-20,2018-01-20,Potential Roll-over Participant: DID NOT consent to ADNI3,
1,4,1256,37,reg,2018-01-25,2018-01-25,Potential Roll-over Participant: DID NOT consent to ADNI3,
1,4,1261,1,reg,2017-03-10,2017-03-10,Potential Roll-over Participant: Consented to ADNI3,
1,4,1280,1,reg,2017-03-03,2017-03-03,Potential Roll-over Participant: Consented to ADNI3,
1,4,1286,41,reg,2017-10-20,2017-10-20,Potential Roll-over Participant: Consented to ADNI3,
1,4,1300,45,reg,2017-06-26,2017-06-26,Potential Roll-over Participant: Consented to ADNI3,
1,4,1378,55,reg,2017-05-03,2017-05-03,Potential Roll-over Participant: Consented to ADNI3,
1,4,1414,54,reg,2017-11-14,2017-11-14,Potential Roll-over Participant: DID NOT consent to ADNI3,
1,4,1418,28,reg,2017-07-24,2017-07-24,Potential Roll-over Participant: Consented to ADNI3,
1,4,1427,47,reg,2017-09-05,2017-09-05,Potential Roll-over Participant: Consented to ADNI3,
2,4,2007,12,reg,2018-01-29,2018-01-29,Potential Roll-over Participant: DID NOT consent to ADNI3,
2,4,2010,1,reg,2017-10-13,2017-10-13,Potential Roll-over Participant: DID NOT consent to ADNI3,
2,4,2018,22,reg,2018-01-08,2018-01-08,Potential Roll-over Participant: Consented to ADNI3,
2,4,2022,22,reg,2018-01-08,2018-01-08,Potential Roll-over Participant: Consented to ADNI3,
2,4,2052,39,reg,2017-10-16,2017-10-16,Potential Roll-over Participant: DID NOT consent to ADNI3,
2,4,2055,45,reg,2017-10-23,2017-10-23,Potential Roll-over Participant: Consented to ADNI3,
2,4,2060,59,reg,2017-07-26,2017-07-26,Potential Roll-over Participant: DID NOT consent to ADNI3,
2,4,2061,25,reg,2017-09-14,2017-09-14,Potential Roll-over Participant: Consented to ADNI3,
2,4,2068,18,reg,2017-10-20,2017-10-20,Potential Roll-over Participant: Consented to ADNI3,
2,4,2073,1,reg,2017-10-13,2017-10-13,Potential Roll-over Participant: DID NOT consent to ADNI3,
2,4,2074,25,reg,2017-10-11,2017-10-11,Potential Roll-over Participant: DID NOT consent to ADNI3,
2,4,2077,16,reg,2017-04-15,2017-04-15,Potential Roll-over Participant: DID NOT consent to ADNI3,
2,4,2087,17,reg,2017-06-07,2017-06-07,Potential Roll-over Participant: Consented to ADNI3,
2,4,2100,16,reg,2017-04-15,2017-04-15,Potential Roll-over Participant: DID NOT consent to ADNI3,
2,4,2109,57,reg,2017-10-13,2018-02-27,Potential Roll-over Participant: DID NOT consent to ADNI3,
2,4,2119,23,reg,2017-06-13,2017-06-13,Potential Roll-over Participant: Consented to ADNI3,
2,4,2121,37,reg,2018-01-03,2018-01-03,Potential Roll-over Participant: Consented to ADNI3,
2,4,2124,16,reg,2017-08-03,2017-08-03,Potential Roll-over Participant: DID NOT consent to ADNI3,
2,4,2133,13,reg,2017-10-18,2017-10-18,Potential Roll-over Participant: Consented to ADNI3,
2,4,2146,47,reg,2017-10-11,2017-10-11,Potential Roll-over Participant: Consented to ADNI3,
2,4,2148,57,reg,2017-10-06,2018-01-19,Potential Roll-over Participant: Consented to ADNI3,
2,4,2155,13,reg,2017-09-07,2017-09-07,Potential Roll-over Participant: Consented to ADNI3,
2,4,2167,17,reg,2017-03-10,2017-03-10,Potential Roll-over Participant: Consented to ADNI3,
2,4,2168,58,reg,2017-11-01,2017-11-01,Potential Roll-over Participant: DID NOT consent to ADNI3,
2,4,2180,13,reg,2017-09-27,2017-09-27,Potential Roll-over Participant: Consented to ADNI3,
2,4,2183,20,reg,2017-01-17,2017-01-17,Potential Roll-over Participant: Consented to ADNI3,
2,4,2184,58,reg,2017-10-18,2017-10-18,Potential Roll-over Participant: Consented to ADNI3,
2,4,2185,11,reg,2017-08-31,2017-08-31,Potential Roll-over Participant: Consented to ADNI3,
2,4,2187,58,reg,2017-07-20,2017-07-20,Potential Roll-over Participant: Consented to ADNI3,
2,4,2195,33,reg,2017-09-27,2017-09-27,Potential Roll-over Participant: DID NOT consent to ADNI3,
2,4,2196,33,reg,2017-09-27,2017-09-27,Potential Roll-over Participant: Consented to ADNI3,
2,4,2200,42,reg,2018-02-08,2018-02-08,Potential Roll-over Participant: Consented to ADNI3,
2,4,2201,38,reg,2017-10-05,2017-10-05,Potential Roll-over Participant: Consented to ADNI3,
2,4,2208,6,reg,2017-09-01,2017-09-01,Potential Roll-over Participant: DID NOT consent to ADNI3,
2,4,2210,55,reg,2017-08-01,2017-08-07,Potential Roll-over Participant: DID NOT consent to ADNI3,
2,4,2213,47,reg,2017-10-19,2018-02-08,Potential Roll-over Participant: DID NOT consent to ADNI3,
2,4,2216,38,reg,2017-10-13,2017-10-13,Potential Roll-over Participant: DID NOT consent to ADNI3,
2,4,2219,20,reg,2017-01-24,2017-01-24,Potential Roll-over Participant: Consented to ADNI3,
2,4,2233,22,reg,2018-01-08,2018-01-08,Potential Roll-over Participant: Consented to ADNI3,
2,4,2234,47,reg,2017-10-19,2017-10-19,Potential Roll-over Participant: Consented to ADNI3,
2,4,2238,38,reg,2017-10-13,2017-10-13,Potential Roll-over Participant: Consented to ADNI3,
2,4,2239,19,reg,2017-03-29,2017-03-29,Potential Roll-over Participant: Consented to ADNI3,
2,4,2245,20,reg,2017-01-06,2017-01-06,Potential Roll-over Participant: Consented to ADNI3,
2,4,2247,23,reg,2018-02-01,2018-02-01,Potential Roll-over Participant: DID NOT consent to ADNI3,
2,4,2263,17,reg,2017-04-05,2017-04-05,Potential Roll-over Participant: Consented to ADNI3,
2,4,2274,8,reg,2017-08-16,2017-08-16,Potential Roll-over Participant: DID NOT consent to ADNI3,
2,4,2301,33,reg,2017-08-08,2017-08-08,Potential Roll-over Participant: Consented to ADNI3,
2,4,2304,33,reg,2017-08-15,2017-08-15,Potential Roll-over Participant: Consented to ADNI3,
2,4,2307,37,reg,2018-01-25,2018-01-25,Potential Roll-over Participant: DID NOT consent to ADNI3,
2,4,2308,11,reg,2017-08-14,2017-08-14,Potential Roll-over Participant: Consented to ADNI3,
2,4,2315,58,reg,2017-09-22,2017-09-22,Potential Roll-over Participant: Consented to ADNI3,
2,4,2332,49,reg,2017-05-12,2017-05-12,Potential Roll-over Participant: Consented to ADNI3,
2,4,2333,55,reg,2017-08-01,2017-11-29,Potential Roll-over Participant: Consented to ADNI3,
2,4,2336,20,reg,2017-10-23,2017-10-23,Potential Roll-over Participant: DID NOT consent to ADNI3,
2,4,2347,49,reg,2017-09-06,2017-09-06,Potential Roll-over Participant: DID NOT consent to ADNI3,
2,4,2363,45,reg,2017-10-23,2017-10-23,Potential Roll-over Participant: Consented to ADNI3,
2,4,2367,38,reg,2017-10-13,2017-10-13,Potential Roll-over Participant: Consented to ADNI3,
2,4,2373,50,reg,2017-06-29,2017-06-29,Potential Roll-over Participant: Consented to ADNI3,
2,4,2374,2,reg,2017-09-26,2017-09-26,Potential Roll-over Participant: Consented to ADNI3,
2,4,2379,17,reg,2017-05-08,2017-05-08,Potential Roll-over Participant: Consented to ADNI3,
2,4,2380,26,reg,2017-09-21,2017-09-21,Potential Roll-over Participant: DID NOT consent to ADNI3,
2,4,2389,10,reg,2017-11-10,2017-11-10,Potential Roll-over Participant: Consented to ADNI3,
2,4,2391,50,reg,2017-06-13,2017-06-13,Potential Roll-over Participant: DID NOT consent to ADNI3,
2,4,2392,43,reg,2017-07-27,2017-07-27,Potential Roll-over Participant: Consented to ADNI3,
2,4,2394,5,reg,2017-08-14,2017-08-14,Potential Roll-over Participant: Consented to ADNI3,
2,4,2395,21,reg,2018-02-02,2018-02-02,Potential Roll-over Participant: DID NOT consent to ADNI3,
2,4,2403,50,reg,2017-06-22,2017-06-22,Potential Roll-over Participant: Consented to ADNI3,
3,4,4003,39,reg,2017-10-16,2017-10-27,Potential Roll-over Participant: Consented to ADNI3,
3,4,4004,28,reg,2017-09-25,2017-09-25,Potential Roll-over Participant: Consented to ADNI3,
3,4,4005,22,reg,2018-01-08,2018-01-08,Potential Roll-over Participant: Consented to ADNI3,
3,4,4009,12,reg,2018-01-29,2018-01-29,Potential Roll-over Participant: DID NOT consent to ADNI3,
3,4,4014,28,reg,2017-09-25,2017-09-25,Potential Roll-over Participant: Consented to ADNI3,
3,4,4015,27,reg,2017-11-29,2017-11-29,Potential Roll-over Participant: Consented to ADNI3,
3,4,4018,39,reg,2017-10-16,2017-10-16,Potential Roll-over Participant: DID NOT consent to ADNI3,
3,4,4020,18,reg,2017-10-12,2017-10-12,Potential Roll-over Participant: DID NOT consent to ADNI3,
3,4,4021,22,reg,2018-01-08,2018-01-08,Potential Roll-over Participant: Consented to ADNI3,
3,4,4028,27,reg,2017-10-16,2017-10-16,Potential Roll-over Participant: Consented to ADNI3,
3,4,4029,22,reg,2018-01-08,2018-01-08,Potential Roll-over Participant: DID NOT consent to ADNI3,
3,4,4030,27,reg,2017-09-11,2017-09-11,Potential Roll-over Participant: Consented to ADNI3,
3,4,4032,22,reg,2018-01-08,2018-01-08,Potential Roll-over Participant: DID NOT consent to ADNI3,
3,4,4035,18,reg,2017-10-20,2017-10-20,Potential Roll-over Participant: DID NOT consent to ADNI3,
3,4,4036,59,reg,2017-07-26,2018-01-11,Potential Roll-over Participant: Consented to ADNI3,
3,4,4037,28,reg,2017-07-24,2017-07-24,Potential Roll-over Participant: Consented to ADNI3,
3,4,4039,11,reg,2017-08-02,2017-08-02,Potential Roll-over Participant: DID NOT consent to ADNI3,
3,4,4041,28,reg,2017-09-25,2017-09-25,Potential Roll-over Participant: Consented to ADNI3,
3,4,4043,44,reg,2018-02-14,2018-02-14,Potential Roll-over Participant: Consented to ADNI3,
3,4,4050,39,reg,2017-10-16,2017-10-16,Potential Roll-over Participant: DID NOT consent to ADNI3,
3,4,4051,28,reg,2017-05-25,2017-06-08,Potential Roll-over Participant: Consented to ADNI3,
3,4,4054,33,reg,2017-06-26,2017-06-26,Potential Roll-over Participant: DID NOT consent to ADNI3,
3,4,4058,11,reg,2017-08-02,2017-08-02,Potential Roll-over Participant: DID NOT consent to ADNI3,
3,4,4060,28,reg,2017-09-13,2017-09-13,Potential Roll-over Participant: Consented to ADNI3,
3,4,4061,58,reg,2017-09-28,2017-09-28,Potential Roll-over Participant: Consented to ADNI3,
3,4,4067,58,reg,2017-07-28,2017-07-28,Potential Roll-over Participant: Consented to ADNI3,
3,4,4071,27,reg,2017-03-27,2017-03-27,Potential Roll-over Participant: Consented to ADNI3,
3,4,4072,33,reg,2017-08-28,2017-08-28,Potential Roll-over Participant: Consented to ADNI3,
3,4,4075,8,reg,2017-08-16,2017-08-16,Potential Roll-over Participant: DID NOT consent to ADNI3,
3,4,4076,40,reg,2017-10-04,2017-10-04,Potential Roll-over Participant: Consented to ADNI3,
3,4,4077,57,reg,2018-01-19,2018-02-27,Potential Roll-over Participant: DID NOT consent to ADNI3,
3,4,4080,11,reg,2017-08-02,2017-08-02,Potential Roll-over Participant: DID NOT consent to ADNI3,
3,4,4081,2,reg,2017-10-26,2017-10-26,Potential Roll-over Participant: Consented to ADNI3,
3,4,4082,25,reg,2017-10-11,2017-10-11,Potential Roll-over Participant: DID NOT consent to ADNI3,
3,4,4084,19,reg,2017-08-07,2017-08-07,Potential Roll-over Participant: Consented to ADNI3,
3,4,4086,40,reg,2017-11-14,2017-11-14,Potential Roll-over Participant: Consented to ADNI3,
3,4,4089,38,reg,2017-10-13,2017-10-23,Potential Roll-over Participant: Consented to ADNI3,
3,4,4090,37,reg,2018-01-25,2018-01-25,Potential Roll-over Participant: Consented to ADNI3,
3,4,4092,44,reg,2017-09-18,2017-09-18,Potential Roll-over Participant: DID NOT consent to ADNI3,
3,4,4093,11,reg,2017-10-13,2017-10-13,Potential Roll-over Participant: DID NOT consent to ADNI3,
3,4,4094,9,reg,2017-09-25,2017-09-25,Potential Roll-over Participant: Consented to ADNI3,
3,4,4100,59,reg,2017-10-26,2017-10-26,Potential Roll-over Participant: Consented to ADNI3,
3,4,4105,8,reg,2017-10-12,2017-10-12,Potential Roll-over Participant: Consented to ADNI3,
3,4,4114,25,reg,2017-09-15,2017-09-15,Potential Roll-over Participant: Consented to ADNI3,
3,4,4115,18,reg,2018-01-10,2018-01-10,Potential Roll-over Participant: Consented to ADNI3,
3,4,4119,2,reg,2017-11-03,2017-11-03,Potential Roll-over Participant: Consented to ADNI3,
3,4,4120,8,reg,2017-11-01,2017-11-01,Potential Roll-over Participant: DID NOT consent to ADNI3,
3,4,4122,18,reg,2017-12-01,2017-12-01,Potential Roll-over Participant: DID NOT consent to ADNI3,
3,4,4125,57,reg,2017-10-06,2018-02-27,Potential Roll-over Participant: DID NOT consent to ADNI3,
3,4,4127,45,reg,2017-10-23,2017-10-23,Potential Roll-over Participant: Consented to ADNI3,
3,4,4136,2,reg,2017-10-26,2017-10-26,Potential Roll-over Participant: DID NOT consent to ADNI3,
3,4,4138,28,reg,2017-09-13,2017-09-13,Potential Roll-over Participant: Consented to ADNI3,
3,4,4143,28,reg,2017-07-11,2017-07-11,Potential Roll-over Participant: Consented to ADNI3,
3,4,4146,27,reg,2017-05-05,2017-05-05,Potential Roll-over Participant: Consented to ADNI3,
3,4,4148,47,reg,2017-07-20,2017-07-20,Potential Roll-over Participant: Consented to ADNI3,
3,4,4149,22,reg,2018-01-08,2018-01-08,Potential Roll-over Participant: Consented to ADNI3,
3,4,4150,4,reg,2017-10-20,2017-10-20,Potential Roll-over Participant: Consented to ADNI3,
3,4,4151,57,reg,2018-01-19,2018-01-19,Potential Roll-over Participant: Consented to ADNI3,
3,4,4158,19,reg,2017-01-20,2017-01-20,Potential Roll-over Participant: DID NOT consent to ADNI3,
3,4,4159,57,reg,2017-10-06,2018-02-27,Potential Roll-over Participant: DID NOT consent to ADNI3,
3,4,4160,55,reg,2017-06-20,2017-06-20,Potential Roll-over Participant: Consented to ADNI3,
3,4,4162,38,reg,2017-10-13,2017-10-13,Potential Roll-over Participant: Consented to ADNI3,
3,4,4164,18,reg,2017-10-20,2017-10-20,Potential Roll-over Participant: Consented to ADNI3,
3,4,4167,44,reg,2017-07-13,2017-07-13,Potential Roll-over Participant: DID NOT consent to ADNI3,
3,4,4168,3,reg,2017-09-15,2017-09-15,Potential Roll-over Participant: Consented to ADNI3,
3,4,4169,19,reg,2017-08-21,2017-08-21,Potential Roll-over Participant: Consented to ADNI3,
3,4,4170,45,reg,2017-10-09,2017-10-09,Potential Roll-over Participant: Consented to ADNI3,
3,4,4172,57,reg,2017-10-06,2018-02-27,Potential Roll-over Participant: DID NOT consent to ADNI3,
3,4,4173,17,reg,2017-03-06,2017-03-06,Potential Roll-over Participant: DID NOT consent to ADNI3,
3,4,4176,24,reg,2017-10-18,2017-10-18,Potential Roll-over Participant: Consented to ADNI3,
3,4,4177,24,reg,2017-10-18,2017-10-18,Potential Roll-over Participant: Consented to ADNI3,
3,4,4179,24,reg,2017-10-18,2017-10-18,Potential Roll-over Participant: Consented to ADNI3,
3,4,4184,33,reg,2017-10-16,2017-10-16,Potential Roll-over Participant: Consented to ADNI3,
3,4,4185,3,reg,2017-09-21,2017-09-21,Potential Roll-over Participant: Consented to ADNI3,
3,4,4187,59,reg,2017-06-05,2017-06-05,Potential Roll-over Participant: Consented to ADNI3,
3,4,4188,9,reg,2017-09-29,2017-09-29,Potential Roll-over Participant: Consented to ADNI3,
3,4,4194,22,reg,2018-01-08,2018-01-08,Potential Roll-over Participant: DID NOT consent to ADNI3,
3,4,4195,44,reg,2018-01-20,2018-01-20,Potential Roll-over Participant: DID NOT consent to ADNI3,
3,4,4197,47,reg,2017-09-18,2017-09-18,Potential Roll-over Participant: Consented to ADNI3,
3,4,4198,47,reg,2017-10-12,2017-10-12,Potential Roll-over Participant: Consented to ADNI3,
3,4,4200,28,reg,2017-09-25,2017-09-25,Potential Roll-over Participant: Consented to ADNI3,
3,4,4205,40,reg,2017-11-14,2017-11-14,Potential Roll-over Participant: DID NOT consent to ADNI3,
3,4,4208,37,reg,2018-01-25,2018-01-25,Potential Roll-over Participant: Consented to ADNI3,
3,4,4210,47,reg,2017-09-19,2017-09-19,Potential Roll-over Participant: Consented to ADNI3,
3,4,4211,54,reg,2018-01-24,2018-01-24,Potential Roll-over Participant: DID NOT consent to ADNI3,
3,4,4212,33,reg,2017-10-16,2017-10-16,Potential Roll-over Participant: Consented to ADNI3,
3,4,4213,1,reg,2017-08-15,2017-08-15,Potential Roll-over Participant: Consented to ADNI3,
3,4,4214,27,reg,2017-02-13,2017-02-13,Potential Roll-over Participant: Consented to ADNI3,
3,4,4215,39,reg,2017-10-16,2017-10-25,Potential Roll-over Participant: Consented to ADNI3,
3,4,4217,58,reg,2017-11-01,2017-11-01,Potential Roll-over Participant: DID NOT consent to ADNI3,
3,4,4220,49,reg,2017-05-24,2017-05-24,Potential Roll-over Participant: DID NOT consent to ADNI3,
3,4,4222,8,reg,2017-11-27,2017-11-27,Potential Roll-over Participant: DID NOT consent to ADNI3,
3,4,4224,37,reg,2018-01-25,2018-01-25,Potential Roll-over Participant: Consented to ADNI3,
3,4,4225,1,reg,2017-10-13,2017-10-13,Potential Roll-over Participant: Consented to ADNI3,
3,4,4229,1,reg,2017-09-21,2017-09-21,Potential Roll-over Participant: Consented to ADNI3,
3,4,4234,38,reg,2017-10-13,2017-10-13,Potential Roll-over Participant: Consented to ADNI3,
3,4,4235,8,reg,2017-09-06,2017-09-06,Potential Roll-over Participant: DID NOT consent to ADNI3,
3,4,4240,47,reg,2017-10-19,2017-10-19,Potential Roll-over Participant: Consented to ADNI3,
3,4,4243,18,reg,2017-10-12,2017-10-12,Potential Roll-over Participant: DID NOT consent to ADNI3,
3,4,4244,37,reg,2018-01-25,2018-01-25,Potential Roll-over Participant: DID NOT consent to ADNI3,
3,4,4250,50,reg,2018-02-02,2018-02-02,Potential Roll-over Participant: DID NOT consent to ADNI3,
3,4,4254,16,reg,2017-04-04,2017-04-04,Potential Roll-over Participant: Consented to ADNI3,
3,4,4258,54,reg,2017-11-14,2017-11-14,Potential Roll-over Participant: DID NOT consent to ADNI3,
3,4,4262,1,reg,2017-10-13,2017-10-13,Potential Roll-over Participant: Consented to ADNI3,
3,4,4263,11,reg,2017-08-02,2017-08-02,Potential Roll-over Participant: DID NOT consent to ADNI3,
3,4,4266,17,reg,2017-03-07,2017-03-07,Potential Roll-over Participant: Consented to ADNI3,
3,4,4268,10,reg,2018-02-01,2018-02-01,Potential Roll-over Participant: Consented to ADNI3,
3,4,4270,1,reg,2017-10-13,2017-10-13,Potential Roll-over Participant: Consented to ADNI3,
3,4,4271,28,reg,2017-09-25,2017-09-25,Potential Roll-over Participant: Consented to ADNI3,
3,4,4272,5,reg,2017-10-13,2017-10-13,Potential Roll-over Participant: Consented to ADNI3,
3,4,4275,39,reg,2017-10-16,2017-10-26,Potential Roll-over Participant: Consented to ADNI3,
3,4,4276,16,reg,2017-04-14,2017-04-14,Potential Roll-over Participant: Consented to ADNI3,
3,4,4277,23,reg,2017-08-01,2017-08-01,Potential Roll-over Participant: Consented to ADNI3,
3,4,4278,8,reg,2017-11-27,2017-11-27,Potential Roll-over Participant: Consented to ADNI3,
3,4,4279,21,reg,2018-02-02,2018-02-02,Potential Roll-over Participant: DID NOT consent to ADNI3,
3,4,4281,52,reg,2017-10-26,2017-10-26,Potential Roll-over Participant: Consented to ADNI3,
3,4,4287,49,reg,2017-10-16,2017-10-16,Potential Roll-over Participant: DID NOT consent to ADNI3,
3,4,4288,2,reg,2017-10-02,2017-10-02,Potential Roll-over Participant: Consented to ADNI3,
3,4,4290,21,reg,2018-02-02,2018-02-02,Potential Roll-over Participant: DID NOT consent to ADNI3,
3,4,4291,17,reg,2017-06-27,2017-06-27,Potential Roll-over Participant: DID NOT consent to ADNI3,
3,4,4292,59,reg,2017-08-10,2017-08-10,Potential Roll-over Participant: Consented to ADNI3,
3,4,4293,14,reg,2017-06-06,2017-06-06,Potential Roll-over Participant: Consented to ADNI3,
3,4,4294,50,reg,2017-10-19,2017-10-19,Potential Roll-over Participant: Consented to ADNI3,
3,4,4299,54,reg,2017-11-06,2017-11-06,Potential Roll-over Participant: Consented to ADNI3,
3,4,4301,47,reg,2017-10-19,2017-10-19,Potential Roll-over Participant: Consented to ADNI3,
3,4,4302,27,reg,2017-01-26,2017-01-26,Potential Roll-over Participant: Consented to ADNI3,
3,4,4308,27,reg,2017-08-15,2017-08-15,Potential Roll-over Participant: Consented to ADNI3,
3,4,4309,52,reg,2017-10-05,2017-10-05,Potential Roll-over Participant: DID NOT consent to ADNI3,
3,4,4310,33,reg,2017-10-16,2017-10-16,Potential Roll-over Participant: DID NOT consent to ADNI3,
3,4,4313,13,reg,2017-10-18,2017-10-18,Potential Roll-over Participant: Consented to ADNI3,
3,4,4320,17,reg,2017-03-06,2017-03-06,Potential Roll-over Participant: DID NOT consent to ADNI3,
3,4,4324,6,reg,2017-07-07,2017-07-07,Potential Roll-over Participant: Consented to ADNI3,
3,4,4328,11,reg,2017-08-02,2017-08-02,Potential Roll-over Participant: DID NOT consent to ADNI3,
3,4,4331,54,reg,2017-11-14,2017-11-14,Potential Roll-over Participant: DID NOT consent to ADNI3,
3,4,4332,58,reg,2017-07-06,2017-07-06,Potential Roll-over Participant: Consented to ADNI3,
3,4,4335,16,reg,2017-06-05,2017-06-05,Potential Roll-over Participant: Consented to ADNI3,
3,4,4338,44,reg,2018-01-20,2018-01-20,Potential Roll-over Participant: DID NOT consent to ADNI3,
3,4,4339,37,reg,2018-01-25,2018-01-25,Potential Roll-over Participant: DID NOT consent to ADNI3,
3,4,4340,58,reg,2017-07-25,2017-07-25,Potential Roll-over Participant: Consented to ADNI3,
3,4,4343,50,reg,2017-04-26,2017-04-26,Potential Roll-over Participant: Consented to ADNI3,
3,4,4345,7,reg,2017-10-25,2017-10-25,Potential Roll-over Participant: Consented to ADNI3,
3,4,4346,4,reg,2017-10-23,2017-10-23,Potential Roll-over Participant: DID NOT consent to ADNI3,
3,4,4349,13,reg,2017-10-18,2017-10-18,Potential Roll-over Participant: Consented to ADNI3,
3,4,4350,2,reg,2017-11-09,2017-11-09,Potential Roll-over Participant: Consented to ADNI3,
3,4,4351,54,reg,2017-11-15,2017-11-15,Potential Roll-over Participant: Consented to ADNI3,
3,4,4352,50,reg,2017-06-29,2017-06-29,Potential Roll-over Participant: Consented to ADNI3,
3,4,4354,2,reg,2017-06-23,2017-06-23,Potential Roll-over Participant: Consented to ADNI3,
3,4,4356,52,reg,2017-09-18,2017-09-18,Potential Roll-over Participant: Consented to ADNI3,
3,4,4357,4,reg,2017-10-23,2017-10-23,Potential Roll-over Participant: Consented to ADNI3,
3,4,4359,6,reg,2017-09-01,2017-09-01,Potential Roll-over Participant: DID NOT consent to ADNI3,
3,4,4365,59,reg,2017-08-28,2017-08-28,Potential Roll-over Participant: Consented to ADNI3,
3,4,4366,8,reg,2017-08-16,2017-08-16,Potential Roll-over Participant: DID NOT consent to ADNI3,
3,4,4367,14,reg,2017-05-11,2017-05-11,Potential Roll-over Participant: Consented to ADNI3,
3,4,4369,49,reg,2017-06-13,2017-06-13,Potential Roll-over Participant: Consented to ADNI3,
3,4,4371,49,reg,2017-08-25,2017-08-25,Potential Roll-over Participant: DID NOT consent to ADNI3,
3,4,4372,57,reg,2017-10-06,2018-02-27,Potential Roll-over Participant: DID NOT consent to ADNI3,
3,4,4373,2,reg,2017-10-26,2017-10-26,Potential Roll-over Participant: DID NOT consent to ADNI3,
3,4,4376,59,reg,2017-07-26,2017-07-26,Potential Roll-over Participant: DID NOT consent to ADNI3,
3,4,4377,59,reg,2017-07-26,2017-07-26,Potential Roll-over Participant: DID NOT consent to ADNI3,
3,4,4380,42,reg,2018-02-08,2018-02-08,Potential Roll-over Participant: Consented to ADNI3,
3,4,4381,27,reg,2017-12-20,2017-12-20,Potential Roll-over Participant: Consented to ADNI3,
3,4,4384,21,reg,2018-02-02,2018-02-02,Potential Roll-over Participant: DID NOT consent to ADNI3,
3,4,4385,21,reg,2018-02-02,2018-02-02,Potential Roll-over Participant: DID NOT consent to ADNI3,
3,4,4386,23,reg,2018-01-30,2018-01-30,Potential Roll-over Participant: DID NOT consent to ADNI3,
3,4,4387,5,reg,2017-10-13,2017-10-13,Potential Roll-over Participant: Consented to ADNI3,
3,4,4388,6,reg,2017-07-19,2017-07-19,Potential Roll-over Participant: Consented to ADNI3,
3,4,4389,26,reg,2017-11-08,2017-11-08,Potential Roll-over Participant: Consented to ADNI3,
3,4,4396,49,reg,2017-12-11,2017-12-11,Potential Roll-over Participant: Consented to ADNI3,
3,4,4399,13,reg,2017-07-14,2017-07-14,Potential Roll-over Participant: Consented to ADNI3,
3,4,4400,13,reg,2017-08-22,2017-08-22,Potential Roll-over Participant: Consented to ADNI3,
3,4,4401,11,reg,2017-08-31,2017-08-31,Potential Roll-over Participant: Consented to ADNI3,
3,4,4404,43,reg,2017-08-28,2017-08-28,Potential Roll-over Participant: Consented to ADNI3,
3,4,4405,50,reg,2017-07-18,2017-07-18,Potential Roll-over Participant: Consented to ADNI3,
3,4,4410,27,reg,2017-02-22,2017-02-22,Potential Roll-over Participant: Consented to ADNI3,
3,4,4414,25,reg,2017-10-05,2017-10-05,Potential Roll-over Participant: Consented to ADNI3,
3,4,4415,50,reg,2017-09-26,2017-09-26,Potential Roll-over Participant: Consented to ADNI3,
3,4,4417,50,reg,2017-08-08,2017-08-08,Potential Roll-over Participant: Consented to ADNI3,
3,4,4419,16,reg,2017-05-01,2017-05-01,Potential Roll-over Participant: Consented to ADNI3,
3,4,4420,59,reg,2017-11-07,2017-11-07,Potential Roll-over Participant: Consented to ADNI3,
3,4,4422,49,reg,2017-03-21,2017-03-21,Potential Roll-over Participant: Consented to ADNI3,
3,4,4424,58,reg,2017-08-07,2017-08-07,Potential Roll-over Participant: Consented to ADNI3,
3,4,4426,55,reg,2017-08-01,2017-08-01,Potential Roll-over Participant: DID NOT consent to ADNI3,
3,4,4427,28,reg,2017-09-26,2017-09-26,Potential Roll-over Participant: Consented to ADNI3,
3,4,4428,37,reg,2017-12-15,2017-12-15,Potential Roll-over Participant: Consented to ADNI3,
3,4,4429,23,reg,2017-12-11,2017-12-11,Potential Roll-over Participant: Consented to ADNI3,
3,4,4430,26,reg,2017-11-07,2017-11-07,Potential Roll-over Participant: Consented to ADNI3,
3,4,4431,58,reg,2017-09-28,2017-09-28,Potential Roll-over Participant: Consented to ADNI3,
3,4,4432,27,reg,2017-10-16,2017-10-16,Potential Roll-over Participant: DID NOT consent to ADNI3,
3,4,4434,38,reg,2017-10-13,2017-12-06,Potential Roll-over Participant: DID NOT consent to ADNI3,
3,4,4441,2,reg,2017-04-05,2017-04-05,Potential Roll-over Participant: Consented to ADNI3,
3,4,4444,17,reg,2017-03-06,2017-03-06,Potential Roll-over Participant: DID NOT consent to ADNI3,
3,4,4446,52,reg,2017-06-12,2017-06-12,Potential Roll-over Participant: Consented to ADNI3,
3,4,4447,1,reg,2017-10-13,2017-10-13,Potential Roll-over Participant: Consented to ADNI3,
3,4,4448,18,reg,2017-10-20,2017-10-20,Potential Roll-over Participant: Consented to ADNI3,
3,4,4449,4,reg,2017-10-23,2017-10-23,Potential Roll-over Participant: Consented to ADNI3,
3,4,4453,44,reg,2018-01-22,2018-01-22,Potential Roll-over Participant: Consented to ADNI3,
3,4,4455,42,reg,2018-02-08,2018-02-08,Potential Roll-over Participant: DID NOT consent to ADNI3,
3,4,4463,40,reg,2017-09-27,2017-09-27,Potential Roll-over Participant: DID NOT consent to ADNI3,
3,4,4464,25,reg,2017-10-11,2017-12-20,Potential Roll-over Participant: Consented to ADNI3,
3,4,4466,54,reg,2017-12-05,2017-12-05,Potential Roll-over Participant: Consented to ADNI3,
3,4,4468,50,reg,2018-02-02,2018-02-02,Potential Roll-over Participant: DID NOT consent to ADNI3,
3,4,4469,41,reg,2017-10-13,2017-10-23,Potential Roll-over Participant: Consented to ADNI3,
3,4,4473,1,reg,2017-03-10,2017-03-10,Potential Roll-over Participant: Consented to ADNI3,
3,4,4476,22,reg,2018-01-08,2018-01-08,Potential Roll-over Participant: DID NOT consent to ADNI3,
3,4,4482,54,reg,2017-10-18,2017-10-18,Potential Roll-over Participant: Consented to ADNI3,
3,4,4485,4,reg,2017-09-15,2017-09-15,Potential Roll-over Participant: Consented to ADNI3,
3,4,4488,5,reg,2017-09-12,2017-09-12,Potential Roll-over Participant: Consented to ADNI3,
3,4,4489,52,reg,2017-06-05,2017-06-05,Potential Roll-over Participant: Consented to ADNI3,
3,4,4496,22,reg,2018-01-08,2018-01-08,Potential Roll-over Participant: Consented to ADNI3,
3,4,4498,40,reg,2017-06-19,2017-06-19,Potential Roll-over Participant: DID NOT consent to ADNI3,
3,4,4499,42,reg,2018-02-08,2018-02-08,Potential Roll-over Participant: Consented to ADNI3,
3,4,4500,47,reg,2017-05-11,2017-05-11,Potential Roll-over Participant: DID NOT consent to ADNI3,
3,4,4502,18,reg,2017-10-20,2017-10-20,Potential Roll-over Participant: Consented to ADNI3,
3,4,4503,38,reg,2017-10-13,2017-10-13,Potential Roll-over Participant: Consented to ADNI3,
3,4,4505,24,reg,2017-10-18,2017-10-18,Potential Roll-over Participant: DID NOT consent to ADNI3,
3,4,4506,39,reg,2017-10-16,2017-10-27,Potential Roll-over Participant: Consented to ADNI3,
3,4,4508,24,reg,2017-10-20,2017-10-20,Potential Roll-over Participant: DID NOT consent to ADNI3,
3,4,4510,28,reg,2017-09-25,2017-09-25,Potential Roll-over Participant: Consented to ADNI3,
3,4,4512,41,reg,2017-10-20,2017-10-20,Potential Roll-over Participant: Consented to ADNI3,
3,4,4513,28,reg,2017-09-26,2017-09-26,Potential Roll-over Participant: Consented to ADNI3,
3,4,4515,4,reg,2017-10-23,2017-10-23,Potential Roll-over Participant: Consented to ADNI3,
3,4,4516,5,reg,2017-10-13,2017-10-13,Potential Roll-over Participant: DID NOT consent to ADNI3,
3,4,4520,54,reg,2017-11-21,2017-11-21,Potential Roll-over Participant: Consented to ADNI3,
3,4,4521,1,reg,2017-10-13,2017-10-13,Potential Roll-over Participant: DID NOT consent to ADNI3,
3,4,4526,45,reg,2017-10-23,2017-10-23,Potential Roll-over Participant: DID NOT consent to ADNI3,
3,4,4531,42,reg,2018-02-08,2018-02-08,Potential Roll-over Participant: DID NOT consent to ADNI3,
3,4,4536,54,reg,2017-11-17,2017-11-17,Potential Roll-over Participant: Consented to ADNI3,
3,4,4538,26,reg,2017-10-31,2017-10-31,Potential Roll-over Participant: Consented to ADNI3,
3,4,4542,50,reg,2018-02-02,2018-02-02,Potential Roll-over Participant: DID NOT consent to ADNI3,
3,4,4543,6,reg,2017-07-03,2017-07-03,Potential Roll-over Participant: DID NOT consent to ADNI3,
3,4,4547,8,reg,2017-08-16,2017-08-16,Potential Roll-over Participant: Consented to ADNI3,
3,4,4548,14,reg,2017-06-27,2017-06-27,Potential Roll-over Participant: Consented to ADNI3,
3,4,4555,2,reg,2017-10-26,2017-10-26,Potential Roll-over Participant: Consented to ADNI3,
3,4,4556,41,reg,2017-10-20,2017-10-20,Potential Roll-over Participant: Consented to ADNI3,
3,4,4566,52,reg,2017-10-10,2017-10-10,Potential Roll-over Participant: DID NOT consent to ADNI3,
3,4,4576,11,reg,2017-08-15,2017-08-15,Potential Roll-over Participant: Consented to ADNI3,
3,4,4577,11,reg,2017-10-13,2017-10-13,Potential Roll-over Participant: DID NOT consent to ADNI3,
3,4,4580,10,reg,2018-01-23,2018-01-23,Potential Roll-over Participant: Consented to ADNI3,
3,4,4582,25,reg,2017-10-11,2017-10-11,Potential Roll-over Participant: DID NOT consent to ADNI3,
3,4,4585,21,reg,2018-02-02,2018-02-13,Potential Roll-over Participant: Consented to ADNI3,
3,4,4587,54,reg,2017-12-14,2017-12-14,Potential Roll-over Participant: Consented to ADNI3,
3,4,4590,22,reg,2018-01-08,2018-01-08,Potential Roll-over Participant: DID NOT consent to ADNI3,
3,4,4594,42,reg,2018-02-08,2018-02-08,Potential Roll-over Participant: Consented to ADNI3,
3,4,4596,54,reg,2017-11-14,2017-11-14,Potential Roll-over Participant: DID NOT consent to ADNI3,
3,4,4597,13,reg,2017-10-18,2017-10-18,Potential Roll-over Participant: DID NOT consent to ADNI3,
3,4,4598,52,reg,2017-07-25,2017-07-25,Potential Roll-over Participant: Consented to ADNI3,
3,4,4604,47,reg,2017-08-04,2017-08-04,Potential Roll-over Participant: Consented to ADNI3,
3,4,4611,5,reg,2017-10-13,2018-02-05,Potential Roll-over Participant: DID NOT consent to ADNI3,
3,4,4612,6,reg,2017-07-26,2017-07-26,Potential Roll-over Participant: Consented to ADNI3,
3,4,4615,11,reg,2017-10-13,2017-10-13,Potential Roll-over Participant: Consented to ADNI3,
3,4,4620,5,reg,2017-10-13,2017-10-13,Potential Roll-over Participant: Consented to ADNI3,
3,4,4621,57,reg,2018-01-19,2018-01-19,Potential Roll-over Participant: Consented to ADNI3,
3,4,4623,54,reg,2018-01-24,2018-01-24,Potential Roll-over Participant: DID NOT consent to ADNI3,
3,4,4624,47,reg,2017-10-19,2017-10-19,Potential Roll-over Participant: Consented to ADNI3,
3,4,4630,38,reg,2017-10-13,2017-12-06,Potential Roll-over Participant: DID NOT consent to ADNI3,
3,4,4631,54,reg,2018-01-24,2018-01-24,Potential Roll-over Participant: Consented to ADNI3,
3,4,4632,54,reg,2018-01-24,2018-01-24,Potential Roll-over Participant: DID NOT consent to ADNI3,
3,4,4635,44,reg,2017-07-13,2017-07-13,Potential Roll-over Participant: DID NOT consent to ADNI3,
3,4,4637,5,reg,2017-10-09,2017-10-09,Potential Roll-over Participant: Consented to ADNI3,
3,4,4643,9,reg,2017-09-25,2017-09-25,Potential Roll-over Participant: Consented to ADNI3,
3,4,4644,2,reg,2017-06-22,2017-06-22,Potential Roll-over Participant: Consented to ADNI3,
3,4,4645,47,reg,2017-10-19,2017-10-19,Potential Roll-over Participant: Consented to ADNI3,
3,4,4649,38,reg,2017-10-13,2017-10-13,Potential Roll-over Participant: Consented to ADNI3,
3,4,4654,1,reg,2017-05-02,2017-05-02,Potential Roll-over Participant: Consented to ADNI3,
3,4,4659,16,reg,2017-06-18,2017-06-18,Potential Roll-over Participant: Consented to ADNI3,
3,4,4672,54,reg,2017-11-10,2017-11-10,Potential Roll-over Participant: DID NOT consent to ADNI3,
3,4,4674,19,reg,2017-06-27,2017-06-27,Potential Roll-over Participant: Consented to ADNI3,
3,4,4678,54,reg,2018-01-24,2018-01-24,Potential Roll-over Participant: DID NOT consent to ADNI3,
3,4,4689,52,reg,2017-10-10,2017-10-10,Potential Roll-over Participant: DID NOT consent to ADNI3,
3,4,4706,27,reg,2017-10-17,2017-10-17,Potential Roll-over Participant: Consented to ADNI3,
3,4,4707,3,reg,2017-10-05,2017-10-05,Potential Roll-over Participant: Consented to ADNI3,
3,4,4711,55,reg,2017-08-07,2017-08-07,Potential Roll-over Participant: DID NOT consent to ADNI3,
3,4,4713,4,reg,2017-10-23,2017-10-23,Potential Roll-over Participant: Consented to ADNI3,
3,4,4714,26,reg,2018-02-01,2018-02-01,Potential Roll-over Participant: DID NOT consent to ADNI3,
3,4,4715,26,reg,2017-10-10,2017-10-10,Potential Roll-over Participant: Consented to ADNI3,
3,4,4721,22,reg,2018-01-08,2018-01-08,Potential Roll-over Participant: Consented to ADNI3,
3,4,4722,52,reg,2017-06-21,2017-06-21,Potential Roll-over Participant: Consented to ADNI3,
3,4,4723,52,reg,2017-06-21,2017-06-21,Potential Roll-over Participant: Consented to ADNI3,
3,4,4732,44,reg,2018-01-20,2018-01-20,Potential Roll-over Participant: DID NOT consent to ADNI3,
3,4,4736,26,reg,2017-09-21,2017-09-21,Potential Roll-over Participant: DID NOT consent to ADNI3,
3,4,4737,38,reg,2017-10-13,2017-10-13,Potential Roll-over Participant: Consented to ADNI3,
3,4,4741,6,reg,2017-09-01,2017-09-01,Potential Roll-over Participant: DID NOT consent to ADNI3,
3,4,4744,16,reg,2017-07-18,2017-07-18,Potential Roll-over Participant: Consented to ADNI3,
3,4,4746,1,reg,2017-10-13,2017-10-30,Potential Roll-over Participant: DID NOT consent to ADNI3,
3,4,4750,27,reg,2017-10-16,2017-10-16,Potential Roll-over Participant: DID NOT consent to ADNI3,
3,4,4756,54,reg,2018-01-24,2018-01-24,Potential Roll-over Participant: DID NOT consent to ADNI3,
3,4,4757,50,reg,2017-10-26,2017-10-26,Potential Roll-over Participant: DID NOT consent to ADNI3,
3,4,4765,47,reg,2017-06-07,2017-06-07,Potential Roll-over Participant: Consented to ADNI3,
3,4,4767,33,reg,2017-06-05,2017-06-05,Potential Roll-over Participant: Consented to ADNI3,
3,4,4780,45,reg,2017-10-23,2017-10-23,Potential Roll-over Participant: DID NOT consent to ADNI3,
3,4,4782,33,reg,2017-08-28,2017-08-28,Potential Roll-over Participant: Consented to ADNI3,
3,4,4783,25,reg,2017-10-11,2017-10-11,Potential Roll-over Participant: DID NOT consent to ADNI3,
3,4,4785,25,reg,2017-10-11,2017-11-14,Potential Roll-over Participant: Consented to ADNI3,
3,4,4796,18,reg,2018-01-11,2018-01-11,Potential Roll-over Participant: DID NOT consent to ADNI3,
3,4,4799,1,reg,2017-05-18,2017-05-18,Potential Roll-over Participant: Consented to ADNI3,
3,4,4801,20,reg,2017-10-23,2017-10-23,Potential Roll-over Participant: DID NOT consent to ADNI3,
3,4,4804,20,reg,2016-12-22,2016-12-22,Potential Roll-over Participant: Consented to ADNI3,
3,4,4806,45,reg,2017-10-23,2017-10-23,Potential Roll-over Participant: Consented to ADNI3,
3,4,4809,13,reg,2017-10-18,2017-10-18,Potential Roll-over Participant: DID NOT consent to ADNI3,
3,4,4815,54,reg,2017-04-26,2017-04-26,Potential Roll-over Participant: DID NOT consent to ADNI3,
3,4,4816,54,reg,2018-01-24,2018-01-24,Potential Roll-over Participant: DID NOT consent to ADNI3,
3,4,4817,50,reg,2017-04-19,2017-04-19,Potential Roll-over Participant: Consented to ADNI3,
3,4,4823,23,reg,2017-08-01,2017-08-01,Potential Roll-over Participant: DID NOT consent to ADNI3,
3,4,4827,8,reg,2017-08-24,2017-08-24,Potential Roll-over Participant: Consented to ADNI3,
3,4,4835,14,reg,2017-07-17,2017-07-17,Potential Roll-over Participant: Consented to ADNI3,
3,4,4838,57,reg,2017-10-06,2018-02-27,Potential Roll-over Participant: DID NOT consent to ADNI3,
3,4,4843,47,reg,2018-01-23,2018-01-23,Potential Roll-over Participant: DID NOT consent to ADNI3,
3,4,4844,47,reg,2018-01-23,2018-01-23,Potential Roll-over Participant: DID NOT consent to ADNI3,
3,4,4845,8,reg,2017-10-05,2017-10-05,Potential Roll-over Participant: Consented to ADNI3,
3,4,4855,44,reg,2018-02-12,2018-02-12,Potential Roll-over Participant: Consented to ADNI3,
3,4,4856,34,reg,2017-10-24,2017-10-24,Potential Roll-over Participant: DID NOT consent to ADNI3,
3,4,4858,38,reg,2017-10-13,2017-10-13,Potential Roll-over Participant: Consented to ADNI3,
3,4,4862,54,reg,2018-01-24,2018-01-24,Potential Roll-over Participant: DID NOT consent to ADNI3,
3,4,4868,13,reg,2017-08-04,2017-08-04,Potential Roll-over Participant: Consented to ADNI3,
3,4,4869,20,reg,2017-01-23,2017-01-23,Potential Roll-over Participant: Consented to ADNI3,
3,4,4872,2,reg,2017-11-15,2017-11-15,Potential Roll-over Participant: Consented to ADNI3,
3,4,4873,20,reg,2016-12-22,2016-12-22,Potential Roll-over Participant: Consented to ADNI3,
3,4,4874,28,reg,2017-08-09,2017-08-09,Potential Roll-over Participant: Consented to ADNI3,
3,4,4876,28,reg,2017-07-11,2017-07-11,Potential Roll-over Participant: Consented to ADNI3,
3,4,4877,28,reg,2017-09-26,2017-09-26,Potential Roll-over Participant: Consented to ADNI3,
3,4,4883,50,reg,2017-11-08,2017-11-08,Potential Roll-over Participant: Consented to ADNI3,
3,4,4889,13,reg,2017-10-18,2017-10-18,Potential Roll-over Participant: Consented to ADNI3,
3,4,4893,8,reg,2017-11-01,2017-11-01,Potential Roll-over Participant: Consented to ADNI3,
3,4,4898,44,reg,2018-01-20,2018-01-20,Potential Roll-over Participant: DID NOT consent to ADNI3,
3,4,4899,26,reg,2017-09-21,2017-09-21,Potential Roll-over Participant: DID NOT consent to ADNI3,
3,4,4900,2,reg,2017-10-26,2017-10-26,Potential Roll-over Participant: Consented to ADNI3,
3,4,4903,6,reg,2017-07-03,2017-07-03,Potential Roll-over Participant: DID NOT consent to ADNI3,
3,4,4906,8,reg,2017-10-12,2017-10-12,Potential Roll-over Participant: Consented to ADNI3,
3,4,4918,33,reg,2017-06-19,2017-06-19,Potential Roll-over Participant: DID NOT consent to ADNI3,
3,4,4919,20,reg,2016-12-05,2016-12-05,Potential Roll-over Participant: Consented to ADNI3,
3,4,4925,50,reg,2017-09-27,2017-09-27,Potential Roll-over Participant: DID NOT consent to ADNI3,
3,4,4926,20,reg,2017-02-20,2017-02-20,Potential Roll-over Participant: Consented to ADNI3,
3,4,4928,47,reg,2017-09-05,2017-09-05,Potential Roll-over Participant: Consented to ADNI3,
3,4,4936,20,reg,2017-10-23,2017-10-23,Potential Roll-over Participant: DID NOT consent to ADNI3,
3,4,4938,20,reg,2017-10-18,2017-10-18,Potential Roll-over Participant: Consented to ADNI3,
3,4,4947,22,reg,2018-01-08,2018-01-08,Potential Roll-over Participant: DID NOT consent to ADNI3,
3,4,4949,8,reg,2017-11-27,2017-11-27,Potential Roll-over Participant: Consented to ADNI3,
3,4,4951,12,reg,2017-02-14,2017-02-14,Potential Roll-over Participant: Consented to ADNI3,
3,4,4952,12,reg,2017-02-17,2017-02-17,Potential Roll-over Participant: Consented to ADNI3,
3,4,4958,6,reg,2017-07-03,2017-07-03,Potential Roll-over Participant: DID NOT consent to ADNI3,
3,4,4960,4,reg,2017-10-23,2017-10-23,Potential Roll-over Participant: Consented to ADNI3,
3,4,4962,20,reg,2017-10-18,2017-10-18,Potential Roll-over Participant: Consented to ADNI3,
3,4,4966,20,reg,2017-10-23,2017-10-23,Potential Roll-over Participant: DID NOT consent to ADNI3,
3,4,4974,28,reg,2017-08-30,2017-08-30,Potential Roll-over Participant: Consented to ADNI3,
3,4,4989,28,reg,2017-09-26,2017-09-26,Potential Roll-over Participant: Consented to ADNI3,
3,4,5000,6,reg,2017-07-03,2017-07-03,Potential Roll-over Participant: DID NOT consent to ADNI3,
3,4,5004,17,reg,2017-03-22,2017-03-22,Potential Roll-over Participant: Consented to ADNI3,
3,4,5014,37,reg,2018-01-25,2018-01-25,Potential Roll-over Participant: DID NOT consent to ADNI3,
3,4,5027,6,reg,2017-07-03,2017-07-03,Potential Roll-over Participant: DID NOT consent to ADNI3,
3,4,5037,6,reg,2017-07-03,2017-07-03,Potential Roll-over Participant: DID NOT consent to ADNI3,
3,4,5038,3,reg,2017-10-05,2017-10-05,Potential Roll-over Participant: DID NOT consent to ADNI3,
3,4,5040,34,reg,2017-10-24,2017-10-24,Potential Roll-over Participant: DID NOT consent to ADNI3,
3,4,5047,43,reg,2017-09-29,2017-09-29,Potential Roll-over Participant: Consented to ADNI3,
3,4,5056,47,reg,2017-05-11,2017-05-11,Potential Roll-over Participant: DID NOT consent to ADNI3,
3,4,5075,41,reg,2017-10-20,2017-10-20,Potential Roll-over Participant: Consented to ADNI3,
3,4,5078,28,reg,2017-08-01,2017-08-01,Potential Roll-over Participant: Consented to ADNI3,
3,4,5079,20,reg,2017-04-27,2017-04-27,Potential Roll-over Participant: Consented to ADNI3,
3,4,5082,28,reg,2017-09-26,2017-09-26,Potential Roll-over Participant: Consented to ADNI3,
3,4,5083,20,reg,2017-02-22,2017-02-22,Potential Roll-over Participant: Consented to ADNI3,
3,4,5091,41,reg,2017-10-20,2017-10-20,Potential Roll-over Participant: Consented to ADNI3,
3,4,5093,20,reg,2017-03-10,2017-03-10,Potential Roll-over Participant: Consented to ADNI3,
3,4,5096,41,reg,2017-12-08,2017-12-08,Potential Roll-over Participant: Consented to ADNI3,
3,4,5097,28,reg,2017-09-26,2017-09-26,Potential Roll-over Participant: Consented to ADNI3,
3,4,5100,28,reg,2017-07-11,2017-07-11,Potential Roll-over Participant: Consented to ADNI3,
3,4,5102,41,reg,2017-10-20,2017-10-20,Potential Roll-over Participant: Consented to ADNI3,
3,4,5106,41,reg,2017-10-18,2018-02-13,Potential Roll-over Participant: DID NOT consent to ADNI3,
3,4,5109,20,reg,2017-04-05,2017-04-05,Potential Roll-over Participant: Consented to ADNI3,
3,4,5110,20,reg,2017-10-23,2017-10-23,Potential Roll-over Participant: DID NOT consent to ADNI3,
3,4,5113,52,reg,2017-07-06,2017-07-06,Potential Roll-over Participant: Consented to ADNI3,
3,4,5118,20,reg,2017-07-19,2017-07-19,Potential Roll-over Participant: Consented to ADNI3,
3,4,5124,59,reg,2018-02-08,2018-02-08,Potential Roll-over Participant: Consented to ADNI3,
3,4,5125,6,reg,2017-09-01,2017-09-01,Potential Roll-over Participant: DID NOT consent to ADNI3,
3,4,5126,27,reg,2017-05-10,2017-05-10,Potential Roll-over Participant: Consented to ADNI3,
3,4,5127,20,reg,2017-10-23,2017-10-23,Potential Roll-over Participant: DID NOT consent to ADNI3,
3,4,5130,2,reg,2017-11-14,2017-11-14,Potential Roll-over Participant: Consented to ADNI3,
3,4,5131,28,reg,2017-09-26,2017-09-26,Potential Roll-over Participant: Consented to ADNI3,
3,4,5132,47,reg,2017-05-19,2017-05-19,Potential Roll-over Participant: Consented to ADNI3,
3,4,5135,21,reg,2018-02-02,2018-02-02,Potential Roll-over Participant: DID NOT consent to ADNI3,
3,4,5140,15,reg,2017-10-20,2017-10-20,Potential Roll-over Participant: Consented to ADNI3,
3,4,5141,28,reg,2017-06-22,2017-06-22,Potential Roll-over Participant: Consented to ADNI3,
3,4,5142,50,reg,2018-02-02,2018-02-02,Potential Roll-over Participant: DID NOT consent to ADNI3,
3,4,5147,6,reg,2017-07-03,2017-07-03,Potential Roll-over Participant: DID NOT consent to ADNI3,
3,4,5153,4,reg,2017-10-23,2017-10-23,Potential Roll-over Participant: Consented to ADNI3,
3,4,5154,2,reg,2017-11-14,2017-11-14,Potential Roll-over Participant: Consented to ADNI3,
3,4,5158,21,reg,2018-02-02,2018-02-10,Potential Roll-over Participant: Consented to ADNI3,
3,4,5159,33,reg,2017-10-17,2017-10-17,Potential Roll-over Participant: DID NOT consent to ADNI3,
3,4,5165,2,reg,2017-10-26,2017-10-26,Potential Roll-over Participant: DID NOT consent to ADNI3,
3,4,5166,21,reg,2018-02-02,2018-02-02,Potential Roll-over Participant: DID NOT consent to ADNI3,
3,4,5169,20,reg,2017-05-25,2017-05-25,Potential Roll-over Participant: Consented to ADNI3,
3,4,5170,20,reg,2017-06-22,2017-06-22,Potential Roll-over Participant: Consented to ADNI3,
3,4,5175,50,reg,2017-06-06,2017-06-06,Potential Roll-over Participant: Consented to ADNI3,
3,4,5176,6,reg,2017-09-27,2017-09-27,Potential Roll-over Participant: Consented to ADNI3,
3,4,5177,16,reg,2017-06-27,2017-06-27,Potential Roll-over Participant: Consented to ADNI3,
3,4,5178,1,reg,2017-05-30,2017-05-30,Potential Roll-over Participant: Consented to ADNI3,
3,4,5185,47,reg,2017-08-16,2017-08-16,Potential Roll-over Participant: Consented to ADNI3,
3,4,5193,59,reg,2017-06-12,2017-06-12,Potential Roll-over Participant: Consented to ADNI3,
3,4,5194,16,reg,2017-07-28,2017-07-28,Potential Roll-over Participant: Consented to ADNI3,
3,4,5197,20,reg,2017-06-14,2017-06-14,Potential Roll-over Participant: Consented to ADNI3,
3,4,5198,24,reg,2017-10-18,2017-10-18,Potential Roll-over Participant: Consented to ADNI3,
3,4,5200,47,reg,2017-06-30,2017-06-30,Potential Roll-over Participant: Consented to ADNI3,
3,4,5203,15,reg,2017-10-16,2017-10-18,Potential Roll-over Participant: Consented to ADNI3,
3,4,5204,28,reg,2017-10-25,2017-10-25,Potential Roll-over Participant: DID NOT consent to ADNI3,
3,4,5209,2,reg,2017-11-14,2017-11-14,Potential Roll-over Participant: Consented to ADNI3,
3,4,5212,33,reg,2017-10-17,2017-10-17,Potential Roll-over Participant: DID NOT consent to ADNI3,
3,4,5219,21,reg,2018-02-02,2018-02-02,Potential Roll-over Participant: DID NOT consent to ADNI3,
3,4,5222,27,reg,2017-05-10,2017-05-10,Potential Roll-over Participant: Consented to ADNI3,
3,4,5228,47,reg,2017-09-29,2017-09-29,Potential Roll-over Participant: Consented to ADNI3,
3,4,5230,1,reg,2017-08-08,2017-08-08,Potential Roll-over Participant: Consented to ADNI3,
3,4,5234,43,reg,2017-09-15,2017-09-15,Potential Roll-over Participant: Consented to ADNI3,
3,4,5236,16,reg,2017-07-21,2017-07-21,Potential Roll-over Participant: Consented to ADNI3,
3,4,5237,16,reg,2017-08-16,2017-08-16,Potential Roll-over Participant: Consented to ADNI3,
3,4,5242,14,reg,2017-10-13,2017-10-13,Potential Roll-over Participant: DID NOT consent to ADNI3,
3,4,5244,28,reg,2017-09-26,2017-09-26,Potential Roll-over Participant: Consented to ADNI3,
3,4,5253,28,reg,2017-09-13,2017-09-13,Potential Roll-over Participant: Consented to ADNI3,
3,4,5256,12,reg,2018-01-29,2018-01-29,Potential Roll-over Participant: DID NOT consent to ADNI3,
3,4,5258,50,reg,2017-09-07,2017-09-07,Potential Roll-over Participant: Consented to ADNI3,
3,4,5259,24,reg,2017-10-18,2017-10-18,Potential Roll-over Participant: Consented to ADNI3,
3,4,5261,57,reg,2018-01-19,2018-01-19,Potential Roll-over Participant: DID NOT consent to ADNI3,
3,4,5263,23,reg,2018-01-24,2018-01-24,Potential Roll-over Participant: DID NOT consent to ADNI3,
3,4,5265,5,reg,2017-09-18,2017-09-18,Potential Roll-over Participant: Consented to ADNI3,
3,4,5266,47,reg,2017-08-21,2017-08-21,Potential Roll-over Participant: Consented to ADNI3,
3,4,5267,57,reg,2017-10-06,2018-02-27,Potential Roll-over Participant: DID NOT consent to ADNI3,
3,4,5273,52,reg,2017-10-10,2017-10-10,Potential Roll-over Participant: Consented to ADNI3,
3,4,5277,20,reg,2017-08-15,2017-08-15,Potential Roll-over Participant: Consented to ADNI3,
3,4,5278,37,reg,2018-02-20,2018-02-20,Potential Roll-over Participant: Consented to ADNI3,
3,4,5280,41,reg,2017-10-20,2017-10-20,Potential Roll-over Participant: Consented to ADNI3,
3,4,5282,37,reg,2018-01-25,2018-01-25,Potential Roll-over Participant: Consented to ADNI3,
3,4,5288,20,reg,2017-09-11,2017-09-11,Potential Roll-over Participant: Consented to ADNI3,
3,4,5289,23,reg,2017-05-10,2017-05-10,Potential Roll-over Participant: Consented to ADNI3,
3,4,5290,19,reg,2017-09-11,2017-09-11,Potential Roll-over Participant: Consented to ADNI3,
4,4,6001,20,reg,2016-12-13,2016-12-13,New Screening Participant,
4,4,6002,20,reg,2017-01-06,2017-01-06,New Screening Participant,
4,4,6004,19,reg,2017-02-14,2017-02-14,New Screening Participant,
4,4,6005,19,reg,2017-02-22,2017-02-22,New Screening Participant,
4,4,6006,1,reg,2017-03-16,2017-03-16,New Screening Participant,
4,4,6007,1,reg,2017-03-23,2017-03-23,New Screening Participant,
4,4,6008,55,reg,2017-03-22,2017-05-23,New Screening Participant,
4,4,6009,1,reg,2017-03-30,2017-03-30,New Screening Participant,
4,4,6010,49,reg,2017-04-03,2017-04-03,New Screening Participant,
4,4,6011,1,reg,2017-04-07,2017-04-07,New Screening Participant,
4,4,6012,1,reg,2017-05-01,2017-05-01,New Screening Participant,
4,4,6013,17,reg,2017-04-12,2017-04-12,New Screening Participant,
4,4,6014,2,reg,2017-11-15,2017-12-19,New Screening Participant,
4,4,6015,55,reg,2017-05-04,2017-05-04,New Screening Participant,
4,4,6016,40,reg,2017-05-09,2017-05-09,New Screening Participant,
4,4,6017,59,reg,2017-05-04,2017-05-04,New Screening Participant,
4,4,6018,40,reg,2017-05-16,2017-05-16,New Screening Participant,
4,4,6019,50,reg,2017-05-17,2017-05-17,New Screening Participant,
4,4,6020,50,reg,2017-05-17,2017-05-17,New Screening Participant,
4,4,6021,1,reg,2017-05-18,2017-05-18,New Screening Participant,
4,4,6022,50,reg,2017-05-23,2017-05-23,New Screening Participant,
4,4,6023,50,reg,2017-05-19,2017-05-19,New Screening Participant,
4,4,6024,47,reg,2017-11-08,2017-11-08,New Screening Participant,
4,4,6025,40,reg,2017-05-23,2017-07-07,New Screening Participant,
4,4,6026,50,reg,2017-05-22,2017-05-22,New Screening Participant,
4,4,6027,50,reg,2017-05-24,2017-05-24,New Screening Participant,
4,4,6028,50,reg,2017-05-23,2017-05-23,New Screening Participant,
4,4,6029,27,reg,2017-06-13,2017-06-13,New Screening Participant,
4,4,6030,1,reg,2017-06-06,2017-06-06,New Screening Participant,
4,4,6031,27,reg,2017-06-15,2017-06-15,New Screening Participant,
4,4,6032,27,reg,2017-06-09,2017-06-09,New Screening Participant,
4,4,6033,19,reg,2017-06-01,2017-06-01,New Screening Participant,
4,4,6034,20,reg,2017-06-02,2017-06-02,New Screening Participant,
4,4,6035,50,reg,2017-06-06,2017-06-06,New Screening Participant,
4,4,6036,2,reg,2017-06-09,2017-06-09,New Screening Participant,
4,4,6037,50,reg,2017-06-12,2017-06-12,New Screening Participant,
4,4,6038,40,reg,2017-06-15,2017-06-15,New Screening Participant,
4,4,6039,43,reg,2017-06-14,2017-06-14,New Screening Participant,
4,4,6040,1,reg,2017-06-16,2017-06-16,New Screening Participant,
4,4,6041,55,reg,2017-06-20,2017-06-20,New Screening Participant,
4,4,6042,55,reg,2017-06-30,2017-06-30,New Screening Participant,
4,4,6043,50,reg,2017-06-22,2017-06-22,New Screening Participant,
4,4,6044,59,reg,2017-06-26,2017-06-26,New Screening Participant,
4,4,6045,33,reg,2017-06-27,2017-06-27,New Screening Participant,
4,4,6046,27,reg,2017-07-07,2017-07-07,New Screening Participant,
4,4,6047,50,reg,2017-07-24,2017-07-24,New Screening Participant,
4,4,6048,55,reg,2017-08-01,2017-08-01,New Screening Participant,
4,4,6049,58,reg,2017-06-30,2017-06-30,New Screening Participant,
4,4,6050,33,reg,2017-07-11,2017-07-11,New Screening Participant,
4,4,6051,58,reg,2017-07-07,2017-07-07,New Screening Participant,
4,4,6052,59,reg,2017-07-11,2017-07-11,New Screening Participant,
4,4,6053,1,reg,2017-07-21,2017-07-21,New Screening Participant,
4,4,6054,59,reg,2017-07-17,2017-07-17,New Screening Participant,
4,4,6055,23,reg,2017-07-24,2017-07-24,New Screening Participant,
4,4,6056,61,reg,2017-07-26,2017-07-26,New Screening Participant,
4,4,6057,43,reg,2017-07-27,2017-07-27,New Screening Participant,
4,4,6058,59,reg,2017-07-31,2017-07-31,New Screening Participant,
4,4,6059,58,reg,2017-07-31,2017-07-31,New Screening Participant,
4,4,6060,54,reg,2017-08-02,2017-08-02,New Screening Participant,
4,4,6061,55,reg,2017-08-04,2017-08-04,New Screening Participant,
4,4,6062,58,reg,2017-08-11,2017-08-11,New Screening Participant,
4,4,6063,43,reg,2017-08-07,2017-08-07,New Screening Participant,
4,4,6064,58,reg,2017-08-10,2017-08-10,New Screening Participant,
4,4,6065,58,reg,2017-08-24,2017-08-24,New Screening Participant,
4,4,6066,1,reg,2017-08-17,2017-08-17,New Screening Participant,
4,4,6067,2,reg,2017-09-29,2017-09-29,New Screening Participant,
4,4,6068,59,reg,2017-08-18,2017-08-18,New Screening Participant,
4,4,6069,17,reg,2017-08-18,2017-08-18,New Screening Participant,
4,4,6070,1,reg,2017-08-17,2017-08-17,New Screening Participant,
4,4,6071,27,reg,2017-09-19,2017-09-19,New Screening Participant,
4,4,6072,50,reg,2017-08-22,2017-08-22,New Screening Participant,
4,4,6073,9,reg,2017-09-18,2017-09-18,New Screening Participant,
4,4,6074,44,reg,2017-09-11,2018-01-20,New Screening Participant,
4,4,6075,55,reg,2017-09-14,2017-09-14,New Screening Participant,
4,4,6076,11,reg,2017-09-14,2017-09-14,New Screening Participant,
4,4,6077,40,reg,2017-10-11,2017-10-11,New Screening Participant,
4,4,6078,33,reg,2017-09-29,2017-09-29,New Screening Participant,
4,4,6079,49,reg,2017-09-19,2017-09-19,New Screening Participant,
4,4,6080,59,reg,2017-09-28,2017-09-28,New Screening Participant,
4,4,6081,20,reg,2017-09-26,2017-09-26,New Screening Participant,
4,4,6082,49,reg,2017-09-26,2017-09-26,New Screening Participant,
4,4,6083,27,reg,2017-10-04,2017-10-04,New Screening Participant,
4,4,6084,3,reg,2017-09-28,2017-09-28,New Screening Participant,
4,4,6085,58,reg,2017-10-02,2017-10-02,New Screening Participant,
4,4,6086,58,reg,2017-10-04,2017-10-04,New Screening Participant,
4,4,6087,11,reg,2017-10-04,2017-10-04,New Screening Participant,
4,4,6088,26,reg,2017-10-05,2017-10-05,New Screening Participant,
4,4,6089,49,reg,2017-10-05,2017-10-05,New Screening Participant,
4,4,6090,49,reg,2017-10-11,2017-10-11,New Screening Participant,
4,4,6091,2,reg,2017-10-19,2017-10-19,New Screening Participant,
4,4,6092,2,reg,2017-12-05,2017-12-05,New Screening Participant,
4,4,6093,3,reg,2017-10-11,2017-10-11,New Screening Participant,
4,4,6094,59,reg,2017-10-13,2017-10-13,New Screening Participant,
4,4,6095,14,reg,2017-10-16,2017-10-16,New Screening Participant,
4,4,6096,38,reg,2017-10-25,2017-10-25,New Screening Participant,
4,4,6097,40,reg,2017-11-07,2017-11-07,New Screening Participant,
4,4,6098,58,reg,2017-10-18,2017-10-18,New Screening Participant,
4,4,6099,26,reg,2017-10-18,2017-10-18,New Screening Participant,
4,4,6100,44,reg,2017-10-18,2017-10-18,New Screening Participant,
4,4,6101,49,reg,2017-10-19,2017-10-19,New Screening Participant,
4,4,6102,14,reg,2017-10-19,2017-10-19,New Screening Participant,
4,4,6103,1,reg,2017-10-25,2017-10-25,New Screening Participant,
4,4,6104,52,reg,2017-10-25,2017-10-25,New Screening Participant,
4,4,6105,50,reg,2017-10-23,2017-10-23,New Screening Participant,
4,4,6106,54,reg,2017-11-06,2017-11-06,New Screening Participant,
4,4,6107,58,reg,2017-10-30,2017-10-30,New Screening Participant,
4,4,6108,58,reg,2017-11-03,2017-11-03,New Screening Participant,
4,4,6109,11,reg,2017-10-26,2017-10-26,New Screening Participant,
4,4,6110,52,reg,2017-10-30,2017-10-30,New Screening Participant,
4,4,6111,50,reg,2017-10-27,2017-10-27,New Screening Participant,
4,4,6112,17,reg,2017-11-01,2017-11-01,New Screening Participant,
4,4,6113,43,reg,2017-10-30,2017-10-30,New Screening Participant,
4,4,6114,50,reg,2017-11-06,2017-11-06,New Screening Participant,
4,4,6115,27,reg,2017-11-16,2017-11-16,New Screening Participant,
4,4,6116,55,reg,2017-11-03,2017-11-03,New Screening Participant,
4,4,6117,33,reg,2017-11-13,2017-11-13,New Screening Participant,
4,4,6118,45,reg,2017-11-06,2017-11-06,New Screening Participant,
4,4,6119,44,reg,2017-11-06,2017-11-06,New Screening Participant,
4,4,6120,5,reg,2017-11-07,2017-11-07,New Screening Participant,
4,4,6121,58,reg,2017-11-08,2017-11-08,New Screening Participant,
4,4,6122,38,reg,2017-11-17,2017-11-17,New Screening Participant,
4,4,6123,49,reg,2017-11-13,2017-11-13,New Screening Participant,
4,4,6124,49,reg,2017-11-14,2017-11-14,New Screening Participant,
4,4,6125,27,reg,2017-11-16,2017-11-16,New Screening Participant,
4,4,6126,17,reg,2017-11-27,2017-11-27,New Screening Participant,
4,4,6127,51,reg,2017-11-16,2017-11-16,New Screening Participant,
4,4,6128,58,reg,2017-11-28,2017-11-28,New Screening Participant,
4,4,6129,44,reg,2017-11-16,2017-11-16,New Screening Participant,
4,4,6130,8,reg,2017-11-20,2017-11-20,New Screening Participant,
4,4,6131,58,reg,2017-11-21,2017-11-21,New Screening Participant,
4,4,6132,58,reg,2017-11-27,2017-11-27,New Screening Participant,
4,4,6133,44,reg,2017-11-28,2017-11-28,New Screening Participant,
4,4,6134,26,reg,2017-11-27,2017-11-27,New Screening Participant,
4,4,6135,54,reg,2017-11-28,2017-11-28,New Screening Participant,
4,4,6136,28,reg,2017-11-28,2017-11-28,New Screening Participant,
4,4,6137,50,reg,2017-11-28,2017-11-28,New Screening Participant,
4,4,6139,1,reg,2017-11-28,2017-11-28,New Screening Participant,
4,4,6140,15,reg,2017-11-29,2017-11-29,New Screening Participant,
4,4,6141,27,reg,2017-12-21,2017-12-21,New Screening Participant,
4,4,6142,58,reg,2017-12-05,2017-12-05,New Screening Participant,
4,4,6143,51,reg,2017-12-05,2017-12-05,New Screening Participant,
4,4,6144,27,reg,2017-12-07,2017-12-07,New Screening Participant,
4,4,6145,11,reg,2017-12-07,2017-12-07,New Screening Participant,
4,4,6146,49,reg,2017-12-06,2017-12-06,New Screening Participant,
4,4,6147,47,reg,2018-02-12,2018-02-12,New Screening Participant,
4,4,6148,11,reg,2017-12-07,2017-12-07,New Screening Participant,
4,4,6149,6,reg,2017-12-11,2017-12-11,New Screening Participant,
4,4,6150,55,reg,2018-01-10,2018-01-10,New Screening Participant,
4,4,6151,58,reg,2017-12-15,2017-12-15,New Screening Participant,
4,4,6152,38,reg,2017-12-22,2017-12-22,New Screening Participant,
4,4,6153,51,reg,2017-12-13,2017-12-13,New Screening Participant,
4,4,6154,51,reg,2017-12-13,2017-12-13,New Screening Participant,
4,4,6155,39,reg,2017-12-13,2017-12-13,New Screening Participant,
4,4,6156,25,reg,2017-12-13,2017-12-13,New Screening Participant,
4,4,6157,62,reg,2018-01-10,2018-01-19,New Screening Participant,
4,4,6158,2,reg,2018-02-09,2018-02-09,New Screening Participant,
4,4,6159,28,reg,2017-12-15,2017-12-15,New Screening Participant,
4,4,6160,25,reg,2017-12-20,2017-12-20,New Screening Participant,
4,4,6161,50,reg,2017-12-21,2017-12-21,New Screening Participant,
4,4,6162,38,reg,2018-01-12,2018-01-12,New Screening Participant,
4,4,6163,6,reg,2018-01-31,2018-01-31,New Screening Participant,
4,4,6164,41,reg,2018-01-09,2018-01-09,New Screening Participant,
4,4,6165,41,reg,2018-02-12,2018-02-12,New Screening Participant,
4,4,6166,5,reg,2018-01-08,2018-01-08,New Screening Participant,
4,4,6167,47,reg,2018-01-08,2018-01-08,New Screening Participant,
4,4,6168,47,reg,2018-01-08,2018-01-08,New Screening Participant,
4,4,6169,26,reg,2018-01-09,2018-01-09,New Screening Participant,
4,4,6170,51,reg,2018-01-10,2018-01-10,New Screening Participant,
4,4,6171,55,reg,2018-01-11,2018-01-11,New Screening Participant,
4,4,6172,55,reg,2018-01-12,2018-01-12,New Screening Participant,
4,4,6173,47,reg,2018-01-11,2018-01-11,New Screening Participant,
4,4,6174,51,reg,2018-01-12,2018-01-12,New Screening Participant,
4,4,6175,40,reg,2018-03-02,2018-03-02,New Screening Participant,
4,4,6176,55,reg,2018-01-15,2018-01-15,New Screening Participant,
4,4,6177,55,reg,2018-01-16,2018-01-16,New Screening Participant,
4,4,6178,55,reg,2018-01-16,2018-01-16,New Screening Participant,
4,4,6179,26,reg,2018-01-16,2018-01-16,New Screening Participant,
4,4,6180,58,reg,2018-01-16,2018-01-16,New Screening Participant,
4,4,6181,55,reg,2018-01-17,2018-01-17,New Screening Participant,
4,4,6182,27,reg,2018-01-30,2018-01-30,New Screening Participant,
4,4,6183,20,reg,2018-01-18,2018-01-18,New Screening Participant,
4,4,6184,19,reg,2018-01-19,2018-01-19,New Screening Participant,
4,4,6185,15,reg,2018-01-19,2018-01-19,New Screening Participant,
4,4,6186,14,reg,2018-01-19,2018-01-19,New Screening Participant,
4,4,6187,27,reg,2018-03-08,2018-03-08,New Screening Participant,
4,4,6188,62,reg,2018-01-19,2018-01-19,New Screening Participant,
4,4,6189,26,reg,2018-01-25,2018-01-25,New Screening Participant,
4,4,6190,38,reg,2018-01-22,2018-01-22,New Screening Participant,
4,4,6191,34,reg,2018-01-22,2018-01-22,New Screening Participant,
4,4,6192,28,reg,2018-01-23,2018-01-23,New Screening Participant,
4,4,6193,49,reg,2018-01-24,2018-01-24,New Screening Participant,
4,4,6194,58,reg,2018-01-24,2018-01-24,New Screening Participant,
4,4,6195,25,reg,2018-01-24,2018-01-24,New Screening Participant,
4,4,6196,4,reg,2018-01-25,2018-01-25,New Screening Participant,
4,4,6197,37,reg,2018-01-25,2018-02-13,New Screening Participant,
4,4,6198,55,reg,2018-01-29,2018-01-29,New Screening Participant,
4,4,6199,11,reg,2018-01-31,2018-01-31,New Screening Participant,
4,4,6200,25,reg,2018-01-31,2018-01-31,New Screening Participant,
4,4,6201,49,reg,2018-01-31,2018-01-31,New Screening Participant,
4,4,6202,19,reg,2018-02-02,2018-02-02,New Screening Participant,
4,4,6205,5,reg,2018-02-06,2018-02-06,New Screening Participant,
4,4,6207,13,reg,2018-02-06,2018-02-06,New Screening Participant,
4,4,6208,45,reg,2018-02-06,2018-02-06,New Screening Participant,
4,4,6209,4,reg,2018-02-07,2018-02-07,New Screening Participant,
4,4,6210,11,reg,2018-02-08,2018-02-08,New Screening Participant,
4,4,6211,23,reg,2018-02-08,2018-02-08,New Screening Participant,
4,4,6212,6,reg,2018-02-12,2018-02-12,New Screening Participant,
4,4,6213,42,reg,2018-02-08,2018-02-08,New Screening Participant,
4,4,6214,42,reg,2018-02-23,2018-02-23,New Screening Participant,
4,4,6215,42,reg,2018-02-26,2018-02-26,New Screening Participant,
4,4,6217,42,reg,2018-03-05,2018-03-05,New Screening Participant,
4,4,6223,55,reg,2018-02-09,2018-02-09,New Screening Participant,
4,4,6224,61,reg,2018-02-12,2018-02-12,New Screening Participant,
4,4,6225,55,reg,2018-02-12,2018-02-12,New Screening Participant,
4,4,6226,28,reg,2018-02-12,2018-02-12,New Screening Participant,
4,4,6227,15,reg,2018-02-12,2018-02-12,New Screening Participant,
4,4,6228,49,reg,2018-02-16,2018-02-16,New Screening Participant,
4,4,6229,34,reg,2018-02-13,2018-02-13,New Screening Participant,
4,4,6231,26,reg,2018-02-14,2018-02-14,New Screening Participant,
4,4,6233,58,reg,2018-02-14,2018-02-14,New Screening Participant,
4,4,6234,4,reg,2018-02-14,2018-02-14,New Screening Participant,
4,4,6235,55,reg,2018-02-15,2018-02-15,New Screening Participant,
4,4,6236,34,reg,2018-02-15,2018-02-15,New Screening Participant,
4,4,6237,57,reg,2018-02-15,2018-02-15,New Screening Participant,
4,4,6238,26,reg,2018-02-15,2018-02-15,New Screening Participant,
4,4,6239,41,reg,2018-02-21,2018-02-21,New Screening Participant,
4,4,6240,55,reg,2018-02-16,2018-02-16,New Screening Participant,
4,4,6242,38,reg,2018-03-07,2018-03-07,New Screening Participant,
4,4,6243,4,reg,2018-02-21,2018-02-21,New Screening Participant,
4,4,6244,49,reg,2018-02-22,2018-02-22,New Screening Participant,
4,4,6245,49,reg,2018-02-22,2018-02-22,New Screening Participant,
4,4,6247,15,reg,2018-02-26,2018-02-26,New Screening Participant,
4,4,6249,41,reg,2018-03-02,2018-03-02,New Screening Participant,
4,4,6251,43,reg,2018-02-28,2018-02-28,New Screening Participant,
4,4,6252,4,reg,2018-02-28,2018-02-28,New Screening Participant,
4,4,6253,55,reg,2018-03-01,2018-03-01,New Screening Participant,
4,4,6255,5,reg,2018-03-05,2018-03-05,New Screening Participant,
4,4,6256,2,reg,2018-03-06,2018-03-06,New Screening Participant,
4,4,6257,2,reg,2018-03-08,2018-03-08,New Screening Participant,
4,4,6262,59,reg,2018-03-05,2018-03-05,New Screening Participant,
4,4,6263,62,reg,2018-03-07,2018-03-07,New Screening Participant,
4,4,6266,24,reg,2018-03-07,2018-03-07,New Screening Participant,
4,4,6267,39,reg,2018-03-07,2018-03-07,New Screening Participant,
