1,4,2,8,m144,2017-10-27,2017-10-27,,,Physical limitations,No,,,,Participant unwilling,,,,,No,,,,,,,,,,,,,,,,,,,,,,,,,,,,,,,
1,4,21,8,m144,2018-02-13,2018-02-13,Yes,1342,,Yes,1343,Yes,No,,,No,CCIR_00931_ADNI3_AV1451,804,,3D-OSEM (Siemens),2018-02-02,,1458,,9.8,2018-02-09,No,,,,,,,,,,,,,,,,,,,,,,,
1,3,55,13,m108,2015-07-10,,,,,,,,,,,,,,,,,,,,,,,,,,,,,,,,,,,,,,,,,,,,,
1,4,56,33,m144,2018-02-20,2018-02-27,Yes,1413,,Yes,1415,Yes,No,,,No,AV1451_TAU_ADNI_2_LM,649,,FORE/2D-OSEM (Siemens),2018-02-20,,1530,,10.8,2018-02-26,No,,,,,,,,,,,,,,,,,,,,,,,
1,4,59,33,m144,2017-12-18,2017-12-18,Yes,1416,,Yes,1417,Yes,No,,,No,AV1451_TAU_ADNI_2_LM (Adult),600,,3D-OSEM (Siemens),2017-12-12,,1532,,10.6,2017-12-14,No,,,,,,,,,,,,,,,,,,,,,,,
1,4,74,20,m132,2017-05-24,2017-05-24,,,,No,,,,Other (specify),QTcB was elevated past inclusion,,,,No,,,,,,,,,,,,,,,,,,,,,,,,,,,,,,,
1,3,96,16,m120,2016-07-19,,,,,Yes,,,,,,,,,,,2016-06-14,,,,10.6,,,,1,732,1433,1434,1549,No,,,812782 BRAIN AV1451 DYN,6 frames, 5 min/frame (6x300s),,No,No,Yes,Yes,2016-07-07,3D or LOR Ramla (Philips),,Yes,Yes,,
1,4,96,17,m132,2017-03-22,2017-03-22,Yes,1431,,Yes,1432,Yes,No,,,No,82566 Brain Av-1451 DYN,731,,3D or LOR Ramla (Philips),2017-03-16,,1547,Yes,10.4,2017-03-17,No,,,,,,,,,,,,,,,,,,,,,,,
1,3,112,47,m120,2016-05-04,,,,,Yes,,,,,,,,,,,2016-05-03,,,,9.8,,,,1,400,1439,1440,1555,No,,,per Siemens,6 frames, 5 min/frame (6x300s),,No,No,Yes,Yes,2016-05-04,FORE/2D-OSEM (Siemens),,,No,,
1,4,112,47,m132,2017-12-07,2017-12-07,Yes,1411,,Yes,1412,Yes,No,,,No,ADNI AV1451,400,,FORE/2D-OSEM (Siemens),2017-12-01,,1527,,10.5,2017-12-07,No,,,,,,,,,,,,,,,,,,,,,,,
1,4,120,20,m132,2017-10-09,2017-10-09,Yes,1445,,Yes,1445,Yes,No,,,No,ADNI-3_TAU_6X5_BRAIN,546,,3D or LOR Ramla (Philips),2017-09-13,,1600,Yes,10.4,2017-09-13,No,,,,,,,,,,,,,,,,,,,,,,,
1,4,127,58,m132,2017-10-11,2017-10-11,Yes,1333,Patient coughed at the 5min mark, 8min mark, 10.5min mark, many times throughout scan,Yes,1333,Yes,Yes,,,No,PTCT_Brain_3D TauAV-1451,724,,3D Iterative (GE),2017-10-10,,1449,,9.1,2017-10-11,No,,,,,,,,,,,,,,,,,,,,,,,
1,3,142,13,m120,2016-04-27,,,,,Yes,,,,,,,,,,,2016-04-14,,,,9.7,,,,1,637,1439,1440,1555,No,,,AV-1451 BRAIN2 3D EMISSION,6 frames, 5 min/frame (6x300s),,No,No,Yes,Yes,2016-04-14,FORE Iterative (GE),,,No,,
1,4,156,25,m144,2017-11-29,2017-11-29,Yes,1317,,Yes,1319,Yes,No,,,No,7_ADNI3-TAUPET-AV-1451,700,,FORE/2D-OSEM (Siemens),2017-11-22,,1434,,10.3,2017-11-28,No,,,,,,,,,,,,,,,,,,,,,,,
1,4,159,16,m132,2017-06-05,2017-06-05,,,,No,,,,Participant unwilling,,,,,No,,,,,,,,,,,,,,,,,,,,,,,,,,,,,,,
1,4,178,16,m132,2017-05-26,2017-05-26,,,,No,,,,Participant unwilling,,,,,No,,,,,,,,,,,,,,,,,,,,,,,,,,,,,,,
1,4,259,47,m132,2017-12-20,2017-12-20,,,,No,,,,Other (specify),Scan initially scheduled for 10/31/17. Avid cancelled the scan due to a tracer production failure. Participant declined to be rescheduled as he travels quite a distance to participate.,,,,No,,,,,,,,,,,,,,,,,,,,,,,,,,,,,,,
1,3,303,26,m120,2016-05-25,,,,,Yes,,,,,,,,,,,2016-05-10,,,,9.4,,,,1,840,1516,1517,1632,No,,,2010_00139_ADNI2_TAU(ADULT),6 frames, 5 min/frame (6x300s),,Yes,No,Yes,Yes,2016-05-11,FORE/2D-OSEM (Siemens),,,No,Pt. had a slight "nodding" motion from frames 1-6,
1,4,337,16,m132,2017-06-22,2017-06-22,Yes,1442,,Yes,1444,Yes,No,,,No,ADNI-3,636,,3D Iterative (GE),2017-06-13,,1559,,9.8,2017-06-13,No,,,,,,,,,,,,,,,,,,,,,,,
1,3,377,26,m120,2016-07-21,,,,,Yes,,,,,,,,,,,2016-07-12,,,,10.7,,,,1,830,1438,1439,1554,No,,,2010-00139-ADNI2-TAU,6 frames, 5 min/frame (6x300s),,No,No,Yes,Yes,2016-07-12,FORE/2D-OSEM (Siemens),,,No,,
1,4,377,27,m132,2017-04-18,2017-04-18,Yes,1439,Subject motion in all frames.,Yes,1440,Yes,Yes,,,No,,830,,FORE/2D-OSEM (Siemens),2017-04-14,,1555,,9.2,2017-04-17,No,,,,,,,,,,,,,,,,,,,,,,,
1,4,413,1,m132,2017-07-05,2017-07-05,Yes,1508,,Yes,1509,Yes,No,,,No,PET_BRAIN_AV_1451_TAU/RESEARCH,722,,3D or LOR Ramla (Philips),2017-06-21,,1624,Yes,10.2,2017-06-22,No,,,,,,,,,,,,,,,,,,,,,,,
1,4,416,43,m132,2017-11-30,2017-11-30,Yes,1114,Raw data sent to local.,Yes,1115,Yes,No,,,No,ADNI3,630,,3D or LOR Ramla (Philips),2017-11-21,,1230,Yes,10.8,2017-11-29,No,,,,,,,,,,,,,,,,,,,,,,,
1,3,467,26,m120,2016-07-12,,,,,Yes,,,,,,,,,,,2016-06-28,,,,10.1,,,,1,830,1434,1435,1550,No,,,2010-00139-ADNI2-TAU,6 frames, 5 min/frame (6x300s),,No,No,Yes,Yes,2016-06-29,FORE/2D-OSEM (Siemens),,,No,,
1,4,467,27,m132,2017-10-20,2017-10-20,Yes,1550,Driver was late with dose.  He arrived at 15:50. Subject was supposed to be injected at 15:30.  Assay Dose was 9:06 so we went ahead and injected.,Yes,1551,Yes,,,,Yes,2016-00233_ADNI3_TAU_BRAIN,800,,FORE/2D-OSEM (Siemens),2017-10-17,,1707,,8.6,2017-10-18,No,,,,,,,,,,,,,,,,,,,,,,,
1,4,473,58,m132,2017-10-25,2017-10-25,,,,No,,,,Participant unwilling,,,,,No,,,,,,,,,,,,,,,,,,,,,,,,,,,,,,,
1,4,498,4,m132,2017-11-21,2017-11-21,Yes,1500,,Yes,1500,Yes,No,,,No,PETCT_Brain_AV1451_LM,610,,3D-OSEM (Siemens),2017-11-20,,1615,,10.6,2017-11-21,No,,,,,,,,,,,,,,,,,,,,,,,
1,4,555,25,m132,2018-02-16,2018-02-16,,,,No,,,,Other (specify),We are not conducting Tau scans on AD pts at our site.,,,,No,,,,,,,,,,,,,,,,,,,,,,,,,,,,,,,
1,4,626,16,m132,2017-05-17,2017-05-17,Yes,1443,,Yes,1444,Yes,No,,,No,ADNI-3,633,,3D Iterative (GE),2017-04-12,difficulty positioning patient delayed start,1603,,10.8,2017-04-14,No,,,,,,,,,,,,,,,,,,,,,,,
1,3,668,55,m108,2015-11-03,,,,,Yes,,,,,,,,,,,2015-10-28,,,,10.6,,,,1,1300,1408,1409,1524,No,,,ADNI2 Tau Addendum,6 frames, 5 min/frame (6x300s),,No,No,Yes,Yes,2015-10-29,FORE Iterative (GE),,,No,,
1,3,668,55,m120,2016-12-09,,,,,Yes,,,,,,,,,,,2016-10-19,,,,8.4,,,,1,600,1444,1445,1559,No,,,,6 frames, 5 min/frame (6x300s),,No,No,Yes,Yes,2016-10-20,3D Iterative (GE),,,No,Black plunger on syringe, unable to get resd. out.,
1,4,677,23,m132,2017-07-21,2017-07-21,Yes,1354,,Yes,1356,Yes,No,,,No,ADNI3_AV1451_30min_6F_cnfg,830,,3D-OSEM (Siemens),2017-07-20,,1511,,10.6,2017-07-20,No,,,,,,,,,,,,,,,,,,,,,,,
1,4,679,28,m132,2017-07-11,2017-07-11,Yes,1411,,Yes,1419,Yes,No,,,No,Brain_F18_6x5min-ADNI3,258,,FORE/2D-OSEM (Siemens),2017-06-27,,1534,,9.8,2017-06-28,No,,,,,,,,,,,,,,,,,,,,,,,
1,4,684,47,m132,2017-09-08,2017-09-08,Yes,1420,,Yes,1421,Yes,No,,,No,ADNI AV1451,400,,FORE/2D-OSEM (Siemens),2017-09-07,,1536,,10.4,2017-09-08,No,,,,,,,,,,,,,,,,,,,,,,,
1,3,722,55,m108,2015-10-23,,,,,Yes,,,,,,,,,,,2015-10-20,,,,10.5,,,,1,815,1423,1424,1540,No,,,ADNI-2 Tau Addendum,6 frames, 5 min/frame (6x300s),,No,No,Yes,Yes,2015-10-21,FORE Iterative (GE),,,No,,
1,4,731,4,m132,2017-10-06,2017-10-06,Yes,1515,,Yes,1517,Yes,No,,,No,Brain_Adni3_TauAV1451_LM,544,,3D-OSEM (Siemens),2017-10-04,,1632,,9.8,2017-10-06,No,,,,,,,,,,,,,,,,,,,,,,,
1,4,734,24,m132,2017-10-19,2017-10-24,Yes,1415,,Yes,1418,Yes,No,,,No,1.13 Dyn 3D Brain,713,,FORE Iterative (GE),2017-10-18,,1423,,8.8,2017-10-19,No,,,,,,,,,,,,,,,,,,,,,,,
1,4,751,6,m132,2017-07-25,2017-07-25,Yes,1400,LONI-IT issues being resolved for upload,Yes,1409,No,No,,,No,MNI-3DBRAIN-A4-4X5,715,,FORE Iterative (GE),2017-07-20,PT insisted on calling wife as we were trying to get him started. Was adamant about making call.,1527,,14,,No,,,,,,,,,,,,,,,,,,,,,,,
1,4,767,55,m132,2017-06-23,2017-07-17,Yes,1432,,Yes,1435,Yes,No,,,No,RIH_STUDY_ATRI_ADNI3_1451,641,,3D-OSEM (Siemens),2017-06-22,,1550,,10.5,2017-06-23,No,,,,,,,,,,,,,,,,,,,,,,,
1,3,800,55,m108,2015-10-09,,,,,Yes,,,,,,,,,,,2015-10-01,,,,10,,,,1,1330,1345,1346,1501,No,,,ADNI-2 Tau Addendum,6 frames, 5 min/frame (6x300s),,No,No,Yes,Yes,2015-10-05,FORE Iterative (GE),,,Yes,,
1,3,800,55,m120,2016-09-20,,,,,Yes,,,,,,,,,,,2016-09-15,,,,10.2,,,,1,600,1347,1348,1503,No,,,ADNI-2 F-18 TAU,6 frames, 5 min/frame (6x300s),,No,No,Yes,Yes,2016-09-15,FORE Iterative (GE),,,No,,
1,3,925,47,m108,2016-03-31,,,,,Yes,,,,,,,,,,,2016-03-30,,,,9.1,,,,1,400,1516,1517,1632,No,,,per Siemens,6 frames, 5 min/frame (6x300s),,No,No,Yes,Yes,2016-03-31,FORE/2D-OSEM (Siemens),,,No,,
1,4,969,50,m132,2017-07-05,2017-07-05,Yes,1410,,Yes,1410,Yes,No,,,No,3_PETCT_ADNI3_AV1451_Brain_LM,635,,3D-OSEM (Siemens),2017-06-09,,1525,,9.8,2017-06-09,No,,,,,,,,,,,,,,,,,,,,,,,
1,4,1016,24,m132,2017-12-15,2017-12-15,Yes,1505,,Yes,1509,Yes,No,,,No,1.13 DYN 3D Brain,715,,FORE Iterative (GE),2017-12-11,,1625,,11,2017-12-12,No,,,,,,,,,,,,,,,,,,,,,,,
1,4,1052,55,m120,2017-06-22,2017-07-17,Yes,1430,,Yes,1431,Yes,No,,,No,RIH_STUDY_ATRI_ADNI3_1451,632,,3D-OSEM (Siemens),2017-06-20,,1546,,10.8,2017-06-22,No,,,,,,,,,,,,,,,,,,,,,,,
1,4,1078,27,m120,2017-03-21,2017-03-21,,,subject unable to finish imaging. Attempted to get out of the scanner. Acquired 15 minutes and 48 seconds.,No,,,,Other (specify),participant unwilling to complete the scanning. attempted to crawl out of the scanner.,,,,Yes,,2017-03-15,,,,,,,,,,,,,,,,,,,,,,,,,,,,,
1,4,1098,24,m132,2017-12-21,2017-12-21,,,SP called the day before it was scheduled to let me know it was too much of a burden for subject and they did not want to complete this scan.,No,,,,Withdrawn consent,,,,,No,,,,,,,,,,,,,,,,,,,,,,,,,,,,,,,
1,4,1122,2,m120,2017-11-28,2017-11-28,Yes,1409,,Yes,1411,Yes,No,,,No,3_ADNI3_AV_1451_LM,506,,3D-OSEM (Siemens),2017-08-10,,1526,,10,2017-08-11,No,,,,,,,,,,,,,,,,,,,,,,,
1,4,1155,1,m120,2017-04-26,2017-04-26,Yes,1522,,Yes,1524,Yes,No,,,No,PET_BRAIN_AV_1451_TAU/RESEARCH,748,,3D or LOR Ramla (Philips),2017-04-24,,1639,Yes,10.2,2017-04-25,No,,,,,,,,,,,,,,,,,,,,,,,
1,4,1169,23,m132,2018-01-12,2018-01-12,Yes,1334,,Yes,1335,Yes,No,,,No,ADNI3_AV1451_30min_6F.cnfg,902,,3D-OSEM (Siemens),2018-01-11,,1450,,9.8,2018-01-11,No,,,,,,,,,,,,,,,,,,,,,,,
1,3,1190,17,m108,2016-05-19,,,,,Yes,,,,,,,,,,,2016-05-17,,,,10.5,,,,1,645,1459,1459,1613,No,,,A4_TAU_6x5,6 frames, 5 min/frame (6x300s),,No,No,Yes,Yes,2016-05-19,FORE/2D-OSEM (Siemens),,,No,,
1,4,1190,18,m132,2017-11-13,2017-11-13,Yes,1603,,Yes,1603,Yes,No,,,No,Research_ADNI3_TAU,657,,FORE/2D-OSEM (Siemens),2017-11-08,,1718,,10.3,2017-11-09,No,,,,,,,,,,,,,,,,,,,,,,,
1,4,1261,1,m120,2017-03-21,2017-03-21,Yes,1534,,Yes,1535,Yes,No,,,No,PET_BRAIN_AV_1451_TAU/RESEARCH,722,,3D or LOR Ramla (Philips),2017-03-15,,1650,Yes,10.6,2017-03-20,No,,,,,,,,,,,,,,,,,,,,,,,
1,4,1280,1,m120,2017-03-15,2017-03-15,Yes,1523,Process of setting up hard drive,Yes,1527,Yes,No,,,No,PET_BRAIN_AV_1451_TAU,744,,3D or LOR Ramla (Philips),2017-03-13,,1642,Yes,9.7,2017-03-15,No,,,,,,,,,,,,,,,,,,,,,,,
1,4,1378,55,m120,2017-07-12,2017-07-17,Yes,1445,,Yes,1447,Yes,No,,,No,RIH_STUDY_ATRI_ADNI3_1451,652,,3D-OSEM (Siemens),2017-07-11,,1602,,10.3,2017-07-12,No,,,,,,,,,,,,,,,,,,,,,,,
1,3,1414,55,m96,2015-10-23,,,,,Yes,,,,,,,,,,,2015-10-20,,,,9.8,,,,1,815,1243,1244,1359,No,,,ADNI-2 Tau Addendum,6 frames, 5 min/frame (6x300s),,No,No,Yes,Yes,2015-10-21,FORE Iterative (GE),,,No,,
1,4,1418,28,m120,2017-08-01,2017-08-01,Yes,1556,,Yes,1605,Yes,No,,,No,Brain_F18_6x5min-ADNI3,258,,FORE/2D-OSEM (Siemens),2017-07-27,,1720,,9.6,2017-07-28,No,,,,,,,,,,,,,,,,,,,,,,,
1,3,1427,47,m108,2016-09-23,,,,,Yes,,,,,,,,,,,2016-09-21,,,,10.2,,,,1,400,1522,1523,1638,No,,,per Siemens,6 frames, 5 min/frame (6x300s),,No,No,Yes,Yes,2016-09-23,FORE/2D-OSEM (Siemens),,,No,,
1,4,1427,47,m120,2017-10-20,2017-10-20,Yes,1401,,Yes,1402,Yes,No,,,No,ADNI AV1451,400,,FORE/2D-OSEM (Siemens),2017-10-16,,1517,,10.5,2017-10-20,No,,,,,,,,,,,,,,,,,,,,,,,
2,3,2002,48,m72,2016-07-22,,,,,Yes,,,,,,,,,,,2016-07-14,,,,10.9,,,,1,1009,1306,1307,1422,No,,,ADNI2,6 frames, 5 min/frame (6x300s),,No,No,No,Yes,2016-07-18,OSEM3D (Siemens) (If HHRT scanners using OP, select OSEM3D),,,No,,
2,3,2055,45,m60,2015-10-16,,,,,,,,,,,,,,,,,,,,,,,,,,,,,,,,,,,,,,,,,,,,,
2,4,2061,25,m84,2017-09-19,2017-09-19,,,,No,,,,Withdrawn consent,,,,,No,,,,,,,,,,,,,,,,,,,,,,,,,,,,,,,
2,4,2068,18,m84,2017-11-09,2017-11-09,Yes,1518,re-reconstructed per direction given to site by Dr. Koeppe,Yes,1518,Yes,No,,,No,,733,,FORE/2D-OSEM (Siemens),2017-10-18,,1635,,9,2017-11-08,No,,,,,,,,,,,,,,,,,,,,,,,
2,4,2119,23,m84,2017-06-16,2017-06-16,Yes,1437,,Yes,1439,Yes,No,,,No,ADNI3_AV_1451_30min.6F.cnfg,827,,3D-OSEM (Siemens),2017-06-13,,1554,,10,2017-06-14,No,,,,,,,,,,,,,,,,,,,,,,,
2,4,2121,37,m84,2018-03-06,2018-03-06,Yes,1510,,Yes,1510,Yes,,,,,PET AV_1451_DOD_ADNI_TAU_LM,710,,3D-OSEM (Siemens),2018-02-07,,1625,,10.3,2018-02-15,No,,,,,,,,,,,,,,,,,,,,,,,
2,3,2133,13,m60,2015-12-07,,,,,,,,,,,,,,,,,,,,,,,,,,,,,,,,,,,,,,,,,,,,,
2,4,2133,13,m84,2018-01-31,2018-01-31,Yes,1445,,Yes,1447,Yes,No,,,No,AV-1451 BRAIN2 3D EMISSION,546,,3D Iterative (GE),2018-01-24,,1602,,9.7,2018-01-31,No,,,,,,,,,,,,,,,,,,,,,,,
2,3,2146,47,m60,2015-11-20,,,,,No,,,,Participant/Study Partner Refused,,,,,No,,,,,,,,,,1,,,,,,,,,,,,,,,,,,,,,
2,4,2146,47,m84,2017-11-21,2017-11-21,,,,No,,,,Other (specify),does not qualify QTc > 458 (QTc=477),,,,,,,,,,,,,,,,,,,,,,,,,,,,,,,,,,,
2,3,2155,13,m60,2015-12-04,,,,,,,,,,,,,,,,,,,,,,,,,,,,,,,,,,,,,,,,,,,,,
2,4,2155,13,m84,2017-09-25,2017-09-25,Yes,1346,,Yes,1347,Yes,No,,,No,AV-1451 BRAIN2 3D EMISSION,649,,FORE Iterative (GE),2017-09-21,,1503,,10.6,2017-09-25,No,,,,,,,,,,,,,,,,,,,,,,,
2,3,2180,13,m60,2016-04-27,,,,,Yes,,,,,,,,,,,2016-04-06,,,,9.9,,,,1,546,1456,1459,1614,No,,,AV-1451 BRAIN2 3D EMISSION,6 frames, 5 min/frame (6x300s),,No,No,Yes,Yes,2016-04-06,FORE Iterative (GE),,,No,,
2,4,2180,13,m84,2017-10-31,2017-11-06,Yes,1348,,Yes,1350,Yes,No,,,No,AV-1451 BRAIN1 3D EMISSION,652,,FORE Iterative (GE),2017-10-18,,1505,,11,2017-10-26,No,,,,,,,,,,,,,,,,,,,,,,,
2,3,2183,19,m60,2016-03-17,,,,,Yes,,,,,,,,,,,2016-01-28,,,,10.3,,,,1,630,1435,1435,1549,No,,,ADNI-2_TAU_GXS_BRAIN,6 frames, 5 min/frame (6x300s),,No,No,Yes,Yes,2016-01-28,3D or LOR Ramla (Philips),0.1,Yes,No,,
2,4,2183,20,m72,2017-12-20,2017-12-20,,,participant did not want to complete this scan,No,,,,Participant unwilling,,,,,No,,,,,,,,,,,,,,,,,,,,,,,,,,,,,,,
2,4,2185,11,m84,2017-09-02,2017-09-02,,,,No,,,,Participant unwilling,,,,,No,,,,,,,,,,,,,,,,,,,,,,,,,,,,,,,
2,4,2187,58,m84,2017-10-12,2017-10-12,Yes,1355,,Yes,1356,Yes,No,,,No,PTCT_Brain_3D_ADNI3_TauAV-1451,747,,3D Iterative (GE),2017-10-11,,1513,,8.2,2017-10-12,No,,,,,,,,,,,,,,,,,,,,,,,
2,3,2200,41,m60,2016-08-10,,,,,Yes,,,,,,,,,,,2016-03-15,,,,10,,,,1,626,1356,1357,1512,No,,,ADCS TAU 1451 30MIN BRAIN,6 frames, 5 min/frame (6x300s),,No,No,Yes,Yes,2016-03-15,OSEM3D (Siemens) (If HHRT scanners using OP, select OSEM3D),,,No,,
2,4,2201,38,m84,2017-10-19,2017-10-19,,,,No,,,,Other (specify),QTc Interval > 474 female,,,,,,,,,,,,,,,,,,,,,,,,,,,,,,,,,,,
2,4,2219,20,m72,2017-05-15,2017-05-15,Yes,1438,,Yes,1440,Yes,No,,,No,ADNI-3 Tau 6x5 BRAIN,652,,3D or LOR Ramla (Philips),2017-05-02,,1555,Yes,9,2017-05-02,No,,,,,,,,,,,,,,,,,,,,,,,
2,3,2234,47,m60,2016-06-15,,,,,Yes,,,,,,,,,,,2016-06-15,,,,9.1,,,,1,400,1344,1345,1500,No,,,ADNI - AV1451,6 frames, 5 min/frame (6x300s),,No,No,Yes,Yes,2016-06-15,FORE/2D-OSEM (Siemens),,,No,,
2,3,2234,47,m72,2017-01-27,,,,,Yes,,,,,,,,,,,2017-01-26,,,,9.8,,,,1,400,1538,1539,1654,No,,,per Siemens,6 frames, 5 min/frame (6x300s),,No,No,Yes,Yes,2017-01-27,FORE/2D-OSEM (Siemens),,,No,,
2,4,2239,19,m72,2017-03-30,2017-04-03,Yes,1319,,Yes,1320,Yes,No,,,No,Project 322 (ADNI3) Delayed AV-1451 (Tau),458,,FORE/2D-OSEM (Siemens),2017-03-30,,1435,,10.5,2017-03-31,No,,,,,,,,,,,,,,,,,,,,,,,
2,3,2245,19,m60,2016-03-17,,,,,Yes,,,,,,,,,,,2016-02-18,,,,9.8,,,,1,611,1444,1445,1559,No,,,UISP_ADNI-2_TAU_6X5_BRAIN,6 frames, 5 min/frame (6x300s),,No,No,Yes,Yes,2016-02-18,3D or LOR Ramla (Philips),0.1,Yes,No,,
2,4,2245,20,m72,2017-03-16,2017-03-28,Yes,1421,,Yes,1423,Yes,No,,,No,UISP_ADNI-3 TAU 6x5 BRAIN,605,,3D or LOR Ramla (Philips),2017-03-02,,1538,Yes,10.6,2017-03-02,No,,,,,,,,,,,,,,,,,,,,,,,
2,3,2247,22,m60,2016-05-12,,,,,Yes,,,,,,,,,,,2016-05-11,,,,10,,,,1,839,1408,1410,1525,No,,,ADNI2_AV-1451_30min_6F.cnfg,6 frames, 5 min/frame (6x300s),,No,No,Yes,Yes,2016-05-12,OSEM3D (Siemens) (If HHRT scanners using OP, select OSEM3D),,,Yes,2 mm Gaussian,
2,3,2263,16,m60,2016-04-26,,,,,Yes,,,,,,,,,,,2016-04-07,,,,10,,,,1,714,1458,1500,1615,No,,,812782 BRAIN AV1451 DYN,6 frames, 5 min/frame (6x300s),,No,No,Yes,No,,3D or LOR Ramla (Philips),1,Yes,Yes,no comments,
2,4,2263,17,m72,2017-04-19,2017-04-19,Yes,1432,,Yes,1434,Yes,No,,,No,825666 Brain AV-1451 DYN,737,,3D or LOR Ramla (Philips),2017-04-18,,1549,Yes,6.9,2017-04-21,No,,,,,,,,,,,,,,,,,,,,,,,
2,3,2301,32,m60,2016-06-10,,,,,Yes,,,,,,,,,,,2016-05-24,,,,9.3,,,,1,650,1414,1415,1528,No,,,AV1451_TAU_ADNI_2_LM,6 frames, 5 min/frame (6x300s),,No,No,Yes,Yes,2016-05-25,FORE/2D-OSEM (Siemens),,,No,,
2,4,2301,33,m72,2017-08-21,2017-08-21,Yes,1437,,Yes,1438,Yes,No,,,No,AV1451_TAU_ADNI_2_LM,710,,FORE/2D-OSEM (Siemens),2017-08-08,,1551,,6.9,2017-08-10,No,,,,,,,,,,,,,,,,,,,,,,,
2,3,2304,32,m60,2016-04-06,,,,,Yes,,,,,,,,,,,2016-04-05,,,,9.3,,,,1,657,1427,1428,1541,No,,,AV1451_TAU_ADNI_2_LM,6 frames, 5 min/frame (6x300s),,No,No,Yes,Yes,2016-04-06,FORE/2D-OSEM (Siemens),,,No,,
2,4,2304,33,m72,2017-08-28,2017-08-28,Yes,1431,,Yes,1432,Yes,No,,,No,AV1451_TAU_ADNI_2_LM (Adult),706,,FORE/2D-OSEM (Siemens),2017-08-16,,1547,,7.1,2017-08-17,No,,,,,,,,,,,,,,,,,,,,,,,
2,4,2332,49,m72,2017-05-26,2017-05-26,Yes,1221,,Yes,1223,Yes,No,,,No,RN: ADNI3 AV1451 6X300 SEC,643,,3D Iterative (GE),2017-05-23,,1338,,9.9,2017-05-26,No,,,,,,,,,,,,,,,,,,,,,,,
2,4,2333,55,m84,2018-01-08,2018-02-15,Yes,1339,,Yes,1340,Yes,No,,,No,RIH_STUDY_ATRI_ADNI3_1451,639,,3D-OSEM (Siemens),2018-01-03,,1455,,10.2,2018-01-08,No,,,,,,,,,,,,,,,,,,,,,,,
2,3,2336,19,m60,2016-08-09,,,,,Yes,,,,,,,,,,,2016-06-30,,,,9.5,,,,1,606,1448,1449,1604,No,,,ADNI_2_TAU_6x5_BRAIN,6 frames, 5 min/frame (6x300s),,No,No,Yes,Yes,2016-06-30,3D or LOR Ramla (Philips),,Yes,No,,
2,3,2367,37,m60,2016-07-05,2017-01-10,,,,Yes,,,,,,,,,,,2016-06-21,,,,9.7,,,,1,330,1354,1355,1510,No,,,3D AV1451 ADNI2 BRAIN ACQUISITION,6 frames, 5 min/frame (6x300s),,No,No,Yes,Yes,2016-06-22,FORE/2D-OSEM (Siemens),,,No,,
2,4,2373,50,m72,2017-07-05,2017-07-05,Yes,1516,,Yes,1517,Yes,No,,,No,3PETCT_ADNI3_AV1451_Brain_LM,616,,3D-OSEM (Siemens),2017-06-28,,1632,,9.9,2017-06-28,No,,,,,,,,,,,,,,,,,,,,,,,
2,4,2374,2,m72,2017-12-13,2017-12-13,Yes,1420,,Yes,1421,Yes,No,,,No,N/A,504,,FORE/2D-OSEM (Siemens),2017-11-29,,1536,,10.1,2017-11-30,No,,,,,,,,,,,,,,,,,,,,,,,
2,4,2379,17,m72,2017-05-15,2017-05-15,Yes,1353,,Yes,1355,Yes,No,,,No,825666 Brain AV-1451 DYN,733,,3D or LOR Ramla (Philips),2017-05-09,,1510,Yes,10,2017-05-12,No,,,,,,,,,,,,,,,,,,,,,,,
2,4,2392,43,m72,2017-11-30,2017-11-30,Yes,1155,,Yes,1157,Yes,No,,,No,ADNI3,713,,3D or LOR Ramla (Philips),2017-11-15,,1312,Yes,7.5,2017-11-29,No,,,,,,,,,,,,,,,,,,,,,,,
2,4,2392,43,m72,2018-01-26,2018-01-26,Yes,1125,Tau PET had to be repeated due to detector block streaks in first scan done 11.15.17.,Yes,1125,Yes,No,,,No,ADNI3-Tau PET/CT Brain,708,,3D or LOR Ramla (Philips),2018-01-24,,1240,Yes,10,2018-01-26,No,,,,,,,,,,,,,,,,,,,,,,,
2,3,2394,5,m60,2016-07-28,,,,,Yes,,,,,,,,,,,2016-07-19,,,,9.1,,,,1,530,1320,1327,1442,No,,,2.10 Brain 3D: AV1451: ADNI-2,6 frames, 5 min/frame (6x300s),,No,No,Yes,Yes,2016-07-20,3D Iterative (GE),,,No,,
2,4,2394,5,m72,,2017-08-18,,,Subject declined Tau AV-1451 PET Scan at this this visit.,No,,,,Participant unwilling,,,,,No,,,,,,,,,,,,,,,,,,,,,,,,,,,,,,,
2,4,2403,50,m72,2017-09-07,2017-09-07,Yes,1520,,Yes,1521,Yes,No,,,No,3_PETCT_ADNI3_AV1451_Brain_LM,622,,3D-OSEM (Siemens),2017-07-06,,1536,,9.2,2017-07-06,No,,,,,,,,,,,,,,,,,,,,,,,
3,3,4003,38,m60,2016-07-18,,,,,Yes,,,,,,,,,,,2016-07-12,,,,10.6,,,,1,750,1410,1412,1528,No,,,ADNI TAU BRAIN DYN,6 frames, 5 min/frame (6x300s),,No,No,Yes,Yes,2016-07-18,3D Iterative (GE),,,No,,
3,4,4003,39,m84,2017-12-14,2017-12-14,Yes,1421,,Yes,1422,Yes,No,,,No,ADNI_TAU_BRAIN_DYN,810,,3D Iterative (GE),2017-12-13,,1537,,11,2017-12-14,No,,,,,,,,,,,,,,,,,,,,,,,
3,4,4004,28,m72,2018-01-23,2018-01-23,,,Participant will only come to New Haven once per year and will only do one scan, for which she opted to do the Florbetapir PET.,No,,,,Participant unwilling,,,,,No,,,,,,,,,,,,,,,,,,,,,,,,,,,,,,,
3,3,4036,58,m60,2016-12-21,,,,,Yes,,,,,,,,,,,2016-10-26,,,,11.2,,,,1,813,1311,1312,1426,No,,,ADNI 2 TAU,6 frames, 5 min/frame (6x300s),,No,No,Yes,Yes,2016-10-26,3D or LOR Ramla (Philips),,Yes,No,Lamba = Standard. CT Correction. Reconstruction protocol: brain-dyn-6x5-SUV-RES. Patient scanned 75 minutes post injection.,
3,4,4036,59,m72,2018-02-08,2018-02-14,Yes,1414,,Yes,1414,Yes,No,,,No,ADNI-3-TAU/FDG,850,,3D Iterative (GE),2018-02-02,,1529,,7,2018-02-08,No,,,,,,,,,,,,,,,,,,,,,,,
3,4,4037,28,m72,2017-07-24,2017-07-24,Yes,1530,Motion problems: coughing throughout scan
Other protocol variations: extra cushion under head for neck comfort,Yes,1541,Yes,Yes,,,Yes,Brain_F18_6x5min-ADNI3,258,,FORE/2D-OSEM (Siemens),2017-07-13,,1646,,9.7,2017-07-14,No,,,,,,,,,,,,,,,,,,,,,,,
3,4,4041,28,m72,,2018-02-02,,,,No,,,,Withdrawn consent,,,,,No,,,,,,,,,,,,,,,,,,,,,,,,,,,,,,,
3,4,4060,28,m72,2017-09-15,2017-09-15,Yes,1420,,Yes,1434,Yes,No,,,No,Brain_F18_6x5min_ADNI3,258,,FORE/2D-OSEM (Siemens),2017-09-12,,1549,,10.1,2017-09-13,No,,,,,,,,,,,,,,,,,,,,,,,
3,4,4067,58,m72,2018-02-22,2018-02-22,Yes,1312,,Yes,1313,Yes,No,,,No,PTCT_Brain_3D_ADNI3_TauAV-1451,740,,3D Iterative (GE),2018-02-20,,1430,,10.7,2018-02-21,No,,,,,,,,,,,,,,,,,,,,,,,
3,3,4071,26,m48,2016-03-02,2016-03-02,,,,Yes,,,,,,,,,,,2016-02-23,,,,10.7,,,,1,1030,1435,1436,1551,No,,,2010_00139_ADNI2_TAU(ADULT),6 frames, 5 min/frame (6x300s),,No,No,Yes,Yes,2016-02-23,FORE/2D-OSEM (Siemens),,,No,,
3,4,4076,40,m72,2017-11-14,2017-11-14,Yes,1624,,Yes,1628,Yes,No,,,No,ADNI3 AV1451 6x300 sec,726,,3D Iterative (GE),2017-11-09,,1743,,10,2017-11-14,No,,,,,,,,,,,,,,,,,,,,,,,
3,4,4084,19,m72,2017-08-11,2017-08-11,Yes,1222,Participant was uncomfortable and moved during the scan.  The mask became tight on participant's neck and chin.,Yes,1224,Yes,Yes,,,No,Project 322 (ADNI3) Delayed AV-1451,458,,FORE/2D-OSEM (Siemens),2017-08-11,,1339,,10,2017-08-11,No,,,,,,,,,,,,,,,,,,,,,,,
3,4,4084,19,m72,2017-08-18,2017-08-21,Yes,1307,,Yes,1308,Yes,No,,,No,1-Project 322 - AV1451-Delay (Adult),636,,FORE/2D-OSEM (Siemens),2017-08-18,,1423,,10,2017-08-22,No,,,,,,,,,,,,,,,,,,,,,,,
3,4,4086,40,m72,,2017-11-14,,,,No,,,,Other (specify),ECG abnormal,,,,No,,,,,,,,,,,,,,,,,,,,,,,,,,,,,,,
3,4,4094,9,m72,2018-01-10,2018-01-10,Yes,1354,Scannned for 20 minutes instead of 30 minutes as patient had to use the bathroom.  She used it before scanning also.,Yes,1355,Yes,No,,,Yes,ADNI AV 1451,504,,3D Iterative (GE),2017-10-12,,1510,,10.7,2017-xx-xx,No,,,,,,,,,,,,,,,,,,,,,,,
3,4,4100,59,m72,2018-02-08,2018-02-16,Yes,1438,,Yes,1439,Yes,No,,,No,ADNI-3-TAU/FDG,645,,3D Iterative (GE),2017-11-08,,1553,,10.7,2018-02-08,No,,,,,,,,,,,,,,,,,,,,,,,
3,4,4105,8,m72,2017-11-27,2017-11-27,Yes,1332,,Yes,1332,Yes,No,,,No,CCIR_00931_ADNI3_AV1451,804,,3D-OSEM (Siemens),2017-10-20,site of subject's iv started bleeding again.  Had to re-wrap with coban.,1453,,9.5,2017-10-23,No,,,,,,,,,,,,,,,,,,,,,,,
3,3,4114,24,m60,2016-10-12,,,,,Yes,,,,,,,,,,,2016-08-12,,,,9.8,,,,1,732,1402,1403,1518,No,,,7_ADNI_2_AV_1451_BRAIN,6 frames, 5 min/frame (6x300s),,No,No,Yes,Yes,2016-08-18,FORE/2D-OSEM (Siemens),,,No,,
3,4,4114,25,m72,2017-10-06,2017-10-06,Yes,1501,Injected AV-1451 dose assay *  10.11,Yes,1502,Yes,No,,,No,7_ADNI_3_FLORTAUCIPIR,628,,FORE/2D-OSEM (Siemens),2017-09-27,,1617,,10,2017-10-05,No,,,,,,,,,,,,,,,,,,,,,,,
3,4,4115,18,m72,2018-01-19,2018-01-19,Yes,1506,,Yes,1506,Yes,No,,,No,ADNI3_TAU,630,,FORE/2D-OSEM (Siemens),2018-01-11,,1621,,10.1,2018-01-12,No,,,,,,,,,,,,,,,,,,,,,,,
3,4,4119,2,m72,2017-11-09,2017-11-09,Yes,1430,,Yes,1431,Yes,No,,,No,PET3_ADNI3_AV_1451_LM,600,,3D-OSEM (Siemens),2017-11-01,,1546,,9.8,2017-11-02,No,,,,,,,,,,,,,,,,,,,,,,,
3,3,4127,45,m48,2015-09-23,,,,,No,,,,Site Error,,,,,No,,,,,,,,,,1,,,,,,,,,,,,,,,,,,,,University of Nuclear Medicine had to cancel due to outdated RAM License. UNM is currently working to renew this license.,
3,4,4138,28,m72,2017-11-01,2017-11-01,,,,No,,,,Withdrawn consent,,,,,,,,,,,,,,,,,,,,,,,,,,,,,,,,,,,,
3,4,4143,28,m72,2017-07-24,2017-07-24,Yes,1412,,Yes,1420,Yes,Yes,,,No,Brain_F18_6x5min-ADNI3,258,,FORE/2D-OSEM (Siemens),2017-07-13,,1535,,10,2017-07-14,No,,,,,,,,,,,,,,,,,,,,,,,
3,4,4148,47,m72,2017-07-20,2017-07-20,Yes,1506,,Yes,1507,Yes,No,,,No,ADNI AV1451,400,,FORE/2D-OSEM (Siemens),2017-07-20,,1622,,9.6,2017-07-20,No,,,,,,,,,,,,,,,,,,,,,,,
3,4,4160,55,m72,2017-08-03,2017-08-03,Yes,1506,,Yes,1507,Yes,No,,,No,RIH_STUDY_ATRI_ADNI3_1451,634,,3D-OSEM (Siemens),2017-08-01,,1622,,10.9,2017-08-03,No,,,,,,,,,,,,,,,,,,,,,,,
3,3,4162,37,m60,2016-11-03,,,,,Yes,,,,,,,,,,,2016-10-26,,,,9.7,,,,1,330,1506,1507,1622,No,,,3D Av1451 ADW12 Brain,6 frames, 5 min/frame (6x300s),,No,No,Yes,Yes,2016-10-27,FORE/2D-OSEM (Siemens),,,No,,
3,4,4164,18,m72,2017-12-19,2017-12-19,Yes,1456,,Yes,1457,Yes,No,,,No,Research_ADNI3_TAU,658,,FORE/2D-OSEM (Siemens),2017-12-19,,1612,,10.9,2017-12-19,No,,,,,,,,,,,,,,,,,,,,,,,
3,4,4169,19,m72,2017-09-25,2017-09-25,Yes,1246,,Yes,1247,Yes,No,,,No,Project 322 (ADNI3) Delayed AV-1451,458,,FORE/2D-OSEM (Siemens),2017-09-19,,1402,,9.6,2017-09-25,No,,,,,,,,,,,,,,,,,,,,,,,
3,4,4176,24,m72,2018-01-29,2018-01-29,Yes,1447,,Yes,1450,Yes,No,,,No,1.13 DYN 3D Brain,658,,FORE Iterative (GE),2018-01-23,technologist error,1608,,10.9,2018-01-24,No,,,,,,,,,,,,,,,,,,,,,,,
3,4,4177,24,m72,2018-01-29,2018-01-29,Yes,1505,The protocol defaults to radiopharmaceutical FDG, and usually we change it to AV1451, but we forget. The isotope is the same for both and that is 18F.,Yes,1506,Yes,No,,,Yes,,654,,FORE Iterative (GE),2018-01-25,,1621,,10.8,2018-01-25,No,,,,,,,,,,,,,,,,,,,,,,,
3,4,4187,59,m72,2017-07-06,2017-07-10,Yes,1407,Reconstructed with 350mm FOV as brain was centered in 256mm FOV and cut off anatomy. 256mm and 350mm recons submitted.

7/10/17: New upload to LONI. Reconstructed with 256mm FOV and 4.0mm offest per Robert Koeppe.,Yes,1407,Yes,No,,,No,adni3,810,,3D Iterative (GE),2017-07-05,,1522,,9.4,2017-07-06,No,,,,,,,,,,,,,,,,,,,,,,,
3,3,4197,47,m48,2015-11-17,,,,,Yes,,,,,,,,,,,2015-11-17,,,,8,,,,1,400,1440,1441,1556,No,,,per Siemens,6 frames, 5 min/frame (6x300s),,No,No,Yes,Yes,2015-11-17,FORE/2D-OSEM (Siemens),,,No,Injected dose was less than +/- 10% due to high residual (1.7 mCi) in dose syringe.  Typically, I do not rinse the dose syringe, and residual readings are not that high.,
3,3,4197,47,m60,2016-09-15,,,,,Yes,,,,,,,,,,,2016-09-13,,,,10.1,,,,1,400,1507,1508,1623,No,,,per Siemens,6 frames, 5 min/frame (6x300s),,No,No,Yes,Yes,2016-09-15,FORE/2D-OSEM (Siemens),,,No,,
3,4,4197,47,m72,2017-09-29,2017-09-29,Yes,1423,,Yes,1424,Yes,No,,,No,ADNI AV1451,400,,FORE/2D-OSEM (Siemens),2017-09-27,,1540,,10.2,2017-09-29,No,,,,,,,,,,,,,,,,,,,,,,,
3,3,4198,47,m48,2015-12-02,,,,,Yes,,,,,,,,,,,2015-12-01,,,,8.7,,,,1,400,1428,1429,1544,No,,,per Siemens,6 frames, 5 min/frame (6x300s),,No,No,Yes,Yes,2015-12-02,FORE/2D-OSEM (Siemens),,,No,,
3,4,4198,47,m72,2017-10-12,2017-10-12,Yes,1422,,Yes,1423,Yes,No,,,No,ADNI AV1451,400,,FORE/2D-OSEM (Siemens),2017-10-05,,1538,,10.6,2017-10-12,No,,,,,,,,,,,,,,,,,,,,,,,
3,4,4200,28,m72,2017-10-23,2017-10-23,Yes,1617,,Yes,1626,Yes,No,,,No,Brain_F18_6x5min_ADNI3,258,,FORE/2D-OSEM (Siemens),2017-10-17,,1742,,9.9,2017-10-18,No,,,,,,,,,,,,,,,,,,,,,,,
3,3,4210,47,m60,2016-10-05,,,,,Yes,,,,,,,,,,,2016-10-04,,,,10.3,,,,1,400,1513,1514,1629,No,,,per Siemens,6 frames, 5 min/frame (6x300s),,No,No,Yes,Yes,2016-10-05,FORE/2D-OSEM (Siemens),,,No,,
3,4,4210,47,m72,2017-09-25,2017-09-25,Yes,1409,,Yes,1409,Yes,No,,,No,ADNI AV1451,400,,FORE/2D-OSEM (Siemens),2017-09-20,,1524,,10.2,2017-09-25,No,,,,,,,,,,,,,,,,,,,,,,,
3,4,4212,33,m72,2017-11-29,2017-11-29,Yes,1441,,Yes,1410,Yes,No,,,No,AV1451_TAU_ADNi_2_LM (Adult),630,,FORE/2D-OSEM (Siemens),2017-11-21,,1523,,10.8,2017-11-28,No,,,,,,,,,,,,,,,,,,,,,,,
3,4,4213,1,m72,2017-08-25,2017-08-25,Yes,1650,,Yes,1650,Yes,No,,,No,PET_BRAIN_AV_1451_TAU/RESEARCH,649,,3D or LOR Ramla (Philips),2017-08-17,,1805,Yes,9.2,2017-08-18,No,,,,,,,,,,,,,,,,,,,,,,,
3,3,4214,26,m48,2015-11-03,,,,,Yes,,,,,,,,,,,2015-10-27,,,,10.5,,,,1,745,1459,1500,1615,No,,,2010-00139-ADNI2-TAU (Adult),6 frames, 5 min/frame (6x300s),,No,No,Yes,,,FORE/2D-OSEM (Siemens),,,No,Data archived locally on a long term server,
3,4,4214,27,m60,2017-03-16,2017-03-16,Yes,1436,There was movement in all frames.,Yes,1437,Yes,Yes,,,No,2016_00233_ADNI3_TAU_BRAIN,800,,FORE/2D-OSEM (Siemens),2017-03-10,,1552,,10.9,2017-03-13,No,,,,,,,,,,,,,,,,,,,,,,,
3,3,4229,1,m48,2016-02-17,,,,,Yes,,,,,,,,,,,2016-02-10,,,,9.5,,,,1,719,1550,1553,1708,No,,,PET BRAIN AV 1451 TAU RESEARCH,6 frames, 5 min/frame (6x300s),,No,No,Yes,Yes,2016-02-16,3D or LOR Ramla (Philips),,Yes,,,
3,4,4229,1,m72,2017-10-10,2017-10-10,Yes,1536,,Yes,1537,Yes,No,,,No,PET_BRAIN_AV_1451_TAU,705,,3D or LOR Ramla (Philips),2017-10-03,,1652,Yes,9.6,2017-10-06,No,,,,,,,,,,,,,,,,,,,,,,,
3,3,4234,37,m36,2016-07-05,,,,,Yes,,,,,,,,,,,2016-06-22,,,,9,,,,1,330,1251,1252,1406,No,,,3D AV1451 ADNI2 BRAIN ACQUISITION,6 frames, 5 min/frame (6x300s),,No,No,Yes,Yes,2016-06-23,FORE/2D-OSEM (Siemens),,,No,,
3,4,4254,16,m60,2017-04-11,2017-04-11,Yes,1445,,Yes,1446,Yes,No,,,No,ADNI-3,645,,3D Iterative (GE),2017-04-05,,1601,,10.7,2017-04-06,No,,,,,,,,,,,,,,,,,,,,,,,
3,3,4262,1,m48,2016-03-08,,,,,Yes,,,,,,,,,,,2016-02-25,,,,9.7,,,,1,731,1544,1546,1700,No,,,PET_BRAIN_AV_1451_TAU,6 frames, 5 min/frame (6x300s),,No,No,No,Yes,2016-02-26,3D or LOR Ramla (Philips),0,Yes,No,,
3,4,4271,28,m72,2017-09-27,2017-09-27,Yes,1425,Transmission Scan acquired prior to emission scan due to subject unable to lie flat and hold still long,Yes,1430,Yes,No,,,Yes,,258,,FORE/2D-OSEM (Siemens),2017-09-26,,1545,,10.1,2017-09-26,No,,,,,,,,,,,,,,,,,,,,,,,
3,4,4272,5,m72,2018-02-01,2018-02-01,Yes,1357,,Yes,1359,Yes,No,,,No,2.9 brain 3D=AV-1451:ADNI3,500,,3D Iterative (GE),2018-01-17,,1514,,10,2018-01-17,No,,,,,,,,,,,,,,,,,,,,,,,
3,4,4277,23,m72,2017-08-03,2017-08-03,Yes,1358,,Yes,1359,Yes,No,,,No,ADNI3_AV1451_30min_6F_cnfg,825,,3D-OSEM (Siemens),2017-08-02,,1514,,10.1,2017-08-03,No,,,,,,,,,,,,,,,,,,,,,,,
3,4,4278,8,m72,2017-12-06,2017-12-06,Yes,1252,,Yes,1253,Yes,No,,,No,CCIR_00931_ADNI3_AV1451,818,,3D-OSEM (Siemens),2017-12-05,,1408,,9.8,2017-12-06,No,,,,,,,,,,,,,,,,,,,,,,,
3,3,4281,60,m48,2015-10-26,,,,,Yes,,,,,,,,,,,2015-10-21,,,,10.4,,,,1,525,1510,1515,1630,No,,,ADNI-2,6 frames, 5 min/frame (6x300s),,No,No,Yes,Yes,2015-10-21,FORE/2D-OSEM (Siemens),,,No,On page 1: Section: Time of Assay AV-1451 dose I was unsure which time to enter. The time listed is the pre-assay dose at 1510. If the post-assay residual time was needed, that time is 1520.,
3,3,4281,60,m60,2016-10-25,,,,,Yes,,,,,,,,,,,2016-10-18,,,,10.6,,,,1,525,1539,1541,1656,No,,,ADNI-2,6 frames, 5 min/frame (6x300s),,No,No,Yes,Yes,2016-10-18,FORE/2D-OSEM (Siemens),,,No,,
3,4,4288,2,m72,2018-03-01,2018-03-01,Yes,1500,CD was not available in the 24 hours post scan,Yes,1501,No,No,,,No,ADNI 3 Florbetapir-LM,452,,3D-OSEM (Siemens),2018-02-22,,1616,,10.6,,No,,,,,,,,,,,,,,,,,,,,,,,
3,3,4292,58,m48,2016-08-03,,,,,Yes,,,,,,,,,,,2016-07-27,,,,9.3,,,,1,730,1245,1246,1401,No,,,ADNI 2 TAU,6 frames, 5 min/frame (6x300s),,No,No,Yes,Yes,2016-07-27,3D or LOR Ramla (Philips),,No,Yes,CT scan/reconstruction, emission reconstruction, reconstruction protocol: brain-dyn-6x5-suv-res, patient scanned 75 minutes post injection,
3,4,4292,59,m72,2017-08-21,2017-08-21,Yes,1319,,Yes,1319,Yes,No,,,No,ADNI3 TAU,741,,3D Iterative (GE),2017-08-18,,1434,,9.6,2017-08-21,No,,,,,,,,,,,,,,,,,,,,,,,
3,4,4293,14,m72,2017-06-15,2017-06-15,Yes,1442,,Yes,1444,Yes,No,,,No,ADNI3-(AV-1451) TAU 6x5,857,,3D Iterative (GE),2017-06-14,,1559,,10.3,2017-06-15,No,,,,,,,,,,,,,,,,,,,,,,,
3,4,4294,50,m72,2017-11-08,2017-11-08,Yes,1504,,Yes,1505,Yes,No,,,No,3_PETCT_ADNI3_AV1451_Brain_LM,625,,3D-OSEM (Siemens),2017-11-07,,1621,,10.6,2017-11-07,No,,,,,,,,,,,,,,,,,,,,,,,
3,3,4301,47,m60,2016-12-05,,,,,Yes,,,,,,,,,,,2016-12-01,,,,10.4,,,,1,400,1455,1456,1611,No,,,per Siemens,6 frames, 5 min/frame (6x300s),,No,No,Yes,Yes,2016-12-05,FORE/2D-OSEM (Siemens),,,No,,
3,4,4301,47,m72,2017-11-21,2017-11-21,Yes,1426,,Yes,1428,Yes,No,,,No,ADNI AV1451,400,,FORE/2D-OSEM (Siemens),2017-11-20,,1543,,10.4,2017-11-21,No,,,,,,,,,,,,,,,,,,,,,,,
3,3,4302,26,m48,2016-02-19,,,,,Yes,,,,,,,,,,,2016-02-02,,,,9.8,,,,1,1030,1517,1519,1634,No,,,2010_00139_ADNI2_TAU (Adult),6 frames, 5 min/frame (6x300s),,No,No,Yes,Yes,2016-02-03,FORE/2D-OSEM (Siemens),,,No,,
3,3,4309,60,m48,2015-11-19,,,,,Yes,,,,,,,,,,,2015-11-17,,,,8.5,,,,1,525,1511,1514,1629,No,,,ADNI-2,6 frames, 5 min/frame (6x300s),,No,Yes,Yes,Yes,2015-11-17,FORE/2D-OSEM (Siemens),,,No,AV1451 dose arrived in 2 separate syringes.  Per the manufacturer, syringes could not be combined.  Ended up with a large residual between the 2 syringes and thus, the dose was just below the +/- 10%,
3,3,4309,60,m60,2016-12-02,,,,,Yes,,,,,,,,,,,2016-11-29,,,,10.5,,,,1,527,1514,1516,1631,No,,,ADNI-2 AV1451-Brain,6 frames, 5 min/frame (6x300s),,No,No,Yes,Yes,2016-11-29,FORE/2D-OSEM (Siemens),,,No,,
3,3,4313,13,m36,2015-11-19,,,,,,,,,,,,,,,,,,,,,,,,,,,,,,,,,,,,,,,,,,,,,
3,3,4313,13,m48,2016-04-08,,,,,Yes,,,,,,,,,,,2016-04-05,,,,10,,,,1,646,1437,1439,,No,,,AV-1451 BRAIN2 3D EMISSION,6 frames, 5 min/frame (6x300s),,No,No,Yes,Yes,2016-04-06,FORE Iterative (GE),,,No,,
3,4,4313,13,m72,2017-10-31,2017-10-31,Yes,1332,,Yes,1332,Yes,No,,,No,AV-1451 BRAIN2 3D EMISSION,558,,FORE Iterative (GE),2017-10-25,,1448,,9.9,2017-10-26,No,,,,,,,,,,,,,,,,,,,,,,,
3,4,4324,6,m72,2017-07-11,2017-07-11,,,,No,,,,Participant unwilling,,,,,No,,,,,,,,,,,,,,,,,,,,,,,,,,,,,,,
3,4,4332,58,m72,2017-10-13,2017-10-13,Yes,1400,,Yes,1401,Yes,No,,,No,PTCT_Brain_3D_ADNI3_TauAV-1451,728,,3D Iterative (GE),2017-10-12,,1516,,8.4,2017-10-13,No,,,,,,,,,,,,,,,,,,,,,,,
3,4,4335,16,m72,2017-06-14,2017-06-14,Yes,1447,,Yes,1448,Yes,No,,,No,ADNI-3,610,,3D Iterative (GE),2017-06-07,,1603,,10.1,2017-06-12,No,,,,,,,,,,,,,,,,,,,,,,,
3,4,4340,58,m72,2017-10-25,2017-10-25,,,,No,,,,Withdrawn consent,,,,,No,,,,,,,,,,,,,,,,,,,,,,,,,,,,,,,
3,4,4343,50,m60,2017-05-16,2017-11-09,Yes,1528,,Yes,1530,Yes,No,,,No,3_PETCT_ADNI3_AV1451_Brain_LM,640,,3D-OSEM (Siemens),2017-05-10,,1645,,7.4,2017-05-10,No,,,,,,,,,,,,,,,,,,,,,,,
3,3,4349,13,m36,2015-11-10,,,,,,,,,,,,,,,,,,,,,,,,,,,,,,,,,,,,,,,,,,,,,
3,3,4349,13,m48,2016-01-11,,,,,,,,,,,,,,,,,,,,,,,,,,,,,,,,,,,,,,,,,,,,,
3,4,4351,54,m72,2017-11-17,2017-11-17,Yes,1433,,Yes,1434,Yes,No,,,No,ADNI 3 AV-1451,1300,,3D Iterative (GE),2017-11-09,,1549,,10.5,2017-11-09,No,,,,,,,,,,,,,,,,,,,,,,,
3,4,4352,50,m72,2017-09-07,2017-09-07,Yes,1554,,Yes,1555,Yes,No,,,No,3_PETCT_ADNI3_AV1451_Brain_LM,616,,3D-OSEM (Siemens),2017-06-28,,1710,,9.1,2017-06-28,No,,,,,,,,,,,,,,,,,,,,,,,
3,3,4356,60,m48,2015-12-10,,,,,Yes,,,,,,,,,,,2015-12-09,,,,9.2,,,,1,500,1434,1436,1551,No,,,ADNI-2,6 frames, 5 min/frame (6x300s),,No,No,Yes,Yes,2015-12-10,FORE/2D-OSEM (Siemens),,,No,,
3,3,4356,60,m60,2016-12-22,,,,,Yes,,,,,,,,,,,2016-12-15,,,,10.6,,,,1,500,1453,1456,1611,No,,,ADNI-2 AV1451-Brain,6 frames, 5 min/frame (6x300s),,No,No,Yes,Yes,2016-12-15,FORE/2D-OSEM (Siemens),,,No,,
3,4,4356,52,m72,2017-09-25,2017-09-25,Yes,1513,Injected AV-1451 dose assay * 10.59,Yes,1515,Yes,No,,,No,ADNI_AV1451_Brai,501,,FORE/2D-OSEM (Siemens),2017-09-21,,1630,,10.6,2017-09-21,No,,,,,,,,,,,,,,,,,,,,,,,
3,4,4365,59,m72,2017-09-12,2017-09-12,Yes,1308,,Yes,1308,Yes,No,,,No,ADNI3 TAU/FDG,738,,3D Iterative (GE),2017-09-11,,1423,,9.7,2017-09-12,No,,,,,,,,,,,,,,,,,,,,,,,
3,3,4367,59,m48,2016-03-05,,,,,Yes,,,,,,,,,,,2016-03-01,,,,10.8,,,,1,916,1304,1306,1421,No,,,ADNI_AV-1451 Tau 6x5,6 frames, 5 min/frame (6x300s),,No,No,Yes,Yes,2016-03-05,3D Iterative (GE),,,No,,
3,4,4367,14,m60,2017-05-24,2017-05-24,Yes,1500,,Yes,1502,Yes,No,,,No,ADNI3-(AV-1451)TAU 6X5,826,,3D Iterative (GE),2017-05-23,,1617,,10.6,2017-05-24,No,,,,,,,,,,,,,,,,,,,,,,,
3,4,4369,49,m72,2017-06-19,2017-06-19,Yes,1153,,Yes,1156,Yes,No,,,No,RN:ADNI3 AV1451 6X300SEC,648,,3D Iterative (GE),2017-06-14,,1311,,9.7,2017-06-15,No,,,,,,,,,,,,,,,,,,,,,,,
3,3,4380,41,m48,2016-02-26,,,,,Yes,,,,,,,,,,,2016-02-24,,,,10.8,,,,1,626,1359,1400,1517,No,,,A4 MNI TAU 30 min brain,6 frames, 5 min/frame (6x300s),,No,No,Yes,Yes,2016-02-24,OSEM3D (Siemens) (If HHRT scanners using OP, select OSEM3D),,,No,,
3,4,4387,5,m72,2017-12-08,2017-12-08,Yes,1356,,Yes,1400,Yes,No,,,No,Brain 3D:AV-1451:ADNI3,548,,3D Iterative (GE),2017-11-29,,1515,,10.4,2017-12-29,No,,,,,,,,,,,,,,,,,,,,,,,
3,4,4388,6,m72,2017-08-08,2017-08-08,,,,No,,,,Other (specify),manufacturer error,,,,No,,,,,,,,,,,,,,,,,,,,,,,,,,,,,,,
3,4,4389,26,m72,2017-12-07,2017-12-07,,,,No,,,,Other (specify),subject had been rescheduled twice due to manufacturer not being able to produce the TAU. Subject did not want to keep accomodating more reschedules,,,,No,,,,,,,,,,,,,,,,,,,,,,,,,,,,,,,
3,4,4396,49,m72,2017-12-20,2017-12-20,Yes,1305,,Yes,1310,Yes,No,,,No,ADNI3 AV1451 6X300sec,719,,3D Iterative (GE),2017-12-13,N/A,1425,,9.2,2017-12-13,No,,,,,,,,,,,,,,,,,,,,,,,
3,3,4399,13,m48,2016-04-06,,,,,Yes,,,,,,,,,,,2016-03-30,,,,9,,,,1,636,1458,1459,1614,No,,,AV-1451 BRAIN2 3D EMISSION,6 frames, 5 min/frame (6x300s),,No,No,Yes,Yes,2016-03-31,FORE Iterative (GE),,,Yes,,
3,4,4399,13,m72,2017-08-14,2017-08-25,Yes,1346,,Yes,1347,Yes,No,,,No,AV-1451 Brain2 3D Emission,647,,FORE Iterative (GE),2017-08-09,,1502,,9.9,2017-08-14,No,,,,,,,,,,,,,,,,,,,,,,,
3,3,4400,13,m36,2015-12-15,,,,,,,,,,,,,,,,,,,,,,,,,,,,,,,,,,,,,,,,,,,,,
3,3,4400,13,m48,2016-01-19,,,,,,,,,,,,,,,,,,,,,,,,,,,,,,,,,,,,,,,,,,,,,
3,4,4400,13,m72,2017-10-02,2017-10-02,Yes,1535,,Yes,1537,Yes,No,,,No,AV-1451 Brain2 3D Emission,737,,FORE Iterative (GE),2017-09-26,,1652,,5.2,2017-09-29,No,,,,,,,,,,,,,,,,,,,,,,,
3,4,4401,11,m72,2017-11-21,2017-11-21,Yes,1253,,Yes,1253,Yes,No,,,No,ADNI-3 TAU,742,,3D or LOR Ramla (Philips),2017-11-21,,1408,Yes,9.8,2017-11-21,No,,,,,,,,,,,,,,,,,,,,,,,
3,3,4410,26,m48,2016-01-27,,,,,Yes,,,,,,,,,,,2016-01-21,,,,10,,,,1,840,1500,1501,1616,No,,,2010-00139-adni2-tau(adult),2 scans,15 min each (2x900s) (scans started as close together as possible, only for BioGraph scanners without list-mode),,No,No,Yes,Yes,2016-01-22,FORE/2D-OSEM (Siemens),,,No,,
3,4,4410,27,m60,2017-03-23,2017-03-23,Yes,1508,very slight motion frames 1-6,Yes,1511,Yes,Yes,,,No,2016_00233_ADNI3_TAU_BRAIN,800,,FORE/2D-OSEM (Siemens),2017-03-22,,1626,,10,2017-03-23,No,,,,,,,,,,,,,,,,,,,,,,,
3,3,4414,24,m48,2017-02-09,,,,,Yes,,,,,,,,,,,2016-08-29,,,,9.4,,,,1,738,1409,1409,1524,No,,,7_ADNI_2_AV_1451_Brain,6 frames, 5 min/frame (6x300s),,No,No,Yes,Yes,2017-02-09,FORE/2D-OSEM (Siemens),,,No,,
3,4,4414,25,m60,2017-11-01,2017-11-01,,,,No,,,,Other (specify),pt has AD dx,,,,No,,,,,,,,,,,,,,,,,,,,,,,,,,,,,,,
3,4,4415,50,m72,2017-11-08,2017-11-08,Yes,1441,,Yes,1442,Yes,No,,,No,3_PETCT_ADNI3_AV1451_Brain_LM,628,,3D-OSEM (Siemens),2017-10-11,,1557,,10.6,2017-10-11,No,,,,,,,,,,,,,,,,,,,,,,,
3,4,4417,50,m60,2017-11-08,2017-11-08,Yes,1526,,Yes,1526,Yes,No,,,No,3_PETCT_ANDI3_AV1451_Brain_LM,628,,3D-OSEM (Siemens),2017-10-11,,1641,,10.8,2017-10-11,No,,,,,,,,,,,,,,,,,,,,,,,
3,4,4419,16,m60,2017-05-26,2017-05-26,,,,No,,,,Participant unwilling,,,,,No,,,,,,,,,,,,,,,,,,,,,,,,,,,,,,,
3,4,4422,49,m60,2017-03-31,2017-03-31,Yes,1300,,Yes,1302,Yes,No,,,No,RN: ADNI3 AV1451 6X300 SEC,630,,3D Iterative (GE),2017-03-29,,1417,,9.6,2017-03-30,No,,,,,,,,,,,,,,,,,,,,,,,
3,4,4424,58,m72,2017-10-25,2017-10-25,Yes,1338,,Yes,1339,Yes,No,,,No,PTCT_Brain_3D_ADNI3_TauAV-1451,758,,FORE/2D-OSEM (Siemens),2017-10-19,,1454,,9.5,2017-10-20,No,,,,,,,,,,,,,,,,,,,,,,,
3,3,4427,27,m48,2016-03-23,,,,,Yes,,,,,,,,,,,2016-03-22,,,,8.1,,,,1,258,1440,1447,1601,No,,,Brain-F18-6X5min,6 frames, 5 min/frame (6x300s),,No,No,No,Yes,2016-03-23,FORE/2D-OSEM (Siemens),,,Yes,Injected dose less than lower protocol desired amount due to sticky compound/high residual activity assayed on syringe plunger,
3,4,4427,28,m72,2017-10-06,2017-10-06,Yes,1553,,Yes,1601,Yes,No,,,No,Brain_F18_6x5min_ADNI3,258,,FORE/2D-OSEM (Siemens),2017-10-03,,1716,,9.7,2017-10-04,No,,,,,,,,,,,,,,,,,,,,,,,
3,4,4428,37,m72,2018-01-02,2018-01-02,Yes,1536,Patient was coughing a lot during scan even though he had water before starting the scan,Yes,1540,Yes,Yes,,,No,,710,,3D-OSEM (Siemens),2017-12-13,,1656,,10.1,,No,,,,,,,,,,,,,,,,,,,,,,,
3,3,4429,22,m48,2016-05-31,,,,,Yes,,,,,,,,,,,2016-05-26,,,,10,,,,1,856,1157,1158,1313,No,,,ADNI2_AV_1451_30min_6F.cnfg,6 frames, 5 min/frame (6x300s),,No,No,Yes,Yes,2016-05-26,OSEM3D (Siemens) (If HHRT scanners using OP, select OSEM3D),,,Yes,,
3,4,4429,23,m72,2017-12-22,2017-12-22,Yes,1356,,Yes,1359,Yes,No,,,No,ADNI3_AV1451_30min_6F.cnfg,855,,3D-OSEM (Siemens),2017-12-21,,1514,,9.8,2017-12-21,No,,,,,,,,,,,,,,,,,,,,,,,
3,4,4430,26,m72,2017-11-28,2017-11-28,Yes,1407,,Yes,1408,Yes,No,,,No,PET CT_TAU_ADNI3_Brain_LM,601,,3D-OSEM (Siemens),2017-11-21,,1523,,10.7,2017-11-28,No,,,,,,,,,,,,,,,,,,,,,,,
3,3,4446,60,m48,2016-02-24,,,,,Yes,,,,,,,,,,,2016-02-18,,,,8.4,,,,1,340,1511,1514,1637,Yes,Scan started at uptake 83 minutes, working on positioning of patient 2 scout studies were taken,Scan started at uptake 83 minutes, working on positioning of patient 2 scout studies were taken,ADNI-2,6 frames, 5 min/frame (6x300s),,No,No,Yes,Yes,2016-02-19,FORE/2D-OSEM (Siemens),,,No,To address underdosing:  Patient was injected over 20 second then immediately the Av145 syringe was flushed with 2 separate 10cc flushes, totaling 20cc per protocol.  The high residual was from the syringe and not the patients IV which showed minimal resi,
3,4,4446,52,m60,2017-06-15,2017-06-15,Yes,1506,,Yes,1509,Yes,No,,,No,ADNI_AV1451 Brain,528,,FORE/2D-OSEM (Siemens),2017-06-13,,1624,,10.5,2017-06-13,No,,,,,,,,,,,,,,,,,,,,,,,
3,3,4448,17,m48,2016-06-02,,,,,Yes,,,,,,,,,,,2016-06-01,,,,10.6,,,,1,700,1456,1456,1611,No,,,A4 TAU 6x5,6 frames, 5 min/frame (6x300s),,No,No,Yes,Yes,2016-06-01,FORE/2D-OSEM (Siemens),,,No,,
3,4,4448,18,m72,2017-12-07,2017-12-07,Yes,1450,,Yes,1455,Yes,No,,,No,research_ADNI3_TAU,705,,FORE/2D-OSEM (Siemens),2017-12-06,,1612,,10.2,2017-12-07,No,,,,,,,,,,,,,,,,,,,,,,,
3,3,4455,41,m48,2016-03-14,,,,,,,,,,,,,,,,,,,,,,,,,,,,,,,,,,,,,,,,,,,,,
3,3,4464,24,m48,2017-02-09,,,,,Yes,,,,,,,,,,,2016-09-15,,,,10.8,,,,1,703,1348,1349,1504,No,,,7_ADNI_2_AV_1451,6 frames, 5 min/frame (6x300s),,No,No,Yes,Yes,2017-02-09,FORE/2D-OSEM (Siemens),,,No,,
3,4,4464,25,m72,2018-02-06,2018-02-06,Yes,1331,,Yes,1331,Yes,No,,,No,7_ADNI_3_FLORTAUCIPIR,608,,FORE/2D-OSEM (Siemens),2018-02-01,,1446,,10.7,2018-02-06,No,,,,,,,,,,,,,,,,,,,,,,,
3,4,4469,41,m72,2017-11-30,2017-11-30,Yes,1345,,Yes,1346,Yes,No,,,No,ADNI-TAU,702,,3D Iterative (GE),2017-11-29,,1501,,10.1,2017-11-30,No,,,,,,,,,,,,,,,,,,,,,,,
3,3,4482,55,m48,2016-06-06,,,,,Yes,,,,,,,,,,,2016-05-31,,,,10.8,,,,1,600,1315,1316,1431,No,,,ADNI-2 F18 TAU,6 frames, 5 min/frame (6x300s),,No,No,No,No,,FORE Iterative (GE),,,No,,
3,4,4485,4,m60,2017-12-21,2017-12-21,Yes,1550,,Yes,1551,Yes,No,,,No,PETCT_Brain_AV1451_LM,535,,3D-OSEM (Siemens),2017-12-19,,1706,,10.2,2017-12-21,No,,,,,,,,,,,,,,,,,,,,,,,
3,4,4488,5,m72,2017-09-18,2017-09-18,Yes,1358,,Yes,1400,Yes,No,,,No,BRAIN 3D:AV1451:ADNI3,604,,3D Iterative (GE),2017-09-13,,1515,,10.5,2017-09-14,No,,,,,,,,,,,,,,,,,,,,,,,
3,3,4489,60,m48,2016-03-03,,,,,Yes,,,,,,,,,,,2016-02-24,,,,10.2,,,,1,500,1503,1508,1623,No,,,ADNI-2,6 frames, 5 min/frame (6x300s),,No,No,Yes,Yes,2016-02-24,FORE/2D-OSEM (Siemens),,,No,,
3,4,4489,52,m60,2017-06-12,2017-06-12,Yes,1517,,Yes,1519,Yes,No,,,No,ADNI-AV1451_BRAIN,501,,FORE/2D-OSEM (Siemens),2017-06-08,,1634,,10.7,2017-06-09,No,,,,,,,,,,,,,,,,,,,,,,,
3,3,4510,27,m48,2016-04-21,,,,,Yes,,,,,,,,,,,2016-04-19,,,,9.3,,,,1,258,1334,1338,1452,No,,,Bain-F18-6X5 min,6 frames, 5 min/frame (6x300s),,No,No,Yes,Yes,2016-04-21,FORE/2D-OSEM (Siemens),,,Yes,,
3,4,4510,28,m72,2017-10-06,2017-10-06,Yes,1416,,Yes,1424,Yes,No,,,No,Brain_F18_6x5min_ADNI3,258,,FORE/2D-OSEM (Siemens),2017-10-03,,1539,,9.6,2017-10-04,No,,,,,,,,,,,,,,,,,,,,,,,
3,3,4513,27,m48,2016-05-27,,,,,Yes,,,,,,,,,,,2016-05-24,,,,8.2,,,,1,258,1355,1406,1521,No,,,Bain-F18-6X5 min,6 frames, 5 min/frame (6x300s),,No,No,Yes,Yes,2016-05-25,FORE/2D-OSEM (Siemens),,,No,,
3,4,4513,28,m72,2017-11-17,2017-11-17,Yes,1307,,Yes,1316,Yes,No,,,No,Brain_F18_6x5min_ADNI3,258,,FORE/2D-OSEM (Siemens),2017-11-16,,1431,,9.7,2017-11-16,No,,,,,,,,,,,,,,,,,,,,,,,
3,3,4520,55,m48,2016-06-22,,,,,No,,,,Equipment related issue,,,,,No,,,,,,,,,,1,,,,,,,,,,,,,,,,,,,,Received an email this morning to report the scanner was down.,
3,3,4520,55,m48,2016-07-19,,,,,Yes,,,,,,,,,,,2016-07-06,,,,10.5,,,,2,600,1351,1352,1512,No,,Bathroom delay,ADNI-2 F-18 TAU,6 frames, 5 min/frame (6x300s),,No,No,Yes,Yes,2016-07-07,FORE Iterative (GE),,,No,,
3,3,4521,1,m48,2016-06-08,2016-06-21,,,,Yes,,,,,,,,,,,2016-04-05,,,,9.4,,,,1,724,1606,1606,1733,No,,the clinic patient scheduled berfore had to be rescanned, delaying the research scan . 11 minutes late.,PET_BRAIN_AV_1451_TAU/RESEARCH,6 frames, 5 min/frame (6x300s),,No,No,Yes,Yes,2016-04-07,3D or LOR Ramla (Philips),0.045,Yes,No,,
3,3,4531,41,m48,2016-03-21,,,,,,,,,,,,,,,,,,,,,,,,,,,,,,,,,,,,,,,,,,,,,
3,4,4538,26,m60,2017-11-09,2017-11-09,Yes,1423,,Yes,1424,Yes,No,,,No,PET CT_TAU_ADNI3_BRAIN_LM,545,,3D-OSEM (Siemens),2017-11-02,,1540,,10,2017-11-09,No,,,,,,,,,,,,,,,,,,,,,,,
3,4,4547,8,m60,2017-09-01,2017-09-01,Yes,1207,Transfer not completed within 24 hrs due to PET Coordinator not having access to upload to LONI database,Yes,1207,Yes,No,,,No,CCIR_00931_ADNI3_AV1451,932,,FORE/2D-OSEM (Siemens),2017-08-24,,1322,,10.6,2017-08-29,No,,,,,,,,,,,,,,,,,,,,,,,
3,3,4548,59,m48,2016-06-08,,,,,Yes,,,,,,,,,,,2016-06-08,,,,10.9,,,,1,831,1258,1300,1415,No,,,ADNI_AV-1451 Tau 6x5,6 frames, 5 min/frame (6x300s),,No,No,Yes,Yes,2016-06-08,3D Iterative (GE),,,No,,
3,4,4548,14,m60,2017-07-12,2017-07-12,Yes,1517,,Yes,1519,Yes,No,,,No,ADNI3-(AV-1451) TAU 6x5,830,,3D Iterative (GE),2017-07-11,,1634,,9.4,2017-07-12,No,,,,,,,,,,,,,,,,,,,,,,,
3,4,4556,41,m60,2017-11-16,2017-11-16,Yes,1425,,Yes,1426,Yes,No,,,No,ADNI-Tau,645,,3D Iterative (GE),2017-11-09,,1541,,10.1,2017-11-16,No,,,,,,,,,,,,,,,,,,,,,,,
3,4,4576,11,m60,2017-11-15,2017-11-15,Yes,1254,,Yes,1255,Yes,No,,,No,ADNI-3 TAU,730,,3D or LOR Ramla (Philips),2017-11-15,,1410,Yes,10.5,2017-11-15,No,,,,,,,,,,,,,,,,,,,,,,,
3,3,4586,48,m48,2016-07-22,,,,,Yes,,,,,,,,,,,2016-07-14,,,,11,,,,1,1009,1434,1435,1549,No,,,ADNI2,6 frames, 5 min/frame (6x300s),,No,No,No,Yes,2016-07-18,OSEM3D (Siemens) (If HHRT scanners using OP, select OSEM3D),,,No,,
3,3,4587,55,m48,2016-06-24,,,,,Yes,,,,,,,,,,,2016-06-21,,,,11,,,,1,600,1307,1308,1421,No,,,ADNI-2  F18 TAU,6 frames, 5 min/frame (6x300s),,No,No,Yes,Yes,2016-06-21,FORE Iterative (GE),,,No,,
3,4,4587,54,m72,2017-12-21,2017-12-21,Yes,1310,,Yes,1312,Yes,No,,,No,ADNI 3 AV-1451,1230,,3D Iterative (GE),2017-12-13,,1427,,10.8,2017-12-14,No,,,,,,,,,,,,,,,,,,,,,,,
3,3,4597,13,m48,2016-03-22,,,,,,,,,,,,,,,,,,,,,,,,,,,,,,,,,,,,,,,,,,,,,
3,3,4598,60,m48,2016-04-07,,,,,Yes,,,,,,,,,,,2016-03-30,,,,10.4,,,,1,500,1520,1526,1641,No,,,ADNI-2 AV1451-Brain,6 frames, 5 min/frame (6x300s),,No,No,Yes,Yes,2016-03-30,FORE/2D-OSEM (Siemens),,,No,,
3,4,4598,52,m60,2017-07-31,2017-07-31,Yes,1436,,Yes,1439,Yes,No,,,No,ADNI_AV1451_Brai,525,,FORE/2D-OSEM (Siemens),2017-07-26,,1554,,10.5,2017-07-26,No,,,,,,,,,,,,,,,,,,,,,,,
3,3,4604,47,m48,2016-05-19,,,,,Yes,,,,,,,,,,,2016-04-07,,,,10.4,,,,1,400,1419,1420,1535,No,,,per Siemens,6 frames, 5 min/frame (6x300s),,No,No,Yes,Yes,2016-04-08,FORE/2D-OSEM (Siemens),,,No,,
3,4,4604,47,m60,2017-11-02,2017-11-02,Yes,1411,Scan was initially scheduled for early August, but was canceled due to a production failure at Avid.  Rescheduling was delayed as participant travels quite a distance to participate in the study.,Yes,1412,Yes,No,,,No,ADNI AV1451,400,,FORE/2D-OSEM (Siemens),2017-10-27,,1528,,10.4,2017-11-02,No,,,,,,,,,,,,,,,,,,,,,,,
3,4,4612,6,m60,2017-07-27,2017-07-27,,,,No,,,,Participant unwilling,,,,,No,,,,,,,,,,,,,,,,,,,,,,,,,,,,,,,
3,3,4620,5,m48,2016-07-18,,,,,Yes,,,,,,,,,,,2016-07-15,,,,9.8,,,,1,612,1326,1326,1443,No,,,2.10 BRAIN 3D:AV-1451:ADNI-2,6 frames, 5 min/frame (6x300s),,No,No,Yes,Yes,2016-07-15,3D Iterative (GE),,,No,,
3,4,4620,5,m72,2017-12-19,2017-12-19,Yes,1425,Received F-18-AV-1451(Tau) was less than 10.0 mCi +/- 10% therefore injected dose was less as well.,Yes,1427,Yes,No,,,Yes,Brain 3D:AV-1451:ADNI3,531,,3D Iterative (GE),2017-12-14,patient used restroom,1547,,8.4,2017-12-14,No,,,,,,,,,,,,,,,,,,,,,,,
3,3,4630,37,m48,2016-08-09,,,,,Yes,,,,,,,,,,,2016-07-12,,,,10,,,,1,330,1430,1441,1556,No,,,3D AV1451 ADNI2 BRAIN ACQUISITION,6 frames, 5 min/frame (6x300s),,No,No,Yes,Yes,2016-07-19,FORE/2D-OSEM (Siemens),,,No,,
3,3,4631,55,m48,2016-07-25,,,,,No,,,,Other Reason,,,,,No,,,,,,,,,,1,,,,,,,,,,,,,,,,,,,,,
3,3,4631,55,m48,2016-09-06,,,,,Yes,,,,,,,,,,,2016-09-01,,,,10.6,,,,2,600,1313,1314,1429,No,,,ADNI-2 F-18 TAU,6 frames, 5 min/frame (6x300s),,No,No,Yes,Yes,2016-09-01,FORE Iterative (GE),,,No,,
3,3,4637,5,m48,2016-08-01,,,,,Yes,,,,,,,,,,,2016-07-26,,,,10.3,,,,1,517,1325,1328,1443,No,,,2.10 BRAIN 3D: AV-1451: ADNI-2,6 frames, 5 min/frame (6x300s),,No,No,Yes,Yes,2016-07-27,3D Iterative (GE),,,No,,
3,4,4637,5,m60,2017-10-19,2017-10-19,Yes,1347,,Yes,1351,Yes,No,,,No,Brain_3D:AV1451:ADNI3,552,,3D Iterative (GE),2017-10-17,,1506,,10.6,2017-10-18,No,,,,,,,,,,,,,,,,,,,,,,,
3,3,4643,9,m48,2016-06-10,,,,,Yes,,,,,,,,,,,2016-06-08,,,,10.6,,,,1,535,1459,1500,1615,No,,,ADNI2 AV-1451,6 frames, 5 min/frame (6x300s),,No,No,Yes,Yes,2016-06-08,3D Iterative (GE),,,No,,
3,3,4649,37,m36,2016-11-11,,,,,Yes,,,,,,,,,,,2016-10-27,,,,10.6,,,,1,330,1604,1605,1720,No,,,3D AV1451 ADNI2 BRAIN ACQUISITION,6 frames, 5 min/frame (6x300s),,No,No,Yes,Yes,2016-10-31,FORE/2D-OSEM (Siemens),,,No,,
3,4,4649,38,m72,2018-02-12,2018-02-12,Yes,1322,slight motion,Yes,1323,Yes,Yes,,,No,3D AV1451 ADNI3 BRAIN ACQUISITION,330,,FORE/2D-OSEM (Siemens),2018-02-07,,1640,,10.3,2018-02-09,No,,,,,,,,,,,,,,,,,,,,,,,
3,3,4653,48,m48,2016-08-02,,,,,Yes,,,,,,,,,,,2016-07-13,,,,10,,,,1,1025,1418,1419,1534,No,,,adni2,6 frames, 5 min/frame (6x300s),,No,Yes,Yes,No,,OSEM3D (Siemens) (If HHRT scanners using OP, select OSEM3D),,,No,The scan was started on 75 min post injection but unfortunately the EM data was lost. Unable to restore the data we only get the TX data on the computer. Coordinator notified.,
3,3,4654,1,m48,2016-05-01,,,,,Yes,,,,,,,,,,,2016-04-21,,,,9.8,,,,1,725,1532,1535,1648,No,,,PET BRAIN AV 1431 TAU/RESEARCH,6 frames, 5 min/frame (6x300s),,No,No,Yes,Yes,2016-04-22,3D or LOR Ramla (Philips),0.05,Yes,No,,
3,4,4654,1,m60,2017-05-17,2017-05-17,Yes,1503,,Yes,1509,Yes,No,,,No,PET_BRAIN_AV_1451_TAU,738,,3D or LOR Ramla (Philips),2017-05-03,,1624,Yes,10.4,2017-05-05,No,,,,,,,,,,,,,,,,,,,,,,,
3,4,4659,16,m60,,2017-08-01,Yes,1449,subject moved at 20 and 28 minutes post scan start,Yes,1450,Yes,Yes,,,No,ADNI-3,656,,3D Iterative (GE),2017-06-14,,1605,,10.7,2017-06-15,No,,,,,,,,,,,,,,,,,,,,,,,
3,4,4674,19,m60,2017-08-01,2017-08-01,Yes,1235,,Yes,1237,Yes,No,,,No,Project 322 (ADNI-3) Delay AV1451,458,,FORE/2D-OSEM (Siemens),2017-07-28,,1352,,10.3,2017-07-31,No,,,,,,,,,,,,,,,,,,,,,,,
3,3,4706,26,m48,2016-04-05,,,,,Yes,,,,,,,,,,,2016-03-15,,,,10.7,,,,1,845,1455,1456,1611,No,,,2010_00139_ADNI2_TAU(Adult),6 frames, 5 min/frame (6x300s),,Yes,No,Yes,Yes,2016-03-16,FORE/2D-OSEM (Siemens),,,No,Subject appeared to have nose move from straight to tipping up: Frame 1-6 head rotates towards the back.,
3,4,4706,27,m60,2017-12-02,2017-12-02,Yes,1550,,Yes,1558,Yes,No,,,No,2016_00233_ADNI3_TAU_BRAIN,800,,FORE/2D-OSEM (Siemens),2017-11-07,,1713,,10.1,2017-11-08,No,,,,,,,,,,,,,,,,,,,,,,,
3,4,4715,26,m60,2017-10-13,2017-10-13,Yes,1421,,Yes,1423,Yes,No,,,No,PETCT_TAU_ADNI3_BRAIN_LM(adult),555,,3D-OSEM (Siemens),2017-10-12,78 min prior to start time due to Delay with a prior patient,1541,,9,2017-10-13,No,,,,,,,,,,,,,,,,,,,,,,,
3,3,4722,60,m48,2016-05-17,,,,,Yes,,,,,,,,,,,2016-05-11,,,,10,,,,1,500,1453,1455,1610,No,,,ADNI-2 AV1451-Brain,6 frames, 5 min/frame (6x300s),,No,No,Yes,Yes,2016-05-11,FORE/2D-OSEM (Siemens),,,No,,
3,4,4722,52,m60,2017-06-26,2017-06-26,Yes,1428,,Yes,1435,Yes,No,,,No,ADNI AV1451 BRAIN,501,,FORE/2D-OSEM (Siemens),2017-06-22,Patient experienced episodes of coughing & itchy skin immediately prior to starting emission scan. Emission scan started @ 79 minutes after patient's coughing subsided.,1554,,9.8,2017-06-22,No,,,,,,,,,,,,,,,,,,,,,,,
3,3,4723,60,m48,2016-05-16,,,,,Yes,,,,,,,,,,,2016-05-12,,,,10,,,,1,500,1450,1452,1607,No,,,ADNI-2 AV1451-Brain,6 frames, 5 min/frame (6x300s),,No,No,Yes,Yes,2016-05-13,FORE/2D-OSEM (Siemens),,,No,,
3,4,4723,52,m60,2017-06-26,2017-06-26,Yes,1441,,Yes,1445,Yes,No,,,No,ADNI_AV1451_BRAIN,720,,FORE/2D-OSEM (Siemens),2017-06-21,,1600,,10.5,2017-06-21,No,,,,,,,,,,,,,,,,,,,,,,,
3,3,4742,48,m48,2016-08-01,,,,,Yes,,,,,,,,,,,2016-07-21,,,,10.7,,,,1,1036,1358,1359,1515,No,,,ADNI2 AV1451-TAU,6 frames, 5 min/frame (6x300s),,No,No,Yes,Yes,2016-07-26,OSEM3D (Siemens) (If HHRT scanners using OP, select OSEM3D),,,No,,
3,4,4744,16,m60,2017-07-18,2017-07-18,Yes,1430,,Yes,1430,Yes,No,,,No,ADNI-3,638,,3D Iterative (GE),2017-07-13,,1545,,10.7,2017-07-14,No,,,,,,,,,,,,,,,,,,,,,,,
3,3,4765,47,m48,2016-08-01,,,,,Yes,,,,,,,,,,,2016-07-28,,,,10.4,,,,1,400,1513,1515,1630,No,,,per Siemens,6 frames, 5 min/frame (6x300s),,No,No,Yes,Yes,2016-07-29,FORE/2D-OSEM (Siemens),,,No,,
3,4,4765,47,m60,2017-06-30,2017-06-30,Yes,1433,,Yes,1434,Yes,No,,,No,ADNI AV1451,400,,FORE/2D-OSEM (Siemens),2017-06-29,,1549,,10.2,2017-06-30,No,,,,,,,,,,,,,,,,,,,,,,,
3,3,4767,32,m48,2016-07-15,,,,,Yes,,,,,,,,,,,2016-07-13,,,,9.6,,,,1,632,1421,1422,1538,No,,,AV1451_TAU_ADNI_2_LM,6 frames, 5 min/frame (6x300s),,No,No,Yes,Yes,2016-07-14,FORE/2D-OSEM (Siemens),,,No,,
3,4,4767,33,m60,2017-07-11,2017-07-14,Yes,1424,,Yes,1425,Yes,No,,,No,AV1451_TAU_ADNI_2_LM,709,,3D-OSEM (Siemens),2017-06-29,,1540,,10,2017-07-03,No,,,,,,,,,,,,,,,,,,,,,,,
3,4,4782,33,m60,2017-09-07,2017-09-07,Yes,1432,,Yes,1433,Yes,No,,,No,AV1451_Tau_ADNI_2_LM (Adult),725,,FORE/2D-OSEM (Siemens),2017-08-29,,1546,,9.3,2017-08-31,No,,,,,,,,,,,,,,,,,,,,,,,
3,4,4785,25,m48,2017-11-16,2017-11-16,Yes,1352,,Yes,1354,Yes,No,,,No,7_ADNI_3_FLOTAUCIPIR,630,,FORE/2D-OSEM (Siemens),2017-11-15,,1509,,10.6,2017-11-16,No,,,,,,,,,,,,,,,,,,,,,,,
3,3,4799,1,m48,2016-08-16,,,,,Yes,,,,,,,,,,,2016-07-27,,,,10.3,,,,1,741,1548,1548,1705,No,,,PET_BRAIN_A_1451_TAU/RESEARCH,6 frames, 5 min/frame (6x300s),,No,No,Yes,Yes,2016-08-04,3D or LOR Ramla (Philips),0.04,Yes,No,,
3,4,4799,1,m60,2017-05-31,2017-05-31,Yes,1458,,Yes,1501,Yes,No,,,No,PET_BRAIN_AV_1451_TAU,743,,3D or LOR Ramla (Philips),2017-05-22,,1616,Yes,10.1,2017-05-23,No,,,,,,,,,,,,,,,,,,,,,,,
3,3,4809,13,m36,2015-06-23,,,,,,,,,,,,,,,,,,,,,,,,,,,,,,,,,,,,,,,,,,,,,
3,3,4809,13,m48,2016-09-09,,,,,Yes,,,,,,,,,,,2016-09-06,,,,9.7,,,,1,738,1358,1400,1515,No,,,AV-1451 BRAIN1 3D EMISSION,6 frames, 5 min/frame (6x300s),,No,No,Yes,Yes,2016-09-07,FORE Iterative (GE),,,No,,
3,3,4815,55,m36,2015-10-01,2015-10-09,,,,Yes,,,,,,,,,,,2015-09-30,,,,9.4,,,,1,900,1411,1412,1527,No,,,ADNI-2 Tau Addendum,6 frames, 5 min/frame (6x300s),,No,No,Yes,Yes,2015-10-05,FORE Iterative (GE),,,Yes,,
3,3,4815,55,m48,2016-10-04,,,,,No,,,,Other Reason,,,,,No,,,,,,,,,,1,,,,,,,,,,,,,,,,,,,,The participant consented to complete the PET TAU Scan.  The PET TAU scan was scheduled for 09/28/2016.  Due to AE reported/SAE, the participant's family did not want the participant to complete the study.  The study was cancelled.,
3,4,4817,50,m60,2017-07-05,2017-07-05,Yes,1457,,Yes,1458,Yes,No,,,No,3_PETCT-ADNI3-AV1451_Brain_LM,635,,3D-OSEM (Siemens),2017-06-09,,1613,,10.5,2017-06-09,No,,,,,,,,,,,,,,,,,,,,,,,
3,4,4827,8,m60,2017-09-19,2017-09-19,Yes,1324,,Yes,1325,Yes,No,,,No,CCIR_00931_ADNI3_AV1451,,,FORE/2D-OSEM (Siemens),2017-09-07,,1440,,10.3,2017-09-14,No,,,,,,,,,,,,,,,,,,,,,,,
3,3,4835,59,m48,2016-07-19,2016-08-11,,,,Yes,,,,,,,,,,,2016-07-19,,,,9.9,,,,1,855,1513,1515,1630,No,,,ADNI_AV-1451 Tau 6x5,6 frames, 5 min/frame (6x300s),,No,No,Yes,Yes,2016-07-19,3D Iterative (GE),,,No,,
3,4,4835,14,m60,2017-07-19,2017-07-19,Yes,1438,,Yes,1440,Yes,No,,,No,ADNI3-(AV-1451) TAU 6x5,904,,3D Iterative (GE),2017-07-18,,1555,,10.6,2017-07-18,No,,,,,,,,,,,,,,,,,,,,,,,
3,3,4842,48,m48,2016-08-01,,,,,Yes,,,,,,,,,,,2016-07-28,,,,10,,,,1,1056,1431,1432,1547,No,,,ADNI2,6 frames, 5 min/frame (6x300s),,No,No,No,Yes,2016-07-29,OSEM3D (Siemens) (If HHRT scanners using OP, select OSEM3D),,,No,,
3,3,4858,37,m48,2017-02-07,,,,,Yes,,,,,,,,,,,2017-02-02,,,,9.7,,,,1,330,1444,1445,1558,No,,,3D AV1451 ADNI2 BRAIN ACQUISITION,6 frames, 5 min/frame (6x300s),,No,No,Yes,Yes,2017-02-06,FORE/2D-OSEM (Siemens),,,No,,
3,3,4862,55,m24,2015-10-21,,,,,Yes,,,,,,,,,,,2015-10-07,,,,9.7,,,,1,1000,1349,1351,1506,No,,,ADNI2 Tau Addendum,6 frames, 5 min/frame (6x300s),,No,No,Yes,Yes,2015-10-07,FORE Iterative (GE),,,No,,
3,3,4862,55,m36,2016-12-13,,,,,Yes,,,,,,,,,,,2016-10-25,,,,8,,,,1,600,1333,1334,1449,No,,,ADNI-2 F18 TAU,6 frames, 5 min/frame (6x300s),,No,No,Yes,Yes,2016-10-25,FORE Iterative (GE),,,No,2.16 mCi residual was remaining in syringe after injection due to black rubber stopper in syringe.,
3,3,4868,13,m36,2015-08-17,,,,,,,,,,,,,,,,,,,,,,,,,,,,,,,,,,,,,,,,,,,,,
3,3,4868,13,m48,2016-09-09,,,,,Yes,,,,,,,,,,,2016-09-07,,,,10,,,,1,642,1350,1352,1507,No,,,AV-1451 BRAIN2 3D EMISSION,6 frames, 5 min/frame (6x300s),,No,No,No,Yes,2016-09-08,FORE Iterative (GE),,,No,,
3,4,4868,13,m60,2017-08-25,2017-09-05,Yes,1407,,Yes,1409,Yes,No,,,No,AV-1451 BRAIN2 3D EMISSION,626,,FORE Iterative (GE),2017-08-22,,1524,,10.5,2017-08-24,No,,,,,,,,,,,,,,,,,,,,,,,
3,3,4869,19,m36,2016-02-10,,,,,Yes,,,,,,,,,,,2016-01-21,,,,9.8,,,,1,630,1425,1427,1541,No,,,adni-2 tau 6x5 brain,6 frames, 5 min/frame (6x300s),,No,No,Yes,Yes,2016-01-21,3D or LOR Ramla (Philips),,Yes,No,,
3,4,4869,20,m48,2017-05-12,2017-05-12,Yes,1445,,Yes,1445,Yes,No,,,No,UISP_ADNI-3 TAU 6x5 BRAIN,1551,,3D or LOR Ramla (Philips),2017-05-11,,1600,Yes,10,2017-05-11,No,,,,,,,,,,,,,,,,,,,,,,,
3,4,4873,20,m48,2017-05-31,2017-05-31,,,,No,,,,Withdrawn consent,,,,,No,,,,,,,,,,,,,,,,,,,,,,,,,,,,,,,
3,4,4874,28,m60,2017-08-30,2017-09-14,Yes,1421,,Yes,1428,Yes,No,,,No,Brain-F18-6x5minutes-ADNI3,258,,FORE/2D-OSEM (Siemens),2017-08-15,,1543,,9.8,2017-08-15,No,,,,,,,,,,,,,,,,,,,,,,,
3,4,4876,28,m60,2017-08-30,2017-08-30,Yes,1518,,Yes,1532,Yes,No,,,No,Brain-F18-6x5min-ADNI3,258,,FORE/2D-OSEM (Siemens),2017-07-06,,1647,,9.9,2017-07-06,No,,,,,,,,,,,,,,,,,,,,,,,
3,3,4889,13,m36,2015-09-08,,,,,,,,,,,,,,,,,,,,,,,,,,,,,,,,,,,,,,,,,,,,,
3,3,4889,13,m48,2016-10-14,,,,,Yes,,,,,,,,,,,2016-10-12,,,,10.2,,,,1,647,1345,1346,1501,No,,,AV-1451 BRAIN2 3D EMISSION,6 frames, 5 min/frame (6x300s),,No,No,No,Yes,2016-10-13,FORE Iterative (GE),,,No,,
3,4,4889,13,m60,,2017-12-04,,,participant agreed to PET scans at a later visit,No,,,,Participant unwilling,,,,,No,,,,,,,,,,,,,,,,,,,,,,,,,,,,,,,
3,4,4893,8,m60,2017-11-10,2017-11-10,Yes,1154,,Yes,1155,Yes,No,,,No,CCIR_00931_ADNI3_AV1451,753,,3D-OSEM (Siemens),2017-11-07,,1310,,10.2,2017-11-08,No,,,,,,,,,,,,,,,,,,,,,,,
3,4,4900,2,m60,2017-11-09,2017-11-09,Yes,1403,,Yes,1404,Yes,No,,,No,3_ADNI_AV_1451_LM,600,,3D-OSEM (Siemens),2017-10-31,,1519,,10.2,2017-11-01,No,,,,,,,,,,,,,,,,,,,,,,,
3,3,4919,19,m36,2015-12-21,,,,,Yes,,,,,,,,,,,2015-12-17,,,,9,,,,1,630,1442,1443,1556,No,,,UISP_ADNI-DOD Tau 6x5 Brain,6 frames, 5 min/frame (6x300s),,No,No,Yes,Yes,2015-12-18,3D or LOR Ramla (Philips),,Yes,Yes,,
3,4,4919,20,m48,2017-05-15,2017-05-15,Yes,1437,,Yes,1438,Yes,No,,,No,ADNI_3 TAU_6X5_BRAIN,546,,3D or LOR Ramla (Philips),2017-02-21,,1553,,9,2017-02-21,No,,,,,,,,,,,,,,,,,,,,,,,
3,3,4926,19,m36,2015-11-24,,,,,Yes,,,,,,,,,,,2015-11-19,,,,10.2,,,,1,626,1433,1433,1546,No,,,ADNI-DOD tau 6x5 Brain,6 frames, 5 min/frame (6x300s),,No,No,Yes,Yes,2015-11-19,3D or LOR Ramla (Philips),,Yes,No,,
3,4,4926,20,m48,2017-05-31,2017-05-31,,,,No,,,,Withdrawn consent,,,,,No,,,,,,,,,,,,,,,,,,,,,,,,,,,,,,,
3,4,4928,47,m60,2018-02-15,2018-02-15,,,,No,,,,Other (specify),unable to schedule with participant's family member in suitable time frame,,,,No,,,,,,,,,,,,,,,,,,,,,,,,,,,,,,,
3,4,4951,12,m48,2017-02-21,2017-02-21,Yes,1630,Problems with local server to run Java,Yes,1630,Yes,No,,,No,3D PET PET DYN ADNI,730,,3D Iterative (GE),2017-02-15,,1745,,10.2,2017-02-17,No,,,,,,,,,,,,,,,,,,,,,,,
3,4,4952,12,m48,2017-02-21,2017-02-21,Yes,1550,Problems with local server to run Java,Yes,1550,Yes,No,,,No,3D PET DYN ADNI,730,,FORE Iterative (GE),2017-02-15,,1705,,10.8,2017-02-17,No,,,,,,,,,,,,,,,,,,,,,,,
3,4,4974,28,m60,2017-10-23,2017-10-23,Yes,1357,,Yes,1409,Yes,No,,,No,Brain_F18_6x5min_ADNI3,258,,FORE/2D-OSEM (Siemens),2017-10-12,,1524,,9.6,2017-10-12,No,,,,,,,,,,,,,,,,,,,,,,,
3,4,5004,17,m48,2017-04-19,2017-04-19,Yes,1405,,Yes,1406,Yes,No,,,No,825666 Brain Av1451 DYN,736,,3D or LOR Ramla (Philips),2017-04-05,,1521,Yes,9.8,2017-04-07,No,,,,,,,,,,,,,,,,,,,,,,,
3,4,5078,28,m48,2017-08-01,2017-08-01,Yes,1400,,Yes,1407,Yes,No,,,No,Brain_F18_6x5min-ADNI3,258,,FORE/2D-OSEM (Siemens),2017-07-27,,1522,,10,2017-07-28,No,,,,,,,,,,,,,,,,,,,,,,,
3,4,5079,20,m48,2017-11-27,2017-11-27,Yes,1436,,Yes,1436,Yes,No,,,No,UISP _ADNI-3 TAU 6X5 BRAIN,553,,3D or LOR Ramla (Philips),2017-11-15,,1551,Yes,10.5,2017-11-15,No,,,,,,,,,,,,,,,,,,,,,,,
3,4,5083,20,m48,2017-07-17,2017-07-17,Yes,1547,,Yes,1548,Yes,No,,,No,adni-3 tau 6x5 brain,551,,3D or LOR Ramla (Philips),2017-07-13,,1703,Yes,6.4,2017-07-xx,No,,,,,,,,,,,,,,,,,,,,,,,
3,4,5093,20,m48,2017-07-07,2017-07-07,Yes,1444,,Yes,1445,Yes,No,,,No,UISP_ADNI3_TAU 6x5 BRAIN,634,,3D or LOR Ramla (Philips),2017-07-06,,1610,Yes,10.3,2017-07-06,No,,,,,,,,,,,,,,,,,,,,,,,
3,4,5097,28,init,2018-02-16,2018-02-16,Yes,1301,,Yes,1307,Yes,No,,,No,Brain_F18_6x5min_ADNI3,258,,FORE/2D-OSEM (Siemens),2018-02-13,,1422,,9.8,2018-02-13,No,,,,,,,,,,,,,,,,,,,,,,,
3,4,5100,28,m48,2017-07-24,2017-07-24,Yes,1359,,Yes,1407,Yes,No,,,No,Brain_F18_6x5min-ADNI3,258,,FORE/2D-OSEM (Siemens),2017-07-20,,1522,,10,2017-07-20,No,,,,,,,,,,,,,,,,,,,,,,,
3,4,5109,20,m48,2017-08-04,2017-08-04,Yes,1444,,Yes,1445,Yes,No,,,No,UISP_ADNI-3 TAU 6x5 Brain,550,,3D or LOR Ramla (Philips),2017-08-01,,1601,Yes,10.2,2017-08-01,No,,,,,,,,,,,,,,,,,,,,,,,
3,3,5113,60,m36,2016-04-12,,,,,Yes,,,,,,,,,,,2016-04-07,,,,10.4,,,,1,742,1436,1440,1555,No,,,ADNI-2 AV1451-Brain,6 frames, 5 min/frame (6x300s),,No,No,Yes,Yes,2016-04-07,FORE/2D-OSEM (Siemens),,,No,,
3,4,5113,52,m48,2017-07-10,2017-07-10,Yes,1448,After emission scan, gantry lost communication Acq computer. Had to restart gantry, move bed out, lower and raise bed to same height, move bed back into same position as emission scan. Communication restored and transmission acquired. Performed a small sh,Yes,1450,Yes,No,,,Yes,ADNI-AV1451-Brain,525,,FORE/2D-OSEM (Siemens),2017-07-06,,1605,,10,2017-07-06,No,,,,,,,,,,,,,,,,,,,,,,,
3,4,5118,20,m48,2017-09-22,2017-09-22,Yes,1445,,Yes,1445,Yes,No,,,No,ADNI-3 TAU 6x5 BRAIN,550,,3D or LOR Ramla (Philips),2017-09-20,,1602,,9.9,2017-09-20,No,,,,,,,,,,,,,,,,,,,,,,,
3,4,5124,59,m60,2018-02-28,2018-02-28,Yes,1347,,Yes,1347,Yes,No,,,No,ADNI-3-TAU/FDG,857,,3D Iterative (GE),2018-02-26,,1502,,10,2018-02-28,No,,,,,,,,,,,,,,,,,,,,,,,
3,4,5132,47,m48,2017-07-12,2017-07-12,Yes,1527,,Yes,1528,Yes,No,,,No,ADNI AV1451,400,,FORE/2D-OSEM (Siemens),2017-07-11,,1643,,10.4,2017-07-12,No,,,,,,,,,,,,,,,,,,,,,,,
3,4,5140,15,m48,2018-03-02,2018-03-02,Yes,1531,,Yes,1532,Yes,No,,,No,,700,,3D-OSEM (Siemens),2018-02-27,,1642,,10,2018-03-02,No,,,,,,,,,,,,,,,,,,,,,,,
3,4,5169,20,m48,2017-11-27,2017-11-27,Yes,1459,,Yes,1500,Yes,No,,,No,UISP ADNI-3 TAU,549,,3D or LOR Ramla (Philips),2017-11-16,prior patient delay,1618,Yes,9.2,2017-11-16,No,,,,,,,,,,,,,,,,,,,,,,,
3,4,5175,50,m48,2017-07-05,2017-07-05,Yes,1451,,Yes,1452,Yes,No,,,No,3PETCT_ADNI3_AV1451_Brain_LM,621,,3D-OSEM (Siemens),2017-06-30,,1607,,10.6,2017-06-30,No,,,,,,,,,,,,,,,,,,,,,,,
3,4,5176,6,m48,2017-10-06,2017-10-06,Yes,1325,,Yes,1325,Yes,No,,,No,ADNI3,758,,FORE Iterative (GE),2017-10-05,,1441,,9.7,2017-10-05,No,,,,,,,,,,,,,,,,,,,,,,,
3,4,5177,16,m48,2017-07-05,2017-07-05,Yes,1420,,Yes,1421,Yes,No,,,No,ADNI-3,630,,3D Iterative (GE),2017-06-27,,1537,,9.4,2017-06-28,No,,,,,,,,,,,,,,,,,,,,,,,
3,4,5178,1,m48,2017-06-06,2017-06-06,Yes,1513,,Yes,1515,Yes,No,,,No,PET_BRAIN_AV_1451_TAU,721,,3D or LOR Ramla (Philips),2017-05-31,,1630,Yes,9.9,2017-06-01,No,,,,,,,,,,,,,,,,,,,,,,,
3,4,5185,47,m48,2017-09-08,2017-09-08,Yes,1432,,Yes,1433,Yes,No,,,No,ADNI AV1451,400,,FORE/2D-OSEM (Siemens),2017-09-06,,1550,,10,2017-09-08,No,,,,,,,,,,,,,,,,,,,,,,,
3,4,5193,59,m48,2017-07-20,2017-07-20,Yes,1448,,Yes,1450,Yes,No,,,No,adni3,705,,3D Iterative (GE),2017-07-11,,1605,,7.1,2017-07-13,Yes,QC for dose arrived late. Dose injected is 7.1mCi,,,,,,,,,,,,,,,,,,,,,,
3,4,5194,16,m48,2017-07-28,2017-07-28,Yes,1438,,Yes,1440,Yes,No,,,No,ADNI-3,638,,3D Iterative (GE),2017-07-25,,1555,,9.4,2017-07-26,No,,,,,,,,,,,,,,,,,,,,,,,
3,4,5198,24,m48,2017-12-15,2017-12-15,Yes,1452,,Yes,1455,Yes,No,,,No,1.3 DYN 3D Brain,708,,FORE Iterative (GE),2017-12-05,,1610,,10.7,2017-12-05,No,,,,,,,,,,,,,,,,,,,,,,,
3,3,5200,47,m24,2015-11-24,,,,,Yes,,,,,,,,,,,2015-11-24,,,,9.1,,,,1,400,1429,1430,1545,No,,,per Siemens,6 frames, 5 min/frame (6x300s),,No,No,Yes,Yes,2015-11-24,FORE/2D-OSEM (Siemens),,,No,,
3,4,5200,47,m48,2017-07-14,2017-07-14,Yes,1434,,Yes,1435,Yes,No,,,No,ADNI AV1451,400,,FORE/2D-OSEM (Siemens),2017-07-12,,1550,,9.9,2017-07-13,No,,,,,,,,,,,,,,,,,,,,,,,
3,4,5203,15,m48,2018-03-02,2018-03-02,Yes,1529,,Yes,1530,Yes,No,,,No,,700,,3D-OSEM (Siemens),2018-02-22,,1645,,10,2018-03-02,No,,,,,,,,,,,,,,,,,,,,,,,
3,3,5222,26,m24,2015-12-07,,,,,Yes,,,,,,,,,,,2015-11-24,,,,10.4,,,,1,830,1446,1446,1601,No,,,2010_00139_ADNI2_TAU (Adult),6 frames, 5 min/frame (6x300s),,,No,Yes,Yes,2015-11-25,FORE/2D-OSEM (Siemens),,,No,,
3,4,5228,47,m48,2017-12-14,2017-12-14,,,,No,,,,Other (specify),participant did not qualify based on EKG,,,,No,,,,,,,,,,,,,,,,,,,,,,,,,,,,,,,
3,4,5230,1,m48,2017-08-16,2017-08-16,Yes,1508,,Yes,1510,Yes,No,,,No,PET_BRAIN_AV_1451_TAU/RESEARCH,814,,3D or LOR Ramla (Philips),2017-08-08,,1625,Yes,10.5,2017-08-14,No,,,,,,,,,,,,,,,,,,,,,,,
3,4,5236,16,m48,2017-07-28,2017-07-28,,,Subject originally consented to scan and then withdrew consent on day before scan.,No,,,,Participant unwilling,,,,,No,,,,,,,,,,,,,,,,,,,,,,,,,,,,,,,
3,4,5237,16,m48,2017-08-21,2017-08-21,,,,No,,,,Other (specify),QTc exclusion on EKG,,,,No,,,,,,,,,,,,,,,,,,,,,,,,,,,,,,,
3,3,5242,59,m24,2015-08-26,,,,,Yes,,,,,,,,,,,2015-08-26,,,,9.8,,,,1,906,1258,1300,1415,No,,,ADNI-(AV-45) Tau 6x5,6 frames, 5 min/frame (6x300s),,No,No,Yes,Yes,2015-08-26,3D Iterative (GE),,,No,,
3,4,5253,28,m48,2017-09-15,2017-09-15,Yes,1544,,Yes,1553,Yes,No,,,No,Brain_F18_6x5min_ADNI3,1458,,FORE/2D-OSEM (Siemens),2017-09-12,,1708,,9.5,2017-09-13,No,,,,,,,,,,,,,,,,,,,,,,,
3,4,5258,50,m48,2017-09-07,2017-09-07,Yes,1603,,Yes,1604,Yes,No,,,No,3PETCT_ADNI3_AV1451_Brain_LM,622,,3D-OSEM (Siemens),2017-07-06,,1719,,8.6,2017-07-06,No,,,,,,,,,,,,,,,,,,,,,,,
3,4,5259,24,m48,2017-12-15,2017-12-15,Yes,1444,,Yes,1447,Yes,No,,,No,1.13 DYN 3D Brain,652,,FORE Iterative (GE),2017-12-07,,1602,,10.8,2017-12-07,No,,,,,,,,,,,,,,,,,,,,,,,
3,4,5265,5,m48,2017-09-29,2017-09-29,Yes,1358,,Yes,1358,Yes,No,,,No,,609,,3D Iterative (GE),2017-09-20,,1514,,10.3,2017-09-21,No,,,,,,,,,,,,,,,,,,,,,,,
3,3,5266,47,m24,2016-01-06,,,,,Yes,,,,,,,,,,,2015-12-10,,,,9.6,,,,1,400,1427,1428,1543,No,,,per Siemens,6 frames, 5 min/frame (6x300s),,No,No,Yes,Yes,2015-12-11,FORE/2D-OSEM (Siemens),,,No,,
3,4,5266,47,m48,2017-08-23,2017-08-23,Yes,1422,,Yes,1423,Yes,No,,,No,ADNI AV-1451,400,,FORE/2D-OSEM (Siemens),2017-08-22,,1538,,10.4,2017-08-23,No,,,,,,,,,,,,,,,,,,,,,,,
3,3,5269,60,m24,2015-09-08,2015-11-12,,,,Yes,,,,,,,,,,,2015-09-02,,,,10.6,,,,1,526,1522,1524,1640,No,,,ADNI-2,6 frames, 5 min/frame (6x300s),,No,No,Yes,Yes,2015-09-02,FORE/2D-OSEM (Siemens),,,No,,
3,3,5269,60,m36,2016-08-18,,,,,Yes,,,,,,,,,,,2016-08-16,,,,10.3,,,,1,500,1441,1445,1600,No,,,ADNI-2 AV1451-Brain,6 frames, 5 min/frame (6x300s),,Yes,No,Yes,Yes,2016-08-16,FORE/2D-OSEM (Siemens),,,No,There was some patient motion during both emission and transmission, but an attempt was made to bring patient back to starting point at the start of each frame.,
3,3,5273,60,m24,2015-09-08,,,,,Yes,,,,,,,,,,,2015-09-03,,,,9.9,,,,1,526,1541,1552,1707,No,,,ADNI-2,6 frames, 5 min/frame (6x300s),,No,No,Yes,Yes,2015-09-04,FORE/2D-OSEM (Siemens),,,No,,
3,3,5273,60,m36,2016-08-30,,,,,Yes,,,,,,,,,,,2016-08-25,,,,10.4,,,,1,501,1507,1510,1625,No,,,ADNI-2 AV1451-Brain,6 frames, 5 min/frame (6x300s),,No,No,Yes,Yes,2016-08-25,FORE/2D-OSEM (Siemens),,,No,,
3,3,5277,19,m24,2015-12-02,,,,,Yes,,,,,,,,,,,2015-10-06,,,,9.9,,,,1,635,1443,1445,1559,No,,,ADNI-DOD tau 6x5 Brain,6 frames, 5 min/frame (6x300s),,No,No,Yes,Yes,2015-10-06,3D or LOR Ramla (Philips),,Yes,Yes,,
3,4,5277,20,m48,2017-12-06,2017-12-06,Yes,1437,,Yes,1438,Yes,No,,,No,ADNI-3 TAU 6X5 BRAIN,549,,3D or LOR Ramla (Philips),2017-11-30,,1553,Yes,10.4,2017-12-04,No,,,,,,,,,,,,,,,,,,,,,,,
3,4,5278,37,m48,2018-03-05,2018-03-05,Yes,1443,,Yes,1445,Yes,,,,No,AV 1451 Dod ADNI_TAU_LM,542,,3D-OSEM (Siemens),2018-02-16,,1600,,10.7,2018-03-02,Yes,,,,,,,,,,,,,,,,,,,,,,,
3,4,5288,20,m48,2018-01-25,2018-01-25,Yes,1445,,Yes,1445,Yes,No,,,No,UISP_ADNI-3 Tau 6x5 Brain,549,,3D or LOR Ramla (Philips),2018-01-24,PRIOR PT. DELAY, SCANNER ERROR,1610,Yes,10.1,2018-01-24,No,,,,,,,,,,,,,,,,,,,,,,,
3,4,5289,23,m36,2017-05-26,2017-05-26,Yes,1403,This scan was originally scheduled for 5/9/17. It had to be rescheduled to 5/17 because the AV-1451 manufacturer unexpectedly closed for maintenance. On 5/17 the scan was scheduled for 14:00, but the dose was delayed and we were told it would arrive by 15,Yes,1404,Yes,No,,,No,ADNI3_AV-1451_30min_6F.cnfg,830,,3D-OSEM (Siemens),2017-05-25,,1519,,10.2,2017-05-25,No,,,,,,,,,,,,,,,,,,,,,,,
3,4,5290,19,m48,2017-09-12,2017-09-12,Yes,1235,,Yes,1236,Yes,No,,,No,Project 322 (ADNI3) Delayed AV-1451,458,,FORE/2D-OSEM (Siemens),2017-09-12,,1351,,8.5,2017-09-12,No,,,,,,,,,,,,,,,,,,,,,,,
4,4,6001,20,bl,2017-05-15,2017-05-15,Yes,1426,,Yes,1428,Yes,No,,,No,ADNI-3 TAU 6x5 BRAIN,554,,3D or LOR Ramla (Philips),2017-03-27,,1544,Yes,9,2017-03-27,No,,,,,,,,,,,,,,,,,,,,,,,
4,4,6002,20,bl,2017-05-15,2017-05-15,Yes,1417,,Yes,1418,Yes,No,,,No,ADNI-3 TAU 6x5 BRAIN,554,,3D or LOR Ramla (Philips),2017-03-29,,1533,Yes,11,2017-03-29,No,,,,,,,,,,,,,,,,,,,,,,,
4,4,6005,19,bl,2017-04-27,2017-04-27,Yes,1321,,Yes,1324,Yes,No,,,No,Project 322 AV1451 Delay (Adult),651,,FORE/2D-OSEM (Siemens),2017-04-27,,1439,,8.3,2017-04-27,No,,,,,,,,,,,,,,,,,,,,,,,
4,4,6007,1,bl,2017-05-03,2017-05-03,Yes,1540,,Yes,1542,Yes,No,,,No,PET_BRAIN_AV_1451_TAU/RESEARCH,718,,3D or LOR Ramla (Philips),2017-04-25,,1657,Yes,10.8,2017-04-27,No,,,,,,,,,,,,,,,,,,,,,,,
4,4,6008,55,bl,2017-05-31,2017-06-02,Yes,1414,,Yes,1415,Yes,No,,,No,RIH_STUDY_ATRI_ADNI3_1451,640,,3D-OSEM (Siemens),2017-05-30,,1530,,10.9,2017-05-31,No,,,,,,,,,,,,,,,,,,,,,,,
4,4,6009,1,bl,2017-06-02,2017-06-02,Yes,1544,,Yes,1546,Yes,No,,,No,PET_BRAIN_AV_1451_TAU,736,,3D or LOR Ramla (Philips),2017-05-15,,1701,Yes,10.6,2017-05-15,No,,,,,,,,,,,,,,,,,,,,,,,
4,4,6013,17,bl,2017-06-05,2017-06-27,Yes,1456,,Yes,1458,Yes,No,,,No,82566 Brain Av45 DYN,724,,3D or LOR Ramla (Philips),2017-05-10,,1613,Yes,10.9,2017-06-02,No,,,,,,,,,,,,,,,,,,,,,,,
4,4,6015,55,bl,2017-06-09,2017-06-09,Yes,1435,,Yes,1436,Yes,No,,,No,RIH_STUDY_ATRI_ADNI3_1451,648,,3D-OSEM (Siemens),2017-06-08,,1551,,10.6,2017-06-09,No,,,,,,,,,,,,,,,,,,,,,,,
4,4,6016,40,bl,2017-08-29,2017-08-29,Yes,1127,,Yes,1134,Yes,No,,,No,ADNI3 AV1451 6x300 sec,646,,3D Iterative (GE),2017-08-24,,1249,,9,2017-08-28,No,,,,,,,,,,,,,,,,,,,,,,,
4,4,6019,50,bl,2017-07-05,2017-07-05,Yes,1518,,Yes,1520,Yes,No,,,No,3PETCT_ADNI3_AV1451_Brain_LM,646,,3D-OSEM (Siemens),2017-06-22,,1635,,10.6,2017-06-22,No,,,,,,,,,,,,,,,,,,,,,,,
4,4,6024,47,bl,2017-11-30,2017-11-30,Yes,1416,Completing the CBB took longer than expected (as estimated by the study coordinator). We could not stop or pause the CBB, so the scan was completed 81 minutes post injection.,Yes,1417,Yes,No,,,Yes,ADNI-AV1451,400,,FORE/2D-OSEM (Siemens),2017-11-29,Completing the CBB took longer than expected (as estimated by the study coordinator). We could not stop or pause the CBB, so the scan was completed 81 minutes post injection.,1538,,10.7,2017-11-30,No,,,,,,,,,,,,,,,,,,,,,,,
4,4,6025,40,bl,2017-10-13,2017-10-13,Yes,1150,,Yes,1155,Yes,Yes,,,No,RN: ADNI3 AV1451 6x300 sec,634,,3D Iterative (GE),2017-10-12,,1310,,9.7,2017-10-13,No,,,,,,,,,,,,,,,,,,,,,,,
4,4,6027,50,bl,2017-11-08,2017-11-08,Yes,1544,,Yes,1545,Yes,No,,,No,3PETCT_ADNI3_AV1451_Brain_LM,625,,3D-OSEM (Siemens),2017-11-07,,1700,,10.1,2017-11-07,No,,,,,,,,,,,,,,,,,,,,,,,
4,4,6030,1,bl,2017-07-31,2017-07-31,Yes,1537,,Yes,1539,Yes,No,,,No,PET_BRAIN_AV_1451_TAU,730,,3D or LOR Ramla (Philips),2017-07-24,,1654,Yes,10.6,2017-07-26,No,,,,,,,,,,,,,,,,,,,,,,,
4,4,6031,27,bl,2017-08-19,2017-09-13,Yes,1525,,Yes,1527,Yes,,,,No,2016_00233_ADNI3_TAU_BRAIN,820,,FORE/2D-OSEM (Siemens),2017-08-14,,1642,,10,2017-08-15,No,,,,,,,,,,,,,,,,,,,,,,,
4,4,6033,19,bl,2017-07-20,2017-07-20,Yes,1354,,Yes,1355,Yes,No,,,No,Project 322 (ADNI-3) Delayed AV-1451,458,,FORE/2D-OSEM (Siemens),2017-07-18,,1510,,7.5,2017-07-19,No,,,,,,,,,,,,,,,,,,,,,,,
4,4,6034,20,bl,2018-02-02,2018-02-02,Yes,1444,,Yes,1445,Yes,No,,,No,ADNI-3 TAU 6X5 BRAIN,558,,3D or LOR Ramla (Philips),2018-02-01,,1600,,9.7,2018-02-01,No,,,,,,,,,,,,,,,,,,,,,,,
4,4,6037,50,bl,2017-09-07,2017-09-07,Yes,1457,,Yes,1455,Yes,No,,,No,3PETCT_ADNI3_AV1451_Brain_LM,634,,3D-OSEM (Siemens),2017-08-04,,1610,,10.5,2017-08-04,No,,,,,,,,,,,,,,,,,,,,,,,
4,4,6038,40,bl,2017-12-01,2017-12-01,Yes,1558,Slight motion between frames, no body motion.,Yes,1603,Yes,Yes,,,No,RN: ADNI3 AV1451 6x300 sec,716,,3D Iterative (GE),2017-11-28,,1718,,10.2,2017-11-30,No,,,,,,,,,,,,,,,,,,,,,,,
4,4,6039,43,bl,2017-10-13,2017-10-13,Yes,1058,,Yes,1058,Yes,No,,,No,ADNI3 Tau PET/CT/Body,657,,3D or LOR Ramla (Philips),2017-10-04,,1213,Yes,9.5,2017-10-13,No,,,,,,,,,,,,,,,,,,,,,,,
4,4,6041,55,bl,2017-08-28,2017-08-29,Yes,1429,,Yes,1430,Yes,No,,,No,RIH_STUDY_ATRI_ADNI3_1451,639,,3D-OSEM (Siemens),2017-08-23,,1545,,10.7,2017-08-25,No,,,,,,,,,,,,,,,,,,,,,,,
4,4,6043,50,bl,2017-10-26,2017-10-26,Yes,1527,,Yes,1527,Yes,No,,,No,3_PETCT-ADMO3_AV1451_Brain_LM,610,,3D-OSEM (Siemens),2017-10-24,,1642,,10.6,2017-10-24,No,,,,,,,,,,,,,,,,,,,,,,,
4,4,6044,59,bl,2017-07-25,2017-07-25,Yes,1306,,Yes,1306,Yes,No,,,No,ADNI3 - AV1451,718,,3D Iterative (GE),2017-07-21,,1421,,9.4,2017-07-25,No,,,,,,,,,,,,,,,,,,,,,,,
4,4,6045,33,bl,2017-08-28,2017-08-28,Yes,1411,,Yes,1412,Yes,No,,,No,AV1451_TAU_ADNI_2_LM (Adult),711,,3D-OSEM (Siemens),2017-08-22,,1532,,10.5,2017-08-28,No,,,,,,,,,,,,,,,,,,,,,,,
4,4,6047,50,bl,2017-09-07,2017-09-07,Yes,1456,,Yes,1456,Yes,No,,,No,3_PETCT_ADNI3_AV1451_Brain_LM,634,,3D-OSEM (Siemens),2017-08-31,,1611,,10.4,2017-08-31,No,,,,,,,,,,,,,,,,,,,,,,,
4,4,6051,58,bl,2017-10-23,2017-12-22,Yes,1302,Upload delayed due to technical issues with file formatting and image transfer systems at site Radiology.,Yes,1302,Yes,No,,,No,PTCT_Brain_3D_ADNI3_TauAV-1451,801,,3D Iterative (GE),2017-08-15,,1417,,9.8,2017-10-23,No,,,,,,,,,,,,,,,,,,,,,,,
4,4,6052,59,bl,2017-08-07,2017-08-07,Yes,1351,,Yes,1353,Yes,No,,,No,ADNI3 TAU,705,,3D Iterative (GE),2017-08-01,,1508,,10.2,2017-08-07,No,,,,,,,,,,,,,,,,,,,,,,,
4,4,6053,1,bl,2017-08-31,2017-08-31,Yes,1503,,Yes,1505,Yes,No,,,No,PET_BRAIN_AV_1451_TAU/RESEARCH,714,,3D or LOR Ramla (Philips),2017-08-24,,1620,Yes,9.2,2017-08-28,No,,,,,,,,,,,,,,,,,,,,,,,
4,4,6054,59,bl,2017-08-07,2017-08-10,Yes,1248,,Yes,1250,Yes,No,,,No,ADNI3 TAU,705,,3D Iterative (GE),2017-08-01,,1405,,9,2017-08-07,No,,,,,,,,,,,,,,,,,,,,,,,
4,4,6056,61,bl,2018-01-10,2018-01-10,Yes,1300,,Yes,1306,Yes,No,,,No,,900,,3D Iterative (GE),2017-08-31,,1421,,10,2017-12-20,Yes,,,,,,,,,,,,,,,,,,,,,,,
4,4,6058,59,bl,2017-09-21,2017-09-21,Yes,1223,Scan time 72 minutes post injection, technologist error,Yes,1223,Yes,No,,,No,ADNI3 TAU,714,,3D Iterative (GE),2017-08-25,,1335,,10.1,2017-08-28,Yes,uptake = 72 minutes,,,,,,,,,,,,,,,,,,,,,,
4,4,6059,58,bl,2017-12-21,2017-12-21,Yes,1303,,Yes,1303,Yes,No,,,No,PTCT_Brain_3D_ADNI3_TauAV-1451,733,,3D Iterative (GE),2017-12-19,,1418,,10.3,2017-12-20,No,,,,,,,,,,,,,,,,,,,,,,,
4,4,6061,55,bl,2017-09-06,2017-09-08,Yes,1417,,Yes,1422,Yes,No,,,No,RIH_STUDY_ATRI_ADNI3_1451,625,,3D-OSEM (Siemens),2017-09-05,,1537,,9.9,2017-09-06,No,,,,,,,,,,,,,,,,,,,,,,,
4,4,6062,58,bl,2017-12-08,2017-12-08,Yes,1434,,Yes,1435,Yes,No,,,No,PTCT_Brain_3D_ADNI3_TauAV-1451,709,,3D Iterative (GE),2017-12-06,,1550,,8.3,2017-12-07,No,,,,,,,,,,,,,,,,,,,,,,,
4,4,6064,58,bl,2018-02-08,2018-02-08,Yes,1319,,Yes,1320,Yes,No,,,No,PTCT_Brain_3D_ADNI3_TauAV-1451,805,,3D Iterative (GE),2018-02-06,,1437,,9.9,2018-02-06,No,,,,,,,,,,,,,,,,,,,,,,,
4,4,6065,58,bl,2018-02-01,2018-02-01,Yes,1330,,Yes,1332,Yes,No,,,No,PTCT_Brain_3D_ADNI3_TauAV-1451,815,,3D Iterative (GE),2018-01-31,,1447,,9.4,2018-02-01,No,,,,,,,,,,,,,,,,,,,,,,,
4,4,6067,2,bl,2018-03-05,2018-03-05,Yes,1354,CD was not available to be uploaded. Data was uploaded on 11/8/17.,Yes,1355,No,No,,,No,3_ADNI3_AV_1451_LM,455,,3D-OSEM (Siemens),2017-10-18,,1510,,11,,No,,,,,,,,,,,,,,,,,,,,,,,
4,4,6068,59,bl,2017-09-01,2017-09-01,Yes,1313,,Yes,1313,Yes,No,,,No,ADNI3,705,,3D Iterative (GE),2017-08-30,,1429,,10.3,2017-09-01,No,,,,,,,,,,,,,,,,,,,,,,,
4,4,6069,17,bl,2017-09-14,2017-09-14,Yes,1337,,Yes,1338,Yes,No,,,No,825666 Brain Av-1451 DYN,732,,3D or LOR Ramla (Philips),2017-09-07,,1452,Yes,10,2017-09-08,No,,,,,,,,,,,,,,,,,,,,,,,
4,4,6072,50,bl,2017-09-20,2017-09-20,Yes,1548,,Yes,1544,Yes,No,,,No,3-petct-adni-av1451-brain-lm,615,,3D-OSEM (Siemens),2017-09-15,,1704,,9.4,2017-09-15,No,,,,,,,,,,,,,,,,,,,,,,,
4,4,6073,9,bl,2017-10-27,2017-10-27,Yes,1412,,Yes,1413,Yes,No,,,No,ADNI2 AV1451,459,,3D Iterative (GE),2017-10-11,,1528,,9.1,2017-10-11,No,,,,,,,,,,,,,,,,,,,,,,,
4,4,6075,55,bl,2017-10-13,2017-10-13,Yes,1426,,Yes,1430,Yes,No,,,No,RIH_STUDY_ATRI_ADNI3_1451,644,,3D-OSEM (Siemens),2017-10-12,,1545,,10.5,2017-10-13,No,,,,,,,,,,,,,,,,,,,,,,,
4,4,6076,11,bl,2017-11-20,2017-11-20,Yes,1220,,Yes,1220,Yes,No,,,No,ADNI 3 TAU,725,,3D or LOR Ramla (Philips),2017-11-20,,1335,Yes,10.6,2017-11-20,No,,,,,,,,,,,,,,,,,,,,,,,
4,4,6080,59,bl,2017-10-18,2017-10-18,Yes,1255,,Yes,1255,Yes,No,,,No,ADNI3 TAU/FDG,655,,3D Iterative (GE),2017-10-16,,1410,,10.5,2017-10-18,No,,,,,,,,,,,,,,,,,,,,,,,
4,4,6082,49,bl,2017-12-01,2017-12-01,Yes,1237,,Yes,1240,Yes,No,,,No,GE710/ ADNI3 AV1451 6X300SEC,630,,3D Iterative (GE),2017-11-30,N/A,1355,,10.1,2017-12-01,No,,,,,,,,,,,,,,,,,,,,,,,
4,4,6083,27,bl,2017-12-01,2017-12-01,Yes,1500,,Yes,1501,Yes,No,,,No,2016_00233_ADNI3_TAU_BRAIN,830,,FORE/2D-OSEM (Siemens),2017-11-29,,1616,,10.6,2017-11-30,No,,,,,,,,,,,,,,,,,,,,,,,
4,4,6085,58,bl,2017-12-19,2017-12-19,Yes,1347,,Yes,1350,Yes,No,,,No,PTCT_Brain_3D_ADNI3_TauAV-1451,741,,3D Iterative (GE),2017-12-12,,1506,,8.7,2017-12-13,No,,,,,,,,,,,,,,,,,,,,,,,
4,4,6088,26,bl,2017-12-11,2017-12-20,Yes,1422,,Yes,1422,Yes,No,,,No,PETCT_TAU_ADNI3_BRAIN_LM(ADULT),609,,3D-OSEM (Siemens),2017-11-30,,1537,,10.5,2017-12-20,No,,,,,,,,,,,,,,,,,,,,,,,
4,4,6094,59,bl,2017-11-07,2017-11-07,Yes,1230,,Yes,1230,Yes,No,,,No,ADNI3 TAU/FDG,632,,3D Iterative (GE),2017-11-03,,1345,,10.5,2017-11-07,No,,,,,,,,,,,,,,,,,,,,,,,
4,4,6097,40,bl,2017-12-28,2017-12-28,Yes,1543,,Yes,1548,Yes,No,,,No,RN:ADNI 3 AV1451 6x300 sec,726,,3D Iterative (GE),2017-12-21,,1703,,10.1,2017-12-28,No,,,,,,,,,,,,,,,,,,,,,,,
4,4,6104,52,bl,2017-11-20,2017-11-20,Yes,1526,,Yes,1528,Yes,No,,,No,ADNI AV1451 BRAIN,529,,3D-OSEM (Siemens),2017-11-16,,1643,,10.3,2017-11-17,No,,,,,,,,,,,,,,,,,,,,,,,
4,4,6105,50,bl,2018-03-02,2018-03-02,Yes,1510,,Yes,1511,Yes,No,,,No,3PETCT_ADNI3_AV1451_Brain_LM,637,,3D-OSEM (Siemens),2017-12-05,,1626,,10.5,2017-12-05,No,,,,,,,,,,,,,,,,,,,,,,,
4,4,6110,52,bl,2017-12-04,2017-12-05,Yes,1506,,Yes,1509,Yes,No,,,No,ADNI_AV1451_Brain,529,,FORE/2D-OSEM (Siemens),2017-11-28,,1624,,10.5,2017-11-28,No,,,,,,,,,,,,,,,,,,,,,,,
4,4,6115,27,bl,2018-03-02,2018-03-02,Yes,1409,,Yes,1410,Yes,No,,,No,2016_00233_ADNI3_TAU_BRAIN,818,,FORE/2D-OSEM (Siemens),2018-02-27,,1525,,10.7,2018-02-28,No,,,,,,,,,,,,,,,,,,,,,,,
4,4,6116,55,bl,2017-12-04,2017-12-04,Yes,1406,,Yes,1407,Yes,No,,,No,RIH_STUDY_ATRI_ADNI3_1451,643,,3D-OSEM (Siemens),2017-11-28,,1522,,10.1,2017-12-04,No,,,,,,,,,,,,,,,,,,,,,,,
4,4,6117,33,bl,2018-01-10,2018-01-10,Yes,1411,,Yes,1412,Yes,No,,,No,AV1451_TAU_ADNI_2_LM,709,,FORE/2D-OSEM (Siemens),2017-12-19,,1527,,10.7,2017-12-20,No,,,,,,,,,,,,,,,,,,,,,,,
4,4,6120,5,bl,2018-02-09,2018-02-09,Yes,1340,,Yes,1340,Yes,No,,,No,,514,,3D Iterative (GE),2017-12-12,,1455,,10.2,2017-12-12,No,,,,,,,,,,,,,,,,,,,,,,,
4,4,6125,27,bl,2018-03-01,2018-03-01,Yes,1450,,Yes,1451,Yes,No,,,No,2016_00233_ADNI3_TAU_BRAIN(Adult),800,,FORE/2D-OSEM (Siemens),2018-02-22,,1606,,10.2,2018-02-23,No,,,,,,,,,,,,,,,,,,,,,,,
4,4,6134,26,bl,2018-01-24,2018-01-24,Yes,1426,,Yes,1427,Yes,No,,,No,PETCT_TAU_ADNI3_Brain_LM,553,,3D-OSEM (Siemens),2018-01-03,,1542,,10.9,2018-01-05,No,,,,,,,,,,,,,,,,,,,,,,,
4,4,6136,28,bl,2018-01-05,2018-01-05,Yes,1547,,Yes,1556,Yes,No,,,No,Brain_F18_6x5min_ADNI3,258,,FORE/2D-OSEM (Siemens),2017-12-14,,1711,,9.6,2017-12-15,No,,,,,,,,,,,,,,,,,,,,,,,
4,4,6142,58,bl,2018-01-23,2018-01-23,Yes,1321,Patient was very confused - restrained as much as possible with velcro straps - patient kept kicking her feet up and down.,Yes,1321,Yes,Yes,,,No,PTCT_Brain_3D_ADNI3_TauAV-1451,733,,3D Iterative (GE),2018-01-16,,1436,,10.1,2018-01-17,No,,,,,,,,,,,,,,,,,,,,,,,
4,4,6146,49,bl,2018-01-18,2018-01-18,Yes,1307,,Yes,1312,Yes,No,,,No,ADNI3 AV1451 6X300sec,714,,3D Iterative (GE),2018-01-17,N/A,1427,,9.3,2018-01-17,No,,,,,,,,,,,,,,,,,,,,,,,
4,4,6148,11,bl,2018-02-23,2018-02-23,Yes,1155,,Yes,1155,Yes,No,,,No,ADNI 3 Tau,727,,3D or LOR Ramla (Philips),2018-02-23,,1310,Yes,9.8,2018-02-23,No,,,,,,,,,,,,,,,,,,,,,,,
4,4,6164,41,bl,2018-02-21,2018-02-21,Yes,1434,,Yes,1436,Yes,No,,,No,ADNI-TAU,615,,3D Iterative (GE),2018-02-20,,1551,,10.6,2018-02-20,No,,,,,,,,,,,,,,,,,,,,,,,
4,4,6168,47,bl,2018-02-21,2018-02-21,Yes,1354,,Yes,1355,Yes,No,,,No,ADNI-1451,400,,FORE/2D-OSEM (Siemens),2018-02-14,,1510,,9.6,2018-02-21,No,,,,,,,,,,,,,,,,,,,,,,,
4,4,6178,55,bl,2018-03-01,2018-03-01,Yes,1447,,Yes,1448,Yes,No,,,No,RIH_STUDY_ATRI_ADNI3_1451,630,,3D-OSEM (Siemens),2018-02-23,,1603,,10.9,2018-02-28,No,,,,,,,,,,,,,,,,,,,,,,,
4,4,6183,20,bl,2018-02-26,2018-02-26,Yes,1500,,Yes,1501,Yes,No,,,No,ADNI3 TA 6X5 BRAIN,552,,3D or LOR Ramla (Philips),2018-02-22,,1616,Yes,9.3,2018-02-22,No,,,,,,,,,,,,,,,,,,,,,,,
4,4,6184,19,bl,2018-02-22,2018-02-22,Yes,1329,,Yes,1330,Yes,No,,,No,1_Project_322_AV1451_Delay (Adult),657,,FORE/2D-OSEM (Siemens),2018-02-20,,1445,,10,2018-02-21,No,,,,,,,,,,,,,,,,,,,,,,,
4,4,6186,14,bl,2018-03-06,2018-03-06,Yes,1438,,Yes,1440,Yes,No,,,No,ADNI3-(AV-1451)Tau GXS,1021,,3D Iterative (GE),2018-03-01,,1555,,10.7,2018-03-05,No,,,,,,,,,,,,,,,,,,,,,,,
4,4,6192,28,bl,2018-02-16,2018-02-16,,,,Yes,1434,,,,,,N/A,258,,,2018-02-13,,,,9.7,,Yes,PI cancelled scanning portion of study due to dose infiltration,,,,,,,,,,,,,,,,,,,,,,
4,4,6207,13,bl,2018-03-06,2018-03-06,Yes,1447,,Yes,1449,Yes,No,,,No,AV-1451 BRAIN 2 3D EMISSION,609,,FORE Iterative (GE),2018-02-28,,1604,,10.1,2018-03-02,No,,,,,,,,,,,,,,,,,,,,,,,
4,4,6209,4,bl,2018-02-26,2018-02-26,Yes,1500,,Yes,1501,Yes,No,,,No,PETCT_Brain_ADNI3_AV1451_LM,609,,3D-OSEM (Siemens),2018-02-20,,1616,,11,2018-02-22,No,,,,,,,,,,,,,,,,,,,,,,,
