1,4,96,17,"m132",2017-04-20,2017-04-20,"New adverse event","No",,,,,,,,,,,,,,,,,,,,"No",,,,,,,,,,,,"Single occurrence","Yes","The subject stated that he had a headache the morning after the lumbar puncture. He took some Tylenol (325mg) and felt the headache go away. He stated that he often gets headaches and doesn't think this was due to the LP.","2017-03-17",,,"LP Headache","Not related","Probably","2017-03-17","Mild",1,,"Recovered/Resolved",,"Not related",,"Not related","Not related","Not related","Not related","Not related",,"No",,,,,,,,,,,,,,,,,,
1,4,112,47,"m132",2018-01-25,2018-01-25,"New adverse event","No",,,,,,,,,,,,,,,,,,,,"No",,,,,,,,,,,,"Single occurrence","No","Participant had his AV1451 PET scan on 12/1/2017. In the follow-up call on 12/4/2017, his study partner reported that he had developed back pain on 12/3/2017 while raking leaves and doing other yardwork. No other symptoms were reported.","2017-12-03",,,"Back pain","Not related","Not related","2017-12-03","Mild",1,,"Recovered/Resolved",,"Not related",,"Not related","Not related","Not related","Not related","Not related",,"No",,,,,,,,,,,,,,,,,,
1,4,150,27,"m132",2017-12-01,2018-01-18,"New adverse event","No",,,,,,,,,,,,,,,,,,,,,,,,,,,,,,,,"Intermittent - weekly","Yes","Atrial Fibrillation",,,,"Atrial Fibrillation","Not related","Not related","2016-10-09","Mild",11,,"Not recovered/Not resolved",,"Not related",,"Not related","Not related","Not related","Not related","Not related",,"No",,,,,,,,,,,,,,,,,,
1,4,156,25,"m144",2017-10-26,2017-10-26,"New adverse event","No",,,,,,,,,,,,,,,,,,,,"No",,,,,,,,,,,,"Single occurrence","No","around 2am on 10/24 pt awakened at 2am with an ache on the left side of the right  eyeball describes pain level as 5/10  kept him awake the rest of the night did not take any medication saw ophthalmologist at 3pm on tues 10/24 by   that time pain was somewhat reduced Doctor examined and measured pressure found no problem at the time ache was at the top of right eye by 11pm on 10/24 ache was gone pt wonders whether  pain is related to fdg pet received on 10/19","2017-10-24",,,"right eyeball pain","Possibly","Not related","2017-10-24","Moderate",1,,"Recovered/Resolved",,"Not related",,"Not related","Not related","Not related","Not related","Not related",,"No",,,,,,,,,,,,,,,,,,
1,4,259,47,"m132",2017-12-20,2017-12-20,"New adverse event","No",,,,,,,,,,,,,,,,,,,,"No",,,,,,,,,,,,"Persistent","Yes","Basal cell carcinoma on left arm removed on 11/13/17","2017-11-13",,,"Basal cell carcinoma","Not related","Not related","2017-10-xx","Mild",1,,"Recovered/Resolved",,"Not related",,"Not related","Not related","Not related","Not related","Not related",,"No",,,,,,,,,,,,,,,,,,
1,4,626,16,"m132",2017-06-08,2017-06-08,"New adverse event","No",,,,,,,,,,,,,,,,,,,,"No",,,,,,,,,,,"2017-06-08","Single occurrence","Yes","at routine cardiology apt 3/1/17, cardiologist recommended pacemaker. for this subject with a-fib since 2009. They received appt for surgery in late April. Outpatient pacemaker surgery took place 6/5/17 @1400 and subject was discharged same day with Rx for antibiotic and pain medicine.","2017-06-05",,,"pacemaker placement","Not related","Not related","2017-06-05","Moderate",1,"Pacemaker insertion in subject with a-fib done as outpatient on 6/5/17. Pacemaker was recommended by cardiologist on 3/1/17. Appt was scheduled in late April. Surgery was done 6/5/17 and subject discharged same day on antibiotic (cephalexin) and pain medication (hydrocodone-acetaminophen).","Recovered/Resolved",,"Not related",,"Not related","Not related","Not related","Not related","Not related","2017-06-05","Yes",,,,,,,,,,,,"No","No","No","No","No","Yes","No"
1,4,684,47,"m132",2017-10-20,2017-10-20,"New adverse event","No",,,,,,,,,,,,,,,,,,,,"No",,,,,,,,,,,"2017-10-19","Persistent","Yes","In late September, participant woke in the middle of the night with sever vertigo.  She stayed in bed for approximately 24 hours (with care from nursing staff at her retirement facility), before going to the ER.  She was admitted to the hospital and stayed there for 4 days.  Testing during this time indicated the vertigo was not due to a stroke, but rather a problem with her middle ear. Participant did refuse some tests due to the nausea that resulted. Participant lost weight and muscle strength due to her lack of appetite and illness during this time.  She was discharged to a rehab facility where she stayed for 1 week (due to weakness).  She is now at home and continuing to recover.",,,,"Vertigo","Not related","Not related","2017-09-21","Severe",2,"SJH 2017-10-20: In late September, participant woke in the middle of the night with sever vertigo.  She stayed in bed for approximately 24 hours (with care from nursing staff at her retirement facility), before going to the ER.  She was admitted to the hospital on 9/22/2017 and stayed there for 4 days.  Testing during this time indicated the vertigo was not due to a stroke, but rather a problem with her middle ear. Participant did refuse some tests due to the nausea that resulted. Participant lost weight and muscle strength due to her lack of appetite and illness during this time.  She was discharged to a rehab facility where she stayed for 1 week (due to weakness).  She is now at home and continuing to recover.","Recovering/Resolving",,"Not related",,"Not related","Not related","Not related","Not related","Not related","2017-09-22","Yes",,,,,,,,,,,,"No","No","No","Yes","No","No","No"
1,4,684,47,"m132",2017-10-20,2017-10-20,"New adverse event","No",,,,,,,,,,,,,,,,,,,,"No",,,,,,,,,,,,"Intermittent - daily","No","Participant reports diarrhea/bloating.  She believes it to be due to lactose (milk) in food that she is unaware of (she is in a retirement community and does not prepare her own food).  She is now on a milk free diet at her community.  Symptoms have resolved.","2017-10-xx",,,"Diarrhea","Not related","Not related","2017-09-xx","Mild",1,,"Recovered/Resolved",,"Not related",,"Not related","Not related","Not related","Not related","Not related",,"No",,,,,,,,,,,,,,,,,,
1,4,1016,24,"m132",2018-02-09,2018-02-09,"New adverse event","No",,,,,,,,,,,,,,,,,,,,"No",,,,,,,,,,,,"Single occurrence","No","Subject reported some pain at puncture site post-lumbar puncture. She thought it might have been related to new positioning with new chair PI is using for lumbar punctures. It lasted 2 weeks and resolved with no intervention. LP on 13-DEC-2017. Pain resolved by 27-DEC-2017.","2017-12-27",,,"Post-Lumbar Puncture Pain","Not related","Definitely","2017-12-13","Mild",1,,"Recovered/Resolved",,"Not related",,"Not related","Not related","Not related","Not related","Not related",,"No",,,,,,,,,,,,,,,,,,
1,4,1052,55,"m120",2017-05-11,2017-07-20,"New adverse event","No",,,,,,,,,,,,,,,,,,,,"No",,,,,,,,,,,"2017-05-11","Single occurrence","Yes","Came into RIH ER abd pain and fever.","2017-05-25",,,"septic shock","Not related","Not related","2017-05-11","Severe",1,"This subject was admitted to the hospital with a abd pain, nausea and  , fever x 10 hours.  . She report s diagnosis of left renal calculi 2 weeks ago via outpatient ultrasound.  Subject upon arrival to ER  febrile 38.7 C tachycardic HR 100's, Hypotensive w/ systolic b/p 70s.  Admitted w/ dx septic shock  secondary to obstructing left ureteral calculus.  .  Subject underwent a  csytoscopy  and  left ureteral stent placement today  and transferred to ICU following surgery for ongoing  management of sepsis.","Recovered/Resolved",,"Not related",,"Not related","Unlikely","Not related","Not related","Not related","2017-05-11","Yes",,,,,,,,,,,,"No","No","No","Yes","Yes","No","Yes"
1,4,1098,24,"m132",2018-02-09,2018-02-09,"New adverse event","No",,,,,,,,,,,,,,,,,,,,"No",,,,,,,,,,,,"Single occurrence","No","Subject's study partnerr reported soreness at site of lumbar puncture that started the day of procedure and resolved on 27-DEC-2017, one week later with no intervention. Date of procedure was 20-DEC-2017.","2017-12-27",,,"Post-Lumbar Puncture Back Pain","Not related","Definitely","2017-12-20","Mild",2,,"Recovered/Resolved",,"Not related",,"Not related","Not related","Not related","Not related","Not related",,"No",,,,,,,,,,,,,,,,,,
1,4,1098,24,"m132",2018-02-09,2018-02-09,"New adverse event","No",,,,,,,,,,,,,,,,,,,,"No",,,,,,,,,,,,"Single occurrence","No","At lumbar puncture follow-up call on 21-DEC-2017 (LP conducted on 20-DEC-2017) the subject's study partner reported that subject had a mild headache. At a subsequent call, study partner reported that HA had resolved on 21-DEC-2017 with no intervention.","2017-12-21",,,"Headache","Not related","Probably","2017-12-21","Mild",1,,"Recovered/Resolved",,"Not related",,"Not related","Not related","Not related","Not related","Not related",,"No",,,,,,,,,,,,,,,,,,
1,4,1155,1,"m120",2017-05-05,2017-05-05,"New adverse event","No",,,,,,,,,,,,,,,,,,,,"No",,,,,,,,,,,,"Single occurrence","No","Participant reports having mild abdominal cramps the day following his Tau PET scan. Resolved without treatment in 24 hours.","2014-04-26",,,"Abdominal Cramps","Possibly","Not related","2017-04-25","Mild",1,,"Recovered/Resolved",,"Not related",,"Not related","Not related","Not related","Not related","Possibly",,"No",,,,,,,,,,,,,,,,,,
1,4,1300,45,"m120",2017-08-08,2017-08-08,"New adverse event","No",,,,,,,,,,,,,,,,,,,,"No",,,,,,,,,,,"2017-08-08","Single occurrence","Yes","Participant presented to ER after a fall on 07/19/2017. Participant stated she was on the phone with her son when she felt dizzy and fell down. Her son confirmed that he heard her fall. There was no loss of bowel or bladder and no loss of consciousness. There was no chest pain or shortness of breath. She hit her head when she fell and hit it a few additional times trying to get up. She was unable to get off the floor herself. She states she does not normally fall. The participant lives at home alone in a 2 story house and goes up and down the stairs without difficulty. She has a walker but rarely uses it. After being admitted to the hospital, the participant's work up came back negative. She did have an episode of dizziness in the ER when she sat up. Her EKG showed inferolateral ST depressions but that is not a new diagnosis. The participant's CT C-spine w/o IV contrast showed no acute spine fracture and the CT of the head was negative. In the ER, she was given gentle IVF hydration. The participant was appropriate with the attending physician and was alert and oriented x3. The participant was discharged on 07/20/2017 to a nearby nursing unit. She was told she cannot return home and needs skilled nursing. She was also counseled about using her walker daily. Her son agreed with this and was referred to multiple agencies for help with this process.","2017-07-20",,,"Syncope secondary to dehydration","Not related","Not related","2017-07-19","Severe",1,"Participant has a history of falls and dizziness leading back to 2011. Although she has a walker, she rarely uses it. Because of this fall, the participant was discharged to a skilled nursing unit. She was told she cannot return home and needs skilled nursing and 24-hour care from now on. Her son agreed with this and was referred to multiple agencies for help with this process.","Recovered/Resolved",,"Possibly",,"Not related","Not related","Not related","Not related","Not related","2017-07-19","Yes",,,,,,,,,,,,"No","No","No","Yes","No","No","No"
2,4,2061,25,"m84",2017-09-14,2017-09-14,"Worsening condition or symptom present at screening/initial visit","No",,,,,,,,,,,,,,,,,,,,"Yes",,,,,,,,,,,,"Single occurrence","Yes","Subject had an amyloid PET on 9/13/17. After the test she developed nausea, stomach growling, churning, and discomfort. She took Tums and her symptoms improved after midnight.","2017-09-14",,,"Gastrointestinal (GI) upset","Not related","Not related","2017-09-13","Moderate",1,,"Recovered/Resolved",9,"Not related","2, 3, 4, 5","Not related","Not related","Probably","Not related","Not related",,"No",,,,,,,,,,,,,,,,,,
2,4,2061,25,"m84",2017-09-20,2017-09-21,"Worsening condition or symptom present at screening/initial visit","No",,,,,,,,,,,,,,,,,,,,"Yes",,,,,,,,,,,,"Single occurrence","No","Subject had an amyloid PET scan on 9/13/17. After the injection of the tracer, she developed pain at knees, legs, nausea and GI upset that caused her increased anxiety.
Addendum: I talked with the subject over the phone on 9/18/17. She felt her anxiety is decreased to the level that is was before PET scan.","2017-09-18",,,"Worsening of anxiety","Not related","Not related","2017-09-13","Moderate",5,,"Recovered/Resolved",2,"Not related","1, 2, 3, 4","Not related","Not related","Possibly","Not related","Not related",,"No",,,,,,,,,,,,,,,,,,
2,4,2061,25,"m84",2017-09-20,2017-09-21,"Worsening condition or symptom present at screening/initial visit","No",,,,,,,,,,,,,,,,,,,,"Yes",,,,,,,,,,,,"Single occurrence","No","Subject has history of peripheral neuropathy with intermittent episodes of pain, tingling, and discomfort at lower extremities lasting 2 hrs. to 2 days.On 9/13/17, about 50 min. after injection of tracer for beta amyloid scan she developed pain, tingling, and discomfort at lower extremities. Her symptoms are decreased now, but still present.
Addendum: I talked with the subject over the phone on 9/18/17 she stated that pain, tingling and discomfort in her lower extremity is back to the level that she had prior to PET scan on 9/13/17.","2017-09-18",,,"Worsening of peripheral neuropathy symptoms","Not related","Not related","2017-09-13","Moderate",4,,"Recovered/Resolved",5,"Not related","1, 2, 3, 5","Not related","Not related","Possibly","Not related","Not related",,"No",,,,,,,,,,,,,,,,,,
2,4,2061,25,"m84",2017-09-20,2017-09-21,"Worsening condition or symptom present at screening/initial visit","No",,,,,,,,,,,,,,,,,,,,"Yes",,,,,,,,,,,,"Single occurrence","No","Subject had an amyloid PET scan. 50 min. following the injection of the tracer she noted increased pain at both knees. She had hx of knee pain due to osteoarthritis, but she felt after the injection of the tracer the pain increased. Today she still has pain at both knees. She rates it 3/10, which  is more than her baseline, which is no pain or mild pain.  Addendum: I talked with subject on the phone on 9/18/17. She felt that her knee pain is back to what it was before PET scan.","2017-09-18",,,"Worsening of knee pain","Not related","Not related","2017-09-13","Moderate",2,,"Recovered/Resolved",4,"Not related","1, 3, 4, 5","Not related","Not related","Probably","Not related","Not related",,"No",,,,,,,,,,,,,,,,,,
2,4,2061,25,"m84",2017-09-20,2017-09-20,"New adverse event","No",,,,,,,,,,,,,,,,,,,,"Yes",,,,,,,,,,,,"Single occurrence","No","Subject had an amyloid scan on 9/13/17. When she got home, she felt very tired. She could not make dinner and went to bed. After 2 hrs. she felt better.","2017-09-14",,,"Fatigue","Not related","Not related","2017-09-13","Moderate",3,,"Recovered/Resolved",,"Not related","1, 2, 4, 5","Not related","Not related","Possibly","Not related","Not related",,"No",,,,,,,,,,,,,,,,,,
2,4,2119,23,"m84",2017-07-05,2017-07-05,"New adverse event","No",,,,,,,,,,,,,,,,,,,,"No",,,,,,,,,,,,"Persistent","No","Participant reported mild back pain for 2 days following lumbar puncture. Treated with aspirin.","2017-06-16",,,"back pain","Not related","Definitely","2017-06-14","Mild",1,,"Recovered/Resolved",,"Not related",,"Not related","Not related","Not related","Not related","Not related",,"No",,,,,,,,,,,,,,,,,,
2,4,2200,42,"init",2018-02-15,2018-02-15,"New adverse event","No",,,,,,,,,,,,,,,,,,,,"No",,,,,,,,,,,"2018-02-12","Single occurrence","No","Subject Death. Subject relative called the office on Feb 12, 2018 at approximately 5:06PM and reported one of our research participant passed last week Thursday Feb 08, 2018 at Holy Cross Hospital Maryland. According to the initial report by subject relative subject called 911 after feeling not well and may have suffered stroke. No additional information was provided at this time.",,"Stroke","2018-02-08","Subject death","Not related","Not related","2018-02-12","Severe",1,"Subject Death. Subject relative called the office on Feb 12, 2018 at approximately 5:06PM and reported one of our research participant passed last week Thursday Feb 08, 2018 at Holy Cross Hospital Maryland. According to the initial report by subject relative subject called 911 after feeling not well and may have suffered stroke. No additional information was provided at this time.","Fatal",,"Not related",,"Not related","Not related","Not related","Not related","Not related","2018-02-12","Yes",,,,,,,,,,,,"No","Yes","Yes","Yes","Yes","No","Yes"
2,4,2239,19,"m72",2017-04-03,2017-04-03,"New adverse event","No",,,,,,,,,,,,,,,,,,,,"No",,,,,,,,,,,,"Persistent","Yes","Subject's initial rollover EKG heart rate was 44.  Subject was asymptomatic.  Obtained permission from subject then report sent to PCP for clinical followup. At followup phone call    for Tau scan, subject reported that PCP recommended to decrease beta block by 1/2 dose and follow up.",,,,"Bradycardia","Not related","Not related","2017-03-29","Mild",1,,"Not recovered/Not resolved",,"Not related",,"Not related","Possibly","Not related","Not related","Not related",,"No",,,,,,,,,,,,,,,,,,
2,4,2245,20,"m72",2017-02-21,2017-02-21,"New adverse event","No",,,,,,,,,,,,,,,,,,,,"No",,,,,,,,,,,,"Persistent","Yes","Pt. reported a post lumbar puncture headache on 02/15/2017. Pt. was treated with acetaminophen 975mg once after procedure. Headache resolved 02/16/2017","2017-02-16",,,"post-tap lumbar puncture headache","Not related","Definitely","2017-02-15","Moderate",1,,"Recovered/Resolved",,"Not related",,"Not related","Not related","Not related","Not related","Not related",,"No",,,,,,,,,,,,,,,,,,
2,4,2263,17,"m72",2017-08-01,2017-08-07,"New adverse event","No",,,,,,,,,,,,,,,,,,,,"No",,,,,,,,,,,,"Persistent","No","Found on MRI on 04/04/2017. Dr. Wolk recommended to follow-up with a neurologist due  to a change from previos MRI done on 2/7/2014 under ADNI2. 8/7/2017- After review of Drs' note, subject doesn't require additional tc nor surgery at this time. JN",,,,"Worsening Opicified maxilary","Not related","Not related","2017-04-04","Mild",1,,"Not recovered/Not resolved",,"Not related",,"Not related","Not related","Not related","Not related","Not related",,"No",,,,,,,,,,,,,,,,,,
2,4,2332,49,"m72",2017-05-24,2017-05-24,"New adverse event","No",,,,,,,,,,,,,,,,,,,,"No",,,,,,,,,,,,"Persistent","No","Participant was called to complete 24-hour post-lumbar puncture follow-up call. She reported mild, positional, lower-back pain in the area where the lumbar puncture took place.","2017-05-18",,,"Lower Back Pain","Not related","Probably","2017-05-16","Mild",1,,"Recovered/Resolved",,"Not related",,"Not related","Not related","Not related","Not related","Not related",,"No",,,,,,,,,,,,,,,,,,
2,4,2392,43,"m72",2018-01-10,2018-01-10,"Worsening condition or symptom present at screening/initial visit","No",,,,,,,,,,,,,,,,,,,,"No",,,,,,,,,,,"2017-08-04","Single occurrence","Yes","Total thyroidectomy for substernal goiter through a cervical approach, intraoperative ultrasonography using general anesthesia.","2017-07-27",,,"Total thyroidectomy","Not related","Not related","2017-07-27","Moderate",1,"Participant had history of multinodular goiter.  She developed decreasing TSH & hyperthyroid symptoms. She a CT that showed bilateral thyroid enlargement with substernal left lobe extending to the level of the aortic arch. Endocrinologist performed a total thyroidectomy for substernal goiter.","Recovered/Resolved",17,"Not related",,"Not related","Not related","Not related","Not related","Not related","2017-07-27","Yes",,,,,,,,,,,,"No","No","No","Yes","No","No","No"
3,4,4003,39,"m84",2017-12-08,2017-12-08,"New adverse event","No",,,,,,,,,,,,,,,,,,,,"No",,,,,,,,,,,,"Single occurrence","No","Patient discovered a mole on the top of their head, had the mole biopsied, and discovered it was a benign keratosis.","2017-12-07",,,"Benign Keratosis","Not related","Not related","2017-05-xx","Mild",1,,"Recovered/Resolved",,"Not related",,"Not related","Not related","Not related","Not related","Not related",,"No",,,,,,,,,,,,,,,,,,
3,4,4060,28,"m72",2017-09-13,2017-09-18,"New adverse event","No",,,,,,,,,,,,,,,,,,,,"No",,,,,,,,,,,"2017-09-13","Persistent","Yes","Patient completed Tau PET scan (had ECG done the day before with normal reading), and was having post vitals taken when the nurse noticed a rapid heart rate, so another ECG was performed which showed the patient was in A-fib with RVR. He was sent to the ER at approximately 6pm on 9/12/17 and kept there until now. He will possibly be discharged tomorrow 9/14/17.",,,,"A-fib with RVR","Not related","Not related","2017-09-12","Mild",1,"S-R 9/13/17 - Patient admitted to YNHH on 9/12/17 following being taken to the ER. He was given 5mg of Cardizem injection followed by 10mg injection of Cardizem and then a 30mg immediate release tablet of Cardizem. He opted for the one time Aspirin 324mg and was given 81mg Aspirin to continue taking afterwards. He remains at YNHH as of 9/13/17 and will possibly be discharged on 9/14/17.

S-R 9/18/7: PI's summary after conversation with participant on 9/16/17: ""90 yo WWM with Hx of HTN and BPH, but no history of a-fib or other cardiac disease, found to be in rapid a-fib (asymptomatic) post scan. This spontaneously remitted during 2-day hospitalization [admitted 9/12/17, discharged 9/14/17]. No QT prolongation or other EKG changes. Cardiac Echo was unremarkable, and TSH was normal. He was started on metoprolol 25 mg PO QD and ASA 81 mg PO QD and discharged with a Dx of Paroxysmal Atrial Fibrillation. He has felt fine throughout.""","Not recovered/Not resolved",,"Not related",,"Not related","Not related","Not related","Not related","Possibly","2017-09-12","Yes",,,,,,,,,,,,"No","No","No","Yes","No","No","No"
3,4,4148,47,"m72",2018-01-18,2018-01-19,"New adverse event","No",,,,,,,,,,,,,,,,,,,,"No",,,,,,,,,,,"2018-01-16","Single occurrence","Yes","Participant reported to our site that he had a stroke (date unknown - likely around 1/14/18 or 1/15/18). He had several MRIs and an electrocardiogram, but thus far there is no obvious cause for the stroke. He is currently wearing a heart monitor to check for possible fibrillation. Participant indicated the stroke was int he back of the brain.",,,,"Stroke","Not related","Not related","2018-01-xx","Severe",1,"SJH 2018-01-17 Participant reported a stroke to our site on 2018-01-16. He had sent a note on 2018-01-13 confirming completion of Cogstate test, so stroke likely happened around 2018-01-14. Participant has no relevant medical history - he does not have a diagnosis of hypertension or hypercholesterolemia and does not take medications for either. He is currently wearing a heart monitor to check for possible fibrillation.  There is no obvious cause for the stroke at this time.  He currently has minor slurred speech, double vision and balance problems that have persisted.","Recovering/Resolving",,"Not related",,"Not related","Not related","Not related","Not related","Not related","2018-01-xx","Yes",,,,,,,,,,,,"No","No","No","Yes","Yes","No","No"
3,4,4177,24,"m72",2018-02-09,2018-02-09,"New adverse event","No",,,,,,,,,,,,,,,,,,,,"No",,,,,,,,,,,,"Single occurrence","No","At post lumbar puncture follow up call subject reported that he woke up with a mild headache the day after procedure but that it had already resolved completely with no intervention. LP was conducted on 17-JAN-2018 but no CSF was able to be obtained. HA started and stopped on 18-JAN-2018.","2018-01-18",,,"Headache","Not related","Possibly","2018-01-18","Mild",1,,"Recovered/Resolved",,"Not related",,"Not related","Not related","Not related","Not related","Not related",,"No",,,,,,,,,,,,,,,,,,
3,4,4213,1,"m72",2017-08-22,2017-08-22,"New adverse event","No",,,,,,,,,,,,,,,,,,,,"No",,,,,,,,,,,,"Single occurrence","No","During patient's LP she developed a small hematoma, about 1.5"" across, at the LP puncture site.","2017-08-12",,,"Hematoma at LP puncture site","Not related","Definitely","2017-08-11","Mild",2,,"Recovered/Resolved",,"Not related",,"Unlikely","Not related","Not related","Not related","Not related",,"No",,,,,,,,,,,,,,,,,,
3,4,4213,1,"m72",2017-08-22,2017-08-22,"New adverse event","No",,,,,,,,,,,,,,,,,,,,"No",,,,,,,,,,,,"Intermittent - daily","Yes","During LP 24 hour follow up call 8/12/2017 participant reported having a lot of back pain after LP procedure 8/11/2017. She stated it was a lot better 8/12/2017.","2017-08-15",,,"Post LP back pain","Not related","Probably","2017-08-11","Moderate",3,,"Recovered/Resolved",,"Not related",,"Unlikely","Not related","Not related","Not related","Not related",,"No",,,,,,,,,,,,,,,,,,
3,4,4213,1,"m72",2017-08-22,2017-08-22,"New adverse event","No",,,,,,,,,,,,,,,,,,,,"No",,,,,,,,,,,,"Intermittent - daily","Yes","During 24 hour LP follow up call participant reported having a mild headache 8/11/2017. She stated it was gone 8/12/2017 when we spoke that morning. Morning of 8/14/2017 she reported still suffering from mild headache.","2017-08-16",,,"Post LP Headache","Not related","Probably","2017-08-11","Mild",4,,"Recovered/Resolved",,"Not related",,"Unlikely","Not related","Not related","Not related","Not related",,"No",,,,,,,,,,,,,,,,,,
3,4,4213,1,"m72",2017-08-24,2017-08-24,"New adverse event","No",,,,,,,,,,,,,,,,,,,,"No",,,,,,,,,,,,"Single occurrence","No","In pre-LP lab work we found the patient to have critically low glucose levels. Patient reports no symptoms of hypoglycemia.","2017-08-14",,,"Hypoglycemia","Not related","Unlikely","2017-08-11","Mild",1,,"Recovered/Resolved",,"Not related",,"Unlikely","Not related","Not related","Not related","Not related",,"No",,,,,,,,,,,,,,,,,,
3,4,4229,1,"m72",2017-09-28,2017-09-28,"New adverse event","No",,,,,,,,,,,,,,,,,,,,"No",,,,,,,,,,,,"Intermittent - daily","No","During post lumbar puncture follow up call participant disclosed he went against advice and did strenuous activity within 24 hours of procedure causing back pain",,,,"Back Strain","Not related","Probably","2017-09-19","Mild",1,,"Recovering/Resolving",,"Not related",,"Unlikely","Not related","Not related","Not related","Not related",,"No",,,,,,,,,,,,,,,,,,
3,4,4234,38,"m72",2018-02-09,2018-02-09,"New adverse event","No",,,,,,,,,,,,,,,,,,,,"No",,,,,,,,,,,"2018-02-09","Persistent","Yes","Patient was admitted to hospital on 1/27/2018 after spouse noticed fever, off balance, and trouble speaking. Patient appeared septic on admission and it was determined the left lower extremity cellulitis was responsible for acute metabolic encephalopathy.",,,,"lower left extremity cellulitis","Not related","Not related","2018-01-27","Severe",1,"Patient was admitted to hospital on 1/27/2018 after presenting with fever, trouble speaking, and loss of balance. Diagnosed with lower left extremity cellulitis which was determined to be the source of entry for his infection. Patient discharged from hospital on 2/6/2018 and will continue lamisil for at least one week and have PCP re-evaluate skin. Lamisil (Terbinafine) 1% cream applied twice a day.","Recovering/Resolving",,"Not related",,"Not related","Not related","Not related","Not related","Not related","2018-01-27","Yes",,,,,,,,,,,,"No","No","No","Yes","No","Yes","Yes"
3,4,4277,23,"m72",2017-08-04,2017-08-04,"New adverse event","No",,,,,,,,,,,,,,,,,,,,"Yes",,,,,,,,,,,,"Intermittent - daily","No","Participant experienced what she described as a mild, ""fleeting"" headache for a few hours after lumbar puncture and Tau PET scan.","2017-08-02",,,"headache","Not related","Possibly","2017-08-02","Mild",2,,"Recovered/Resolved",,"Not related","1","Not related","Not related","Not related","Not related","Possibly",,"No",,,,,,,,,,,,,,,,,,
3,4,4277,23,"m72",2017-08-04,2017-08-04,"New adverse event","No",,,,,,,,,,,,,,,,,,,,"Yes",,,,,,,,,,,,"Persistent","No","Participant experienced moderate back pain following lumbar puncture at initial visit. No medication was taken to relieve pain.","2017-08-04",,,"back pain","Not related","Definitely","2017-08-02","Moderate",1,,"Recovered/Resolved",,"Not related","2","Not related","Not related","Not related","Not related","Not related",,"No",,,,,,,,,,,,,,,,,,
3,4,4294,50,"m72",2017-10-25,2017-10-25,"New adverse event","No",,,,,,,,,,,,,,,,,,,,"No",,,,,,,,,,,"2017-10-24","Single occurrence","No","patient son reported that patient taken to ED on 10/19/2017.  She was admitted to the hospital with chest pain.  No significant findings were noted.  Patient discharged on 10/22/2017","2017-10-22",,,"chest pain","Not related","Not related","2017-10-19","Severe",1,"Hospital records have been requested.","Recovered/Resolved",,"Not related",,"Not related","Not related","Not related","Not related","Not related","2017-10-19","Yes",,,,,,,,,,,,"No","No","No","Yes","No","No","No"
3,4,4308,27,"y1",2018-01-16,2018-01-16,"New adverse event","No",,,,,,,,,,,,,,,,,,,,"No",,,,,,,,,,,"2018-01-16","Single occurrence","Yes","son left voicemail patient had stroke 1/11/18 and currently hospitalized in outside hospital out of state. PI and sponsor notified same day. spoke to son today and says patient anticipates transfer to rehab facility near 1/18 if continues to improve. i will obtain records as become available.",,,,"stroke","Not related","Not related","2018-01-11","Severe",1,"1/16/18=son left voicemail patient had stroke 1/11/18. no other medical history relevant. will update as records availalbe.","Not recovered/Not resolved",,"Not related",,"Not related","Not related","Not related","Not related","Not related","2018-01-11","Yes",,,,,,,,,,,,"No","No","No","Yes","Yes","No","No"
3,4,4381,27,"m72",2018-01-19,2018-01-19,"New adverse event","No",,,,,,,,,,,,,,,,,,,,,,,,,,,,,,,,"Persistent","Yes","Patient had symptoms so had stress test showing AE.  Had 1 stent placed with lots of medication changes which are all documented. Confirmed never experienced an MI.",,,,"Cardiovascular disease","Not related","Not related","2016-12-xx","Mild",13,,"Not recovered/Not resolved",,"Not related",,"Not related","Not related","Not related","Not related","Not related",,"No",,,,,,,,,,,,,,,,,,
3,4,4404,43,"m72",2017-09-27,2017-09-27,"New adverse event","No",,,,,,,,,,,,,,,,,,,,"No",,,,,,,,,,,"2017-09-27","Persistent","Yes","Participant's daughter/Study Partner state she was having chest pain yesterday, ambulance was called & she was admitted to the hospital.  An ""abnormality"" was seen on one of the tests & Participant is having a cardiac catheter tomorrow.  Daughter will keep me updated.",,,,"Chest pain-hospital admit","Not related","Not related","2017-09-26","Moderate",1,"Participant's daughter/Study Partner state she was having chest pain yesterday, ambulance was called & she was admitted to the hospital.  An ""abnormality"" was seen on one of the tests & Participant is having a cardiac catheter tomorrow.  Daughter will keep me updated.","Not recovered/Not resolved",,"Not related",,"Not related","Not related","Not related","Not related","Not related","2017-09-26","Yes",,,,,,,,,,,,"No","No","No","Yes","No","No","No"
3,4,4422,49,"m60",2017-03-31,2017-03-31,"Worsening condition or symptom present at screening/initial visit","No",,,,,,,,,,,,,,,,,,,,"Yes",,,,,,,,,,,,"Single occurrence","Yes","Participant left a voicemail on CRC's phone at 18:29 on 25MAR2017 in which she detailed her worse-than-usual cervical radiculopathy. CRC called participant back at 08:34 on 27MAR2017 to get additional information recorded on this log.","2017-03-28",,,"Worsened cervical radiculopathy","Not related","Possibly","2017-03-25","Mild",2,,"Recovered/Resolved",7,"Not related","1","Not related","Not related","Not related","Not related","Not related",,"No",,,,,,,,,,,,,,,,,,
3,4,4422,49,"m60",2017-03-31,2017-03-31,"New adverse event","No",,,,,,,,,,,,,,,,,,,,"Yes",,,,,,,,,,,,"Single occurrence","Yes","Participant returned 24-hour post lumbar puncture follow-up call and left a voicemail on CRC's phone. In participant's original voicemail, 3/25/17 at 12:47, she denied having a headache but did report neck pain. Participant called again on 3/25/17 at 18:29 and reported a headache had developed. CRC called participant back on 3/27/17 at 08:34 and gathered additional details on headache start (3/25/17, 17:00) and stop (3/27/17, 07:30) times. Dr. Garrett Riggs (Sub-I) spoke with participant as well (see his email dated 3/27/17 at 10:44)","2017-03-27",,,"Headache","Unlikely","Possibly","2017-03-25","Mild",1,,"Recovered/Resolved",,"Not related","2","Unlikely","Not related","Unlikely","Not related","Not related",,"No",,,,,,,,,,,,,,,,,,
3,4,4422,49,"m60",2017-09-01,2017-10-04,"New adverse event","Yes",,"No",,,,,,,,"Persistent",,,,,,,,,,"No","2017-09-11",,,,,,,,,,"2017-08-31","Persistent","Yes","Participant (pt) and husband (SP) presented today for an unscheduled visit. As CRC met with pt and SP to review changes to medications and medical/surgical history, he learned that the pt had been diagnosed with a malignant growth in her right breast. Very few details were immediately available but more were provided by SP during a phone call after pt and SP referenced materials they had at their home. A biopsy was done on 7/5/2017 that determined the growth to be malignant. On 7/17/17, the growth was surgically removed. Radiation therapy was conducted on 7/26, 7/27, 7/28, 7/31, and 8/1. New medications were started. Please see concurrent medications log. Medical records were requested on 8/31/17. They are still pending. JH 10/4/2017-Records received 9/5/2017. See SAE narrative",,,,"Right Breast Invasive Ductal Carcinoma","Not related","Not related","2017-07-05","Mild",3,"JH 8/31/2017-See page 1 for full description as of 8/31/2017. Also see medications log.
JH 9/8/2017-After noticing a mass, pt. went in for a mammogram which revealed a 1.8cm mass in her right breast. Needle biopsy on 7/5/2017 discovered mass to be grade 2 invasive ductal carcinoma. The mass was removed via lumpectomy on 7/17/2017. A Sentinel lymph node biopsy was also conducted but the results on 3 lymph nodes were negative. Pt. underwent partial breast radiation from 7/26/2017 to 8/1/2017, receiving 3,400 cGy. On 8/16/2017, pt was prescribed Tamoxifen 20mg to be taken once a day. On 8/29/2017, an ultrasound scan showed that the lumpectomy site was collecting fluid, but no obvious recurrent mass was seen. Pt was also prescribed tramadol 50mg three times a day, for soreness following her surgery. She is to follow-up with her oncologist in 3 months and have another mammogram of her right breast in 4 months.
JH 10/4/2017- Pt. was also prescribed Tylenol #3, which she took for a total for 4 days, beginning the day after her lumpectomy, to be taken as needed.","Recovering/Resolving",,"Not related",,"Not related","Not related","Not related","Not related","Not related","2017-07-05","Yes","Mild",,,,,,,,,,,"No","No","No","No","Yes","No","No"
3,4,4422,49,"m60",2017-09-05,2017-09-05,"New adverse event","No",,,,,,,,,,,,,,,,,,,,"No",,,,,,,,,,,,"Single occurrence","Yes","Participant has a stye in her left eye which is causing redness and irritation.",,,,"Left Eye Stye","Not related","Not related","2017-08-21","Mild",4,,"Recovering/Resolving",,"Not related",,"Not related","Not related","Not related","Not related","Not related",,"No",,,,,,,,,,,,,,,,,,
3,4,4422,49,"m60",2017-10-02,2017-10-02,"New adverse event","No",,,,,,,,,,,,,,,,,,,,"Yes",,,,,,,,,,,,"Persistent","Yes","Per medical record, MRI conducted on 2017-05-01 revealed spinal stenosis",,,,"Spinal Stenosis","Not related","Not related","2017-05-01","Mild",8,,"Not recovered/Not resolved",,"Not related","5,6,7,9,10,11","Not related","Not related","Not related","Not related","Not related",,"No",,,,,,,,,,,,,,,,,,
3,4,4422,49,"m60",2017-10-02,2017-10-02,"New adverse event","No",,,,,,,,,,,,,,,,,,,,"Yes",,,,,,,,,,,,"Persistent","No","Per medical record, pt diagnosed with cervical and lumbar spondylosis on 2017-04-24.",,,,"Spinal Spondylosis","Not related","Not related","2014-04-24","Mild",6,,"Not recovered/Not resolved",,"Not related","5,7,8,9,10,11","Not related","Not related","Not related","Not related","Not related",,"No",,,,,,,,,,,,,,,,,,
3,4,4422,49,"m60",2017-10-02,2017-10-02,"New adverse event","No",,,,,,,,,,,,,,,,,,,,"Yes",,,,,,,,,,,,"Persistent","No","Per medical record, pt diagnosed with complex regional pain syndrome on 2017-08-24",,,,"Complex regional pain syndrome, type II, upper limb","Not related","Not related","2017-08-24","Mild",11,,"Not recovered/Not resolved",,"Not related","5,6,7,8,9,10","Not related","Not related","Not related","Not related","Not related",,"No",,,,,,,,,,,,,,,,,,
3,4,4422,49,"m60",2017-10-02,2017-10-02,"New adverse event","No",,,,,,,,,,,,,,,,,,,,"Yes",,,,,,,,,,,,"Persistent","No","Per medical record, pt. diagnosed with degenerative disc disease on 2017-04-24.",,,,"Degenerative Disc Disease","Not related","Not related","2014-04-24","Mild",5,,"Not recovered/Not resolved",,"Not related","6,7,8,9,10,11","Not related","Not related","Not related","Not related","Not related",,"No",,,,,,,,,,,,,,,,,,
3,4,4422,49,"m60",2017-10-02,2017-10-02,"New adverse event","No",,,,,,,,,,,,,,,,,,,,"Yes",,,,,,,,,,,,"Persistent","No","Per medical record, MRI conducted on 2017-05-01 revealed facet arthropathy",,,,"Facet Arthropathy","Not related","Not related","2017-05-01","Mild",9,,"Not recovered/Not resolved",,"Not related","5,6,7,8,10,11","Not related","Not related","Not related","Not related","Not related",,"No",,,,,,,,,,,,,,,,,,
3,4,4422,49,"m60",2017-10-02,2017-10-02,"New adverse event","No",,,,,,,,,,,,,,,,,,,,"Yes",,,,,,,,,,,,"Persistent","No","Per medical record, pt diagnosed with sciatica on 2017-06-27",,,,"Sciatica","Not related","Not related","2017-06-27","Mild",10,,"Recovering/Resolving",,"Not related","5,6,7,8,9,11","Not related","Not related","Not related","Not related","Not related",,"No",,,,,,,,,,,,,,,,,,
3,4,4422,49,"m60",2017-10-02,2017-10-02,"New adverse event","No",,,,,,,,,,,,,,,,,,,,"Yes",,,,,,,,,,,,"Persistent","Yes","Per medical record, MRI of pt's cervical spine revealed a herniated disc at C3-C4.",,,,"Herniated Disc C3-C4","Not related","Not related","2017-05-01","Mild",7,,"Not recovered/Not resolved",,"Not related","5,6,8,9,10,11","Not related","Not related","Not related","Not related","Not related",,"No",,,,,,,,,,,,,,,,,,
3,4,4482,54,"m72",2017-11-30,2017-11-30,"New adverse event","No",,,,,,,,,,,,,,,,,,,,"No",,,,,,,,,,,,"Single occurrence","Yes","Headache started 11/7/17 after LP on 11/7/17.  Continued and saw study nurse and clinician on 11/13/17.  Advised ppt to take Tylenol and rest.  Contacted ppt again on 11/14/17 and headache had resolved.","2017-11-14",,,"Headache post LP","Not related","Possibly","2017-11-07","Mild",1,,"Recovered/Resolved",,"Not related",,"Not related","Not related","Not related","Not related","Not related",,"No",,,,,,,,,,,,,,,,,,
3,4,4502,18,"m72",2018-02-15,2018-03-02,"New adverse event","No",,,,,,,,,,,,,,,,,,,,"Yes",,,,,,,,,,,,"Single occurrence","Yes","Participant was observed to have swelling in left hand and arm, lacy rash on right side of body, and increased level of lethargy on 05 Feb 2018. On 06 Feb 2018, caregiver consulted with nursing home staff and decided to take participant to ER for evaluation. Participant was admitted to ER extended stay for observation and workup. IV antibiotics were given and discontinued. OT, PT, and Neurology consults were completed. No new diagnoses were obtained, and symptoms resolved. Participant con meds were adjusted to taper down and discontinue lorazepam. Participant was discharged on 08 Feb 2018 and returned to nursing home facility. Health was considered to be back at baseline level.","2018-02-08",,,"rash (right side of body)","Not related","Not related","2018-02-05","Moderate",2,,"Recovered/Resolved",,"Possibly","1, 3","Not related","Not related","Not related","Not related","Not related",,"No",,,,,,,,,,,,,,,,,,
3,4,4502,18,"m72",2018-02-15,2018-02-15,"New adverse event","No",,,,,,,,,,,,,,,,,,,,"Yes",,,,,,,,,,,"2018-02-12","Single occurrence","Yes","Participant was observed to have swelling in left hand and arm, lacy rash on right side of body, and increased level of lethargy on 05 Feb 2018. On 06 Feb 2018, caregiver consulted with nursing home staff and decided to take participant to ER for evaluation. Participant was admitted to ER extended stay for observation and workup. IV antibiotics were given and discontinued. OT, PT, and Neurology consults were completed. No new diagnoses were obtained, and symptoms resolved. Participant con meds were adjusted to taper down and discontinue lorazepam. Participant was discharged on 08 Feb 2018 and returned to nursing home facility. Health was considered to be back at baseline level.","2018-02-08",,,"swelling (left hand and arm)","Not related","Not related","2018-02-05","Moderate",1,"DERR 13 Feb 2018. SAE = Hospitalization. Participant experienced swelling in left hand and arm, lacy rash on right side of body, and increased lethargy on 05 Feb 2018. Caregiver (spouse) and nursing home staff made the decision to bring participant to the ER on 06 Feb 2018. She was admitted to the ER for extended stay observation. Workup for infection was negative. She was treated with antibiotics (vancomysin/zosyn)* for one day, and was observed for 24 hours after antibiotics were discontinued. PT, OT, and Neurology consults were conducted but led to no new diagnoses. Neuro consult recommended to taper off lorazepam. Morning dose decreased 1mg to 0.5mg. Evening dose decreased 2mg to 1mg. Suggested to maintain lower dose for 2 more weeks then discontinue. Use as PRN for agitation. No other changes were made to her con med list. Participant was discharged on 08 Feb 2018 and returned to her nursing care facility. No diagnoses were given for swelling, rash, and lethargy. Symptoms were resolved at time of discharge, and health was considered back to baseline.
*vanc 1500 Q24Hr (given a 2g load prior) and zosyn 3.375g IV piggy back Q6Hr run at 100mL/Hr infuse over 30 min [per EMR documentation]","Recovered/Resolved",,"Possibly","2, 3","Not related","Not related","Not related","Not related","Not related","2018-02-06","Yes",,,,,,,,,,,,"No","No","No","Yes","No","No","No"
3,4,4502,18,"m72",2018-02-15,2018-03-02,"New adverse event","No",,,,,,,,,,,,,,,,,,,,"Yes",,,,,,,,,,,,"Single occurrence","Yes","Participant was observed to have swelling in left hand and arm, lacy rash on right side of body, and increased level of lethargy on 05 Feb 2018. On 06 Feb 2018, caregiver consulted with nursing home staff and decided to take participant to ER for evaluation. Participant was admitted to ER extended stay for observation and workup. IV antibiotics were given and discontinued. OT, PT, and Neurology consults were completed. No new diagnoses were obtained, and symptoms resolved. Participant con meds were adjusted to taper down and discontinue lorazepam. Participant was discharged on 08 Feb 2018 and returned to nursing home facility. Health was considered to be back at baseline level.","2018-02-08",,,"increased lethargy","Not related","Not related","2018-02-05","Moderate",3,,"Recovered/Resolved",,"Possibly","1, 2","Not related","Not related","Not related","Not related","Not related",,"No",,,,,,,,,,,,,,,,,,
3,4,4502,18,"m72",2018-02-15,2018-02-15,"New adverse event","No",,,,,,,,,,,,,,,,,,,,"No",,,,,,,,,,,,"Single occurrence","Yes","Participant experienced diarrhea (48 hours) and vomiting (once) during 22 Jan 2018 to 23 Jan 2018, likely due to a GI ""bug"" or flu outbreak in her nursing home. She was treated with Tamiflu (prophylaxis), diphenoxylate-atropine (PRN), and odansetron (PRN). Participant did not develop fever or full blown flu symptoms. GI symptoms resolved within 48 hours.","2018-01-23",,,"gastroenteritis","Not related","Not related","2018-01-22","Mild",4,,"Recovered/Resolved",,"Not related",,"Not related","Not related","Not related","Not related","Not related",,"No",,,,,,,,,,,,,,,,,,
3,4,4510,28,"m72",2018-02-16,2018-02-16,"New adverse event","No",,,,,,,,,,,,,,,,,,,,"No",,,,,,,,,,,"2018-02-16","Single occurrence","Yes","She tripped and fell down 2 steps in her home and sustained an open fracture of the left ankle. She was brought to the OR for debridement and irrigation, wound closure and repair of trimalleolar ankle fracture.",,,,"Left open ankle fracture","Not related","Not related","2018-02-15","Severe",1,"Patient is 72 yo with history of breast CA s/p mastectomy, HTN, HLD who was brought in by EMS after she tripped and fell down 2 steps and sustained an open left ankle fracture. She was brought to the OR today for debridement and irrigation, wound closure and repair of trimalleolar ankle fracture. She was given fentanyl, lorazepam (IV push), ondansetron, propofol and Tdap (intramuscular) at the hospital.","Recovering/Resolving",,"Not related",,"Not related","Not related","Not related","Not related","Not related","2018-02-15","Yes",,,,,,,,,,,,"No","No","No","Yes","No","No","No"
3,4,4604,47,"m60",2017-12-18,2017-12-18,"New adverse event","No",,,,,,,,,,,,,,,,,,,,"No",,,,,,,,,,,,"Persistent","Yes","Participant reports hearing loss in left ear starting in September 2017.  He describes it as mild but persistent.  He received dexamethasone injections (24 mg dose) once every four weeks from 9/2017 and is scheduled to stop them in 10/2017.",,,,"Sensorineural hearing loss - left ear","Not related","Not related","2017-09-xx","Mild",1,,"Not recovered/Not resolved",,"Not related",,"Not related","Not related","Not related","Not related","Not related",,"No",,,,,,,,,,,,,,,,,,
3,4,4765,47,"m60",2017-09-07,2018-02-09,"New adverse event","No",,,,,,,,,,,,,,,,,,,,"No",,,,,,,,,,,"2017-09-07","Persistent","Yes","This participant woke at 3am with fever/shaking/weakness.  He was taken to the hospital and admitted.  During his 9 day stay, he went in and out of delirium and also required restraints at times due to severe agitation.  He was discharged to a rehab facility, and should be discharged from there to home next week.  Symptoms are thought to be due to a reaction to medications.  He has been on cellcept for bullous pemphigoid, but this was recently replaced with a new medication (name unknown to study partner).  This new medication was thought to be the cause of the symptoms – it has since been stopped.  He has also started Seroquel.",,,,"Fever/shaking/weakness leading to prolonged delirium and hospitalization","Not related","Not related","2017-08-xx","Severe",1,"SJH 7-Sept-2017: Approximately three weeks ago (mid August), this participant woke at 3am with fever/shaking/weakness.  He was taken to the hospital and admitted.  During his 9 day stay, he went in and out of delirium and also required restraints at times due to severe agitation.  He was discharged to a rehab facility, and should be discharged from there to home next week.  Symptoms are thought to be due to a reaction to medications.  He has been on cellcept for bullous pemphigoid, but this was recently replaced with a new medication (name unknown to study partner).  This new medication was thought to be the cause of the symptoms – it has since been stopped.  He has also started Seroquel.","Recovering/Resolving",,"Not related",,"Not related","Probably","Not related","Not related","Not related","2017-08-xx","Yes",,,,,,,,,,,,"No","No","No","Yes","Yes","No","Yes"
3,4,4765,47,"m60",2017-09-29,2018-01-23,"Worsening condition or symptom present at screening/initial visit","No",,,,,,,,,,,,,,,,,,,,"Yes",,,,,,,,,,,"2017-09-29","Persistent","Yes","The participant has been in a rehab facility since his last SAE (ADNI-3 AE #1) in late summer 2017.  Instead of being discharged to home, the patient ended up returning to the hospital on 9/15/17 due to congestive heart failure and atrial fibrillation.  During his stay, he was also diagnosed with dysphagia and aspiration pneumonia (he does not have any fever at this time and is not in any discomfort). Participant was released to home on 9/20/17. This participant has had a significant reduction in medications and is now in hospice care.",,,,"Congestive heart failure","Not related","Not related","2017-09-15","Severe",2,"SJH 9/29/17 

Participant went into the hospital in 8/2017 with fever/shaking/weakness that led to delirium (reported as a previous SAE). This SAE is being reported as he was re-hospitalized on 9/15/17 for congestive heart failure and atrial fibrillation. He was also diagnosed with dysphagia and aspiration pneumonia. He was released home on 9/2017 and is now in hospice.

Participant has a history of hypercholesterolemia, hypertension, diabetes, cardiac catheterization and stent placement.","Not recovered/Not resolved",1,"Not related","3","Not related","Not related","Not related","Not related","Not related","2017-09-15","Yes",,,,,,,,,,,,"No","No","Yes","Yes","Yes","Yes","No"
3,4,4765,47,"m60",2018-01-23,2018-01-23,"New adverse event","No",,,,,,,,,,,,,,,,,,,,"No",,,,,,,,,,,,"Persistent","Yes","Participant went to the ER due to dizziness, and nausea and an elevated heart rate. Participant was not admitted, but did start on metoprolol as a result of the symptoms.","2017-06-11",,,"Tachycardia","Not related","Not related","2017-06-11","Severe",4,,"Recovered/Resolved",,"Not related",,"Not related","Not related","Not related","Not related","Not related",,"No",,,,,,,,,,,,,,,,,,
3,4,4765,47,"m60",2018-01-23,2018-01-23,"New adverse event","No",,,,,,,,,,,,,,,,,,,,"No",,,,,,,,,,,,"Single occurrence","Yes","Participant's initial FDG was scheduled for 6/26/17. The scan was not able to be run that day due to the participant's high fasting blood sugar - 256mg/dl - after a 4 hour fast. Participant was referred to see his physician, his medications were changed, and his blood sugar at his 2nd FDG scheduled was ok - 128mg/dl.","2017-06-xx",,,"High blood sugar","Not related","Not related","2017-06-26","Mild",5,,"Recovered/Resolved",,"Not related",,"Not related","Not related","Not related","Not related","Not related",,"No",,,,,,,,,,,,,,,,,,
3,4,4765,47,"m60",2018-01-23,2018-01-23,"Worsening condition or symptom present at screening/initial visit","No",,,,,,,,,,,,,,,,,,,,"Yes",,,,,,,,,,,"2017-09-29","Persistent","Yes","The participant has been in a rehab facility since his last SAE (ADNI-3 AE #1) in late summer 2017.  Instead of being discharged to home, the patient ended up returning to the hospital on 9/15/17 due to congestive heart failure and atrial fibrillation.  During his stay, he was also diagnosed with dysphagia and aspiration pneumonia (he does not have any fever at this time and is not in any discomfort). Participant was released to home on 9/20/17. This participant has had a significant reduction in medications and is now in hospice care.",,,,"Atrial Fibrillation","Not related","Not related","2017-09-15","Severe",3,"SJH 9/29/17 

Participant went into the hospital in 8/2017 with fever/shaking/weakness that led to delirium (reported as a previous SAE). This SAE is being reported as he was re-hospitalized on 9/15/17 for congestive heart failure and atrial fibrillation. He was also diagnosed with dysphagia and aspiration pneumonia. He was released home on 9/2017 and is now in hospice.

Participant has a history of hypercholesterolemia, hypertension, diabetes, cardiac catheterization and stent placement.","Not recovered/Not resolved",1,"Not related","2","Not related","Not related","Not related","Not related","Not related","2017-09-15","Yes",,,,,,,,,,,,"No","No","Yes","Yes","Yes","Yes","No"
3,4,4765,47,"m60",2018-02-01,2018-02-01,"Worsening condition or symptom present at screening/initial visit","No",,,,,,,,,,,,,,,,,,,,"No",,,,,,,,,,,"2018-01-31","Persistent","No","Had diagnosis of bullous pemphigoid and was getting treatment for this. He also had active medical diagnoses of congestive heart failure, atrial fibrillation, tachycardia and Parkinson's disease. He was recently hospitalized in September 2017 for these and also diagnosed with aspiration pneumonia and was eventually discharged to hospice care at home.",,,"2018-01-30","Bullous pemphigoid","Not related","Not related","2018-01-30","Severe",6,"AMC 2/1/18 - Had diagnosis of bullous pemphigoid and was on prednisone. He also had active medical diagnoses of congestive heart failure, atrial fibrillation, and Parkinson's disease. He was hospitalized in September 2017 (SAE 2 and 3) and then was discharged home with hospice care. We got a call from family that he died on 01/30/2018","Fatal",35,"Unlikely",,"Not related","Unlikely","Not related","Not related","Not related","2018-01-30","Yes",,,,,,,,,,,,"No","Yes","No","No","Yes","No","No"
3,4,4827,8,"m60",2017-09-19,2017-09-19,"New adverse event","No",,,,,,,,,,,,,,,,,,,,"No",,,,,,,,,,,,"Single occurrence","No","Participant noted upper gastric fullness one day after AV-1451 administration.  Participant had decreased PO intake.  Within one day participant returned to baseline and experienced no other symptoms. We have contacted participant and collateral source and they believe participant is stable and back to baseline.","2017-09-11",,,"Upper gastric discomfort","Not related","Not related","2017-09-09","Moderate",1,,"Recovered/Resolved",,"Not related",,"Not related","Not related","Not related","Not related","Unlikely",,"No",,,,,,,,,,,,,,,,,,
3,4,4873,20,"m48",2017-12-04,2017-12-04,"New adverse event","No",,,,,,,,,,,,,,,,,,,,"No",,,,,,,,,,,,"Persistent","Yes","Basal cell carcinoma Left cheek confirmed on biopsy 09 NOV 2017. Is scheduled for Mohs surgery 23 JAN 2018",,,,"basal cell carcinoma; Left cheek","Not related","Not related","2017-11-09","Moderate",1,,"Not recovered/Not resolved",,"Not related",,"Not related","Not related","Not related","Not related","Not related",,"No",,,,,,,,,,,,,,,,,,
3,4,4876,28,"m60",2017-08-11,2017-08-11,"New adverse event","No",,,,,,,,,,,,,,,,,,,,"No",,,,,,,,,,,"2017-08-11","Single occurrence","No","participant taken to Yale ED last night around 11pm after entering cardiac arrest. CPR attempted but participant reported as deceased at 12:06am on 8/11/17.",,"Cardiac Arrest","2017-08-11","death due to cardiac arrest","Not related","Not related","2017-08-10","Severe",3,"Participant underwent cardiac arrest on 8/10/17 at approximately 11:00pm and rushed to Yale ED. CPR attempted for approximately an hour, but participant unfortunately reported as deceased on 8/11/17 at 12:06am from a result of cardiac arrest (possibly due to Myocardial infarction).","Fatal",,"Not related",,"Not related","Not related","Not related","Not related","Not related","2017-08-11","Yes",,,,,,,,,,,,"No","Yes","No","No","Yes","No","No"
3,4,4919,20,"m48",2017-06-07,2017-06-07,"New adverse event","No",,,,,,,,,,,,,,,,,,,,"Yes",,,,,,,,,,,,"Persistent","Yes","was diagnosed with GERD following an episode of non cardiac chest pain. It was felt she may have been experiencing reflux causing her chest pain.",,,,"GERD","Not related","Not related","2017-04-25","Severe",2,,"Not recovered/Not resolved",,"Not related","1","Not related","Not related","Not related","Not related","Not related",,"No",,,,,,,,,,,,,,,,,,
3,4,4919,20,"m48",2017-06-07,2017-06-07,"New adverse event","No",,,,,,,,,,,,,,,,,,,,"No",,,,,,,,,,,,"Persistent","No","participant experienced chest pain on 4/25/17, went to the ED and she was observed. cardiac work up was negative and she was sent home 4/26/17. She was not admitted to the hospital","2017-04-26",,,"non cardiac chest pain","Not related","Not related","2017-04-25","Severe",1,,"Recovered/Resolved",,"Not related",,"Not related","Not related","Not related","Not related","Not related",,"No",,,,,,,,,,,,,,,,,,
3,4,4974,28,"m60",2017-11-10,2017-11-10,"New adverse event","No",,,,,,,,,,,,,,,,,,,,"Yes",,,,,,,,,,,,"Intermittent - monthly or less frequently","No","During C-SSRS of visit 7 of RCT participant is currently in, he reports the thoughts are infrequent and fleeting and he has no intent to act on them. He did not take nonprescription drugs, alcohol or start a new medication within 24 hours of event.",,,,"minor suicidal ideation","Not related","Not related","2017-06-06","Mild",6,,"Not recovered/Not resolved",,"Unlikely","2","Not related","Possibly","Not related","Not related","Not related",,"No",,,,,,,,,,,,,,,,,,
3,4,4974,28,"m60",2017-11-10,2017-11-10,"New adverse event","No",,,,,,,,,,,,,,,,,,,,"Yes",,,,,,,,,,,,"Single occurrence","No","participant fell on 6/20/17, went to ER, had MRI in late June + CT scan - showed a bit of bleeding in head but bleeding stabilized, no other abnormalities. Hematoma resulted due to fall.","2017-06-20",,,"Fall","Not related","Not related","2017-06-20","Moderate",4,,"Recovered/Resolved",,"Not related","5","Not related","Not related","Not related","Not related","Not related",,"No",,,,,,,,,,,,,,,,,,
3,4,4974,28,"m60",2017-11-10,2017-11-10,"New adverse event","No",,,,,,,,,,,,,,,,,,,,"No",,,,,,,,,,,,"Persistent","No","reported vivid hallucinations of people during the night, happens ~2/week.",,,,"Hallucinations","Not related","Not related","2016-12-07","Mild",1,,"Not recovered/Not resolved",,"Unlikely",,"Not related","Possibly","Not related","Not related","Not related",,"No",,,,,,,,,,,,,,,,,,
3,4,4974,28,"m60",2017-11-10,2017-11-10,"New adverse event","No",,,,,,,,,,,,,,,,,,,,"No",,,,,,,,,,,,"Single occurrence","Yes","subject pulled neck muscle (likely over-exertion), and was prescribed percocet for 4 days.",,,,"neck pain","Not related","Not related","2017-02-16","Mild",3,,"Not recovered/Not resolved",,"Not related",,"Not related","Not related","Not related","Not related","Not related",,"No",,,,,,,,,,,,,,,,,,
3,4,4974,28,"m60",2017-11-10,2017-11-10,"New adverse event","No",,,,,,,,,,,,,,,,,,,,"Yes",,,,,,,,,,,,"Persistent","No","hematoma resulted from fall on 06/20/2017","2017-07-14",,,"hematoma on head due to fall","Not related","Not related","2017-06-20","Mild",5,,"Recovered/Resolved",,"Not related","4","Not related","Not related","Not related","Not related","Not related",,"No",,,,,,,,,,,,,,,,,,
3,4,4974,28,"m60",2017-11-10,2017-11-10,"New adverse event","No",,,,,,,,,,,,,,,,,,,,"Yes",,,,,,,,,,,,"Intermittent - monthly or less frequently","No","participant reported on C-SSRS during visit 4 of RCT that he is participating in that he ""might get so bad that he would not know who he is."" He was on a cruise and wondered what if i  jump off. ""I do not want to die and i do not plan to kill myself,"" he stated. There were no changed to con-meds, no interventions were performed and subject was not considered a suicide risk. Subject has a history of depression and anxiety that began in 2002, which is well controlled and which he takes medication for. He does not have a history of substance abuse.","2017-01-13",,,"minor suicidal ideation","Not related","Not related","2016-11-24","Mild",2,,"Recovered/Resolved",,"Unlikely","6","Not related","Possibly","Not related","Not related","Not related",,"No",,,,,,,,,,,,,,,,,,
3,4,5078,28,"m48",2017-09-15,2017-09-15,"New adverse event","No",,,,,,,,,,,,,,,,,,,,"No",,,,,,,,,,,,"Single occurrence","No","Participant tripped and fell and had minor fracture but no surgery required.","2017-xx-xx",,,"Right foot fracture","Not related","Not related","2017-xx-xx","Mild",2,,"Recovered/Resolved",,"Not related",,"Not related","Not related","Not related","Not related","Not related",,"No",,,,,,,,,,,,,,,,,,
3,4,5078,28,"m48",2017-09-15,2017-09-15,"New adverse event","No",,,,,,,,,,,,,,,,,,,,"No",,,,,,,,,,,,"Single occurrence","No","Pt had ongoing bone spur and had staple inserted to correct growth","2017-xx-xx",,,"Right big toe bone spur- inserted staple","Not related","Not related","2017-xx-xx","Mild",1,,"Recovered/Resolved",,"Not related",,"Not related","Not related","Not related","Not related","Not related",,"No",,,,,,,,,,,,,,,,,,
3,4,5100,28,"m48",2017-09-15,2017-09-15,"New adverse event","No",,,,,,,,,,,,,,,,,,,,"No",,,,,,,,,,,,"Persistent","No","Pt met with PCP who determined he may have mild case of shingles. No treatment required and rash is already going away.",,,,"Rash across chest (crossing midline) up to his left shoulder and down left thorax","Not related","Not related","2017-07-23","Mild",1,,"Recovering/Resolving",,"Not related",,"Not related","Not related","Not related","Not related","Not related",,"No",,,,,,,,,,,,,,,,,,
3,4,5109,20,"m48",2018-01-17,2018-01-17,"New adverse event","No",,,,,,,,,,,,,,,,,,,,"No",,,,,,,,,,,,"Single occurrence","No","participant slipped and fractured his Right ankle while hunting","2018-01-16",,,"Right ankle fracture","Not related","Not related","2017-11-18","Moderate",1,,"Recovered/Resolved",,"Not related",,"Not related","Not related","Not related","Not related","Not related",,"No",,,,,,,,,,,,,,,,,,
3,4,5140,15,"m48",2018-03-02,2018-03-02,"New adverse event","No",,,,,,,,,,,,,,,,,,,,"No",,,,,,,,,,,,"Single occurrence","Yes","Patient spent time with grandchildren post LP, who had a cold. Patient believes she caught the cold from her grandchildren.",,,,"cold","Not related","Unlikely","2017-12-08","Mild",1,,"Recovering/Resolving",,"Not related",,"Not related","Not related","Not related","Not related","Not related",,"No",,,,,,,,,,,,,,,,,,
3,4,5194,16,"m48",2018-01-31,2018-01-31,"New adverse event","No",,,,,,,,,,,,,,,,,,,,"No",,,,,,,,,,,"2018-01-30","Persistent","No","subject w/ h/o recurrent Spigelian hernia and 2 prior laparscopic repairs reported recurrence of pain and CT done 9/29/17 showed hernia recurrence. Subject underwent elective repair of recurrent hernia on 12/29/17, after which she was admitted to the hospital and discharged the next day.","2017-12-30",,,"open repair of recurrent right Spigelian hernia","Not related","Not related","2017-09-xx","Moderate",1,"subject w/ h/o recurrent Spigelian hernia and 2 prior laparscopic repairs reported recurrence of abdominal pain and CT done 9/29/17 showed hernia recurrence. Subject underwent elective open repair of hernia on 12/29/17 and after overnight hospitalization was discharged 12/30/17.","Recovered/Resolved",,"Not related",,"Not related","Not related","Not related","Not related","Not related","2017-12-29","Yes",,,,,,,,,,,,"No","No","No","Yes","No","No","No"
3,4,5198,24,"m48",2018-02-09,2018-02-09,"New adverse event","No",,,,,,,,,,,,,,,,,,,,"No",,,,,,,,,,,,"Single occurrence","No","Subject described some mold back pain at puncture site, which was conducted on 29-NOV-2017. It resolved 30-NOV-2017 with no intervention required.","2017-11-30",,,"Post-Lumbar Puncture back pain","Not related","Definitely","2017-11-29","Mild",1,,"Recovered/Resolved",,"Not related",,"Not related","Not related","Not related","Not related","Not related",,"No",,,,,,,,,,,,,,,,,,
3,4,5236,16,"m48",2017-09-28,2017-09-28,"New adverse event","No",,,,,,,,,,,,,,,,,,,,"No",,,,,,,,,,,"2017-09-28","Single occurrence","No","Subject with h/o CAD, 3 prior MI's and multiple stents suffered myocardial infarction at 1200h on 9/12/17 and died en route to the hospital in ambulance.",,"myocardial infarction","2017-09-12","death secondary to myocardial infarction","Not related","Not related","2017-09-12","Severe",1,"Subject has h/o CAD, 3 prior MI's and multiple stents. Suffered MI at noon on 9/12/17 and died in ambulance en route to the hospital.","Fatal",,"Not related",,"Not related","Not related","Not related","Not related","Not related","2017-09-12","Yes",,,,,,,,,,,,"No","Yes","No","No","No","No","No"
3,4,5259,24,"m48",2018-02-09,2018-02-09,"New adverse event","No",,,,,,,,,,,,,,,,,,,,"No",,,,,,,,,,,,"Single occurrence","No","Subject experienced some soreness at puncture site after LP was conducted on 07-DEC-2017. It resolved on 11-DEC-2017 with no intervention.","2017-12-11",,,"Post-Lumbar Puncture Back Pain","Not related","Definitely","2017-12-07","Mild",1,,"Recovered/Resolved",,"Not related",,"Not related","Not related","Not related","Not related","Not related",,"No",,,,,,,,,,,,,,,,,,
3,4,5289,23,"m36",2017-05-26,2017-05-26,"New adverse event","No",,,,,,,,,,,,,,,,,,,,"No",,,,,,,,,,,,"Persistent","No","Patient reported moderate tenderness at the puncture site following her LP for the study. The LP was Wednesday morning and the tenderness was gone by Friday morning.","2017-05-12",,,"tenderness at puncture site (post-LP)","Not related","Definitely","2017-05-10","Moderate",1,,"Recovered/Resolved",,"Not related",,"Not related","Not related","Not related","Not related","Not related",,"No",,,,,,,,,,,,,,,,,,
3,4,5290,19,"m48",2017-10-19,2017-10-19,"New adverse event","No",,,,,,,,,,,,,,,,,,,,"No",,,,,,,,,,,,"Intermittent - daily","Yes","Developed pain in lower back after weeding and yard work.  Tool Tylenol, ice and heat with minimal improvement.  Stated feeling tired from the back pain and that it affected her gait, was slower and stooped over.",,,,"Low Back Pain","Not related","Not related","2017-10-15","Moderate",2,,"Recovering/Resolving",,"Not related",,"Not related","Not related","Not related","Not related","Not related",,"No",,,,,,,,,,,,,,,,,,
3,4,5290,19,"m48",2017-10-19,2017-10-19,"New adverse event","No",,,,,,,,,,,,,,,,,,,,"No",,,,,,,,,,,,"Persistent","Yes","Got insect bite to left wrist after yard work.  Thought it was a bee sting.  Developed pain, redness, swelling, pruritis at site.  Took Benedryl which helped the itching.",,,,"insect bite left wrist after yard work","Not related","Not related","2017-10-14","Severe",3,,"Recovering/Resolving",,"Not related",,"Not related","Not related","Not related","Not related","Not related",,"No",,,,,,,,,,,,,,,,,,
3,4,5290,19,"m48",2017-10-19,2017-10-19,"New adverse event","No",,,,,,,,,,,,,,,,,,,,"No",,,,,,,,,,,,"Persistent","Yes","Got insect bite to right wrist doing yard work.  Area swollen, red and pruritic.   Took Benedryl which helped itching..",,,,"Insect  bite right wrist","Not related","Not related","2017-10-14","Moderate",4,,"Recovering/Resolving",,"Not related",,"Not related","Not related","Not related","Not related","Not related",,"No",,,,,,,,,,,,,,,,,,
3,4,5290,19,"m48",2017-10-19,2017-10-19,"New adverse event","No",,,,,,,,,,,,,,,,,,,,"No",,,,,,,,,,,,"Single occurrence","No","Subject felt headache right after LP procedure.  Stated back felt ""stiff"" after being in position for LP.  Improved somewhat after breakfast and coffee. by the time she arrived home after the LP the headache was gone.","2017-10-17",,,"Headache","Not related","Possibly","2017-10-17","Moderate",1,,"Recovered/Resolved",,"Not related",,"Not related","Not related","Not related","Not related","Not related",,"No",,,,,,,,,,,,,,,,,,
4,4,6001,20,"bl",,2017-10-18,"New adverse event","No",,,,,,,,,,,,,,,,,,,,"No",,,,,,,,,,,"2017-10-18","Persistent","Yes","In July 2017, participant began experiencing worsening balance causing several falls. She also had neck and left arm pain radiating to the base of her thumb. She was found to have cervical stenosis at the C4-C6 that became more severe with neck extension. She required cervical decompression and fusion. This was done on August 7th, 2017. She was discharged from the hospital on August 11th, 2017.","2017-10-05",,,"cervical stenosis with myelopathy","Not related","Not related","2017-07-13","Severe",1,"Participant began experiencing balance issues causing several fall and pain in her neck and left arm. She was found to have cervical stenosis at C4-C6 that became more severe with neck extension. She underwent partial C6 decompression cervical laminectomy with lateral mass fusion. Pain was well controlled with oxycodone.","Recovered/Resolved",,"Not related",,"Not related","Not related","Not related","Not related","Not related","2017-08-07","Yes",,,,,,,,,,,,"No","No","No","Yes","No","No","No"
4,4,6002,20,"bl",2017-05-26,2017-05-26,"New adverse event","No",,,,,,,,,,,,,,,,,,,,"No",,,,,,,,,,,,"Persistent","Yes","Subject experienced nausea during LP procedure that was immediately relieved with change of elevation of the bed and an icepack","2017-05-24",,,"post-LP nausea","Not related","Definitely","2017-05-24","Moderate",2,,"Recovered/Resolved",,"Not related",,"Not related","Not related","Not related","Not related","Not related",,"No",,,,,,,,,,,,,,,,,,
4,4,6002,20,"bl",,2017-05-26,"New adverse event","No",,,,,,,,,,,,,,,,,,,,"No",,,,,,,,,,,,"Persistent","No","Subject experienced headache during LP procedure that resolved a couple hours after procedure was completed","2017-05-24",,,"Post-LP Headache","Not related","Definitely","2017-05-24","Moderate",1,,"Recovered/Resolved",,"Not related",,"Not related","Not related","Not related","Not related","Not related",,"No",,,,,,,,,,,,,,,,,,
4,4,6005,19,"bl",2017-03-16,2018-02-23,"New adverse event","No",,,,,,,,,,,,,,,,,,,,"No",,,,,,,,,,,,"Persistent","No","Subject reported symptom of nasal congestion, cough, malaise one week ago. Reported she had a cold and has not taken any treatment.","2017-03-19",,,"upper respiratory infection","Not related","Not related","2017-03-09","Mild",1,,"Recovered/Resolved",,"Not related",,"Not related","Not related","Not related","Not related","Not related",,"No",,,,,,,,,,,,,,,,,,
4,4,6005,19,"bl",2018-02-23,2018-02-23,"New adverse event","No",,,,,,,,,,,,,,,,,,,,"No",,,,,,,,,,,,"Persistent","Yes","Had a DEXA scan ordered by her PCP. Was prescribed Fosamax for low bone density.",,,,"osteoporosis","Not related","Not related","2017-06-xx","Mild",2,,"Not recovered/Not resolved",,"Not related",,"Not related","Not related","Not related","Not related","Not related",,"No",,,,,,,,,,,,,,,,,,
4,4,6007,1,"bl",2017-04-18,2017-04-18,"New adverse event","No",,,,,,,,,,,,,,,,,,,,"No",,,,,,,,,,,,"Single occurrence","No","Participant reports being very tired after LP and blood draw. She went home and napped for 2 hours. last night she went to a meeting and had a hard time concentrating and remembering what they went over. Still slept 8 hours last night. She reports that she is feeling great and back to normal today.","2017-04-18",,,"Drowsiness","Not related","Probably","2017-04-17","Mild",1,,"Recovered/Resolved",,"Not related",,"Probably","Not related","Not related","Not related","Not related",,"No",,,,,,,,,,,,,,,,,,
4,4,6008,55,"bl",2017-05-23,2017-08-16,"New adverse event","No",,,,,,,,,,,,,,,,,,,,"No",,,,,,,,,,,,"Intermittent - daily","No","Patient complains of lower back pain at site of lumbar puncture procedure (performed on 5/19/2017). Patient complained that back pain started day following the procedure and has lasted throughout the weekend. Patient was contacted on 5/22/2017 and was still experiencing discomfort, but has mentioned that pain has lessened over last couple days.","2017-05-23",,,"Lower back pain","Not related","Probably","2017-05-20","Mild",1,,"Recovered/Resolved",,"Not related",,"Not related","Not related","Not related","Not related","Not related",,"No",,,,,,,,,,,,,,,,,,
4,4,6008,55,"bl",2017-08-31,2017-08-31,"New adverse event","No",,,,,,,,,,,,,,,,,,,,"No",,,,,,,,,,,,"Single occurrence","Yes","Patient said she had been walking her dog when she tripped and fell onto her left shoulder. Was taken by EMS to ED and was discharged that day.",,,,"Bone fracture L humerus","Not related","Not related","2017-08-09","Mild",2,,"Recovering/Resolving",,"Not related",,"Not related","Not related","Not related","Not related","Not related",,"No",,,,,,,,,,,,,,,,,,
4,4,6009,1,"bl",2017-06-05,2017-06-05,"New adverse event","Yes",,"No",,,,,,,,"Intermittent - daily",,,,,,,,,,"No","2017-05-19",,,,,,,,,,,"Intermittent - daily","No","Patient reports feeling very lethargic since he had his PET scans. Has alack of energy to do things that are generally not at all taxing.","2017-05-22",,,"Very lethargic","Possibly","Unlikely","2017-05-16","Moderate",1,,"Recovered/Resolved",,"Unlikely",,"Unlikely","Not related","Possibly","Not related","Probably",,"No","Mild",,,,,,,,,,,,,,,,,
4,4,6013,17,"bl",2017-06-05,2017-06-05,"New adverse event","No",,,,,,,,,,,,,,,,,,,,"No",,,,,,,,,,,,"Single occurrence","Yes","Subject had a lumbar puncture on 5/31/17. CRC called on 6/1/17 for the follow-up phone call and the subject noted back pain at the puncture site. She took Ibuprofen. CRC followed up on 6/2/16 and subject notes that the back pain has subsided.","2017-06-02",,,"Back Pain","Not related","Definitely","2017-05-31","Mild",1,,"Recovered/Resolved",,"Not related",,"Not related","Not related","Not related","Not related","Not related",,"No",,,,,,,,,,,,,,,,,,
4,4,6017,59,"bl",2017-06-20,2017-08-23,"New adverse event","No",,,,,,,,,,,,,,,,,,,,"Yes",,,,,,,,,,,,"Single occurrence","No","While nurse attempted to replace IV, subject became severely agitated and pull against restraints with full strength. A pop was heard from right shoulder.",,,,"Chronic separation of acromioclavicular joint","Not related","Not related","2017-06-19","Moderate",2,,"Unknown",,"Not related","1","Not related","Not related","Not related","Not related","Not related",,"No",,,,,,,,,,,"patient deceased",,,,,,,
4,4,6017,59,"bl",,2017-06-23,"New adverse event","No",,,,,,,,,,,,,,,,,,,,"Yes",,,,,,,,,,,"2017-06-19","Single occurrence","Yes","Study partner reports subject was sitting in chair from 10-11am on 6/18/17 complaining of severe frontal headache. He was given Tylenol and water before napping. Partner went out and returned at noon, finding subject wandering in neighbor's yard and speaking nonsensically.  Subject brought to Newport Hospital where a CT showed a large parieto-occipital left-side hemorrhage. Subject moved to Rhode Island Hospital. Recommendation for follow-up CT showed the bleed was stable. No neurosurgical intervention recommended. Subject remains hospitalized. Coordinator will update when new records are obtained.",,"cardiopulmonary arrest with cerebral herniation and intraparenchymal hemorrhage as underlying causes","2017-06-21","Spontaneous intracerebral hemorrhage","Not related","Not related","2017-06-18","Severe",1,"See AE narrative above. No medication given at Newport Hospital. Rhode Island Hospital initiated below medication:
- hypertonic saline
- bisacodyl, 10mg PO PRN
- diazepam, 5, 10, or 20mg IV PRN
- diazepam, 5, 10 or 20mg PO PRN
- doxazosin 1mg PO QD

6-23-17 CB: office made aware that subject had passed away on 6-21-17 at 0505. Cause of death was cardiopulmonary arrest with cerebral herniation and intraparenchymal hemorrhage as underlying causes","Fatal",,"Probably","2","Not related","Unlikely","Not related","Not related","Not related","2017-06-18","Yes",,,,,,,,,,,,"No","Yes","No","Yes","Yes","No","No"
4,4,6024,47,"bl",2017-12-07,2017-12-07,"New adverse event","No",,,,,,,,,,,,,,,,,,,,"Yes",,,,,,,,,,,,"Single occurrence","No","Participant reported feeling lightheadedness immediately post AV-1451 injection. Her lightheadedness spontaneously resolved without intervention within 20 minutes of injection.","2017-11-29",,,"Lightheadedness","Not related","Not related","2017-11-29","Mild",3,,"Recovered/Resolved",,"Not related","1, 2","Not related","Not related","Not related","Not related","Probably",,"No",,,,,,,,,,,,,,,,,,
4,4,6024,47,"bl",2017-12-07,2017-12-07,"New adverse event","No",,,,,,,,,,,,,,,,,,,,"Yes",,,,,,,,,,,,"Single occurrence","No","Participant experienced nausea immediately following the AV-1451 injection. It spontaneously resolved within 20 minutes post injection.","2017-11-29",,,"Nausea","Not related","Not related","2017-11-29","Mild",2,,"Recovered/Resolved",,"Not related","1,3","Not related","Not related","Not related","Not related","Probably",,"No",,,,,,,,,,,,,,,,,,
4,4,6024,47,"bl",2017-12-07,2017-12-07,"New adverse event","No",,,,,,,,,,,,,,,,,,,,"Yes",,,,,,,,,,,,"Single occurrence","No","Participant reported a headache approximately 2 minutes post tau injection which resolved spontaneously within 20 minutes post injection.","2017-11-29",,,"Headache","Not related","Not related","2017-11-29","Mild",1,,"Recovered/Resolved",,"Not related","2, 3","Not related","Not related","Not related","Not related","Probably",,"No",,,,,,,,,,,,,,,,,,
4,4,6030,1,"bl",2017-07-31,2017-07-31,"New adverse event","No",,,,,,,,,,,,,,,,,,,,"No",,,,,,,,,,,,"Single occurrence","No","Subject reports that her PCP found nodules on her thyroid during a routine visit on 7/21/2017. PCP will be scheduling nodule on the left side of thyroid to be aspirated soon.",,,,"Nodules of thyroid","Not related","Not related","2017-07-21","Mild",1,,"Recovering/Resolving",,"Not related",,"Not related","Not related","Not related","Not related","Not related",,"No",,,,,,,,,,,,,,,,,,
4,4,6030,1,"bl",2017-07-31,2017-08-02,"New adverse event","No",,,,,,,,,,,,,,,,,,,,"No",,,,,,,,,,,,"Single occurrence","Yes","Subject reported 7/26/2017 via email that she developed a pressure headache on her way home on 7/25/2017. Subject reports that she feels relief when she is lying down. Dr. Quinn called 7/26/2017 and suggested she relaxes, drinks lots of fluids, and takes Tylenol.","2017-07-30",,,"Post lumbar puncture headache","Unlikely","Probably","2017-07-25","Mild",2,,"Recovered/Resolved",,"Not related",,"Unlikely","Not related","Unlikely","Not related","Unlikely",,"No",,,,,,,,,,,,,,,,,,
4,4,6033,19,"bl",2017-06-29,2017-07-10,"New adverse event","Yes",,"No",,,,,,,,"Intermittent - daily",,,,,,,,,,"No","2017-07-10",,,,,,,,,,,"Intermittent - daily","Yes","Called subject per protocol post LP. Subject reported ""splitting headache"" felt on the top of her head that is better when she lies flat.  Tylenol has not helped, Reports she is keeping hydrated. Reports onset was shortly after LP but thought it was related to her fasting.  Her Tylenol dose is 1000mg. Has nausea that started this morning without vomiting.  She went to bed after she got home yesterday (after LP) and did not do anything strenuous.
UPDATE - On 7-10-17 - baseline visit- subject reported headache got ""80-85% better"" after the blood patch on 6-30-17 .  Continues ti have a headache rated at a 4 on a 1-10 point scale upon awakening, mainly felt at top of head abd behind left eye and is intermittent throughout the day. DMS",,,,"Headache","Not related","Possibly","2017-06-28","Severe",1,,"Recovering/Resolving",,"Not related",,"Not related","Not related","Not related","Not related","Not related",,"No","Mild",,,,,,,,,,,,,,,,,
4,4,6033,19,"bl",2017-07-10,2017-07-10,"New adverse event","No",,,,,,,,,,,,,,,,,,,,"No",,,,,,,,,,,,"Persistent","Yes","subject with back pain that began after blood patch which persists.",,,,"Back Pain","Not related","Unlikely","2017-06-30","Moderate",2,,"Not recovered/Not resolved",,"Not related",,"Possibly","Unlikely","Not related","Not related","Not related",,"No",,,,,,,,,,,,,,,,,,
4,4,6039,43,"bl",2017-11-21,2017-11-21,"New adverse event","No",,,,,,,,,,,,,,,,,,,,"No",,,,,,,,,,,,"Single occurrence","No","Participant states had a headache after lumbar puncture-lasted 24hours maybe.  Did not take any medications for it.","2017-08-10",,,"Headache.","Not related","Probably","2017-08-10","Mild",1,,"Recovered/Resolved",,"Not related",,"Not related","Not related","Not related","Not related","Not related",,"No",,,,,,,,,,,,,,,,,,
4,4,6041,55,"bl",,2017-08-29,"New adverse event","No",,,,,,,,,,,,,,,,,,,,"No",,,,,,,,,,,,"Single occurrence","No","Patient complained of extreme headache when standing up following lumbar puncture procedure. Patient made trip to the ED Sunday 8/27/2017 complaining of a worsening headache. Patient was not admitted and was discharged shortly after CT brain negative and labs unremarkable.",,,,"Headache","Not related","Possibly","2017-08-23","Mild",1,,"Recovering/Resolving",,"Not related",,"Not related","Not related","Not related","Not related","Not related",,"No",,,,,,,,,,,,,,,,,,
4,4,6051,58,"bl",2017-11-17,2017-11-17,"New adverse event","No",,,,,,,,,,,,,,,,,,,,"Yes",,,,,,,,,,,,"Intermittent - daily","Yes","Subject had lumbar puncture for study 06-Nov-2017. Subject went to recovery area, but immediately after leaving, had severe headache which resolved in supine position and returned on rising. 09-Nov-2017 subject took Tylenol and started vomiting, which became recurrent throughout day. Subject was advised to go to ER, where medications were given, but not a blood patch. Subject released home same day. Headache remained intermittent when not supine until 13-Nov-2017, when subject returned to job with no recurrence of symptoms.","2017-11-09",,,"Vomiting, post lumbar puncture","Not related","Probably","2017-11-09","Moderate",2,,"Recovered/Resolved",,"Not related","1","Not related","Possibly","Not related","Not related","Not related",,"No",,,,,,,,,,,,,,,,,,
4,4,6051,58,"bl",,2017-11-17,"New adverse event","Yes",,"No",,,,,,,,"Intermittent - daily",,,,,,,,,,"Yes","2017-11-09",,,,,,,,,,,"Intermittent - daily","Yes","Subject had lumbar puncture for study 06-Nov-2017. Subject went to recovery area, but immediately after leaving, had severe headache which resolved in supine position and returned on rising. 09-Nov-2017 subject took Tylenol and started vomiting, which became recurrent throughout day. Subject was advised to go to ER, where medications were given, but not a blood patch. Subject released home same day. Headache remained intermittent when not supine until 13-Nov-2017, when subject returned to job with no recurrence of symptoms.","2017-11-13",,,"Headache, post lumbar puncture","Not related","Probably","2017-11-06","Severe",1,,"Recovered/Resolved",,"Not related","2","Not related","Not related","Not related","Not related","Not related",,"No","Moderate",,,,,,,,,,,,,,,,,
4,4,6053,1,"bl",2017-08-31,2017-08-31,"New adverse event","No",,,,,,,,,,,,,,,,,,,,"No",,,,,,,,,,,,"Intermittent - daily","Yes","During 24 hour follow up call after LP participant reported having a very mild headache the evening of 8/25/2017. He reports he rested and took Tylenol and it was gone after 20 minutes. This repeated 8/26 in the afternoon, has been resolved ever since.","2017-08-26",,,"Very mild post LP headache","Unlikely","Probably","2017-08-25","Mild",1,,"Recovered/Resolved",,"Not related",,"Unlikely","Not related","Unlikely","Not related","Unlikely",,"No",,,,,,,,,,,,,,,,,,
4,4,6054,59,"bl",2017-08-24,2017-08-24,"New adverse event","No",,,,,,,,,,,,,,,,,,,,"Yes",,,,,,,,,,,,"Persistent","Yes","Started with nerve pain in jaw on 14Jul17. Rash, mainly on face, appeared 21Jul17. Rash was not extensive and was scabbed over by 26Jul17.","2017-07-26",,,"Shingles","Not related","Not related","2017-07-14","Moderate",1,,"Recovered/Resolved",,"Not related","2","Not related","Not related","Not related","Not related","Not related",,"No",,,,,,,,,,,,,,,,,,
4,4,6054,59,"bl",2017-08-24,2017-08-24,"New adverse event","No",,,,,,,,,,,,,,,,,,,,"Yes",,,,,,,,,,,,"Persistent","Yes","hearing loss associated with shingles nerve pain in jaw",,,,"Decreased hearing in right ear","Not related","Not related","2017-07-21","Moderate",2,,"Recovering/Resolving",,"Not related","1","Not related","Not related","Not related","Not related","Not related",,"No",,,,,,,,,,,,,,,,,,
4,4,6055,23,"sc",2017-08-10,2017-08-10,"New adverse event","No",,,,,,,,,,,,,,,,,,,,"No",,,,,,,,,,,,"Persistent","Yes","Screening labs resulted in a clinically significant CK level of 526. The study participant and his cardiologist were both alerted by study physician (Dr. Lah), and his atorvastatin dosage is being adjusted. He will return for a re-draw of labs in a few weeks.",,,,"elevated CK level","Not related","Not related","2017-07-24","Moderate",1,,"Not recovered/Not resolved",,"Not related",,"Not related","Possibly","Not related","Not related","Not related",,"No",,,,,,,,,,,,,,,,,,
4,4,6058,59,"bl",2017-09-21,2017-09-21,"New adverse event","No",,,,,,,,,,,,,,,,,,,,"No",,,,,,,,,,,,"Persistent","Yes","diagnosed on 9-11-17, has held off on herbal supplements prescribed by doctor in order to complete LP.",,,,"Small Intestine Bacterial Overgrowth (SIBO)","Not related","Not related","2017-09-11","Mild",1,,"Recovering/Resolving",,"Not related",,"Not related","Not related","Not related","Not related","Not related",,"No",,,,,,,,,,,,,,,,,,
4,4,6063,43,"bl",2018-02-28,2018-02-28,"New adverse event","No",,,,,,,,,,,,,,,,,,,,"No",,,,,,,,,,,,"Persistent","No","At LP follow-up call participant states she felt soreness at the LP puncture site.  She did not take any medications for this.  She came in Tues. 2/27/18 to do Cogstate & stated soreness was gone on Sun. 2/25/18.","2018-02-25",,,"Soreness at LP puncture sit.","Not related","Probably","2018-02-20","Mild",1,,"Recovered/Resolved",,"Not related",,"Not related","Not related","Not related","Not related","Not related",,"No",,,,,,,,,,,,,,,,,,
4,4,6069,17,"bl",2017-09-14,2017-09-14,"New adverse event","Yes",,"No",,,,,,,,"Intermittent - daily",,,,,,,,,,"No","2017-09-13",,,,,,,,,,,"Intermittent - daily","Yes","Subject",,,,"Post LP Headache","Not related","Possibly","2017-09-08","Mild",1,,"Not recovered/Not resolved",,"Not related",,"Not related","Not related","Not related","Not related","Not related",,"No","Moderate",,,,,,,,,,,,,,,,,
4,4,6076,11,"bl",2017-11-01,2017-11-01,"New adverse event","No",,,,,,,,,,,,,,,,,,,,"No",,,,,,,,,,,,"Single occurrence","No","Symptoms of new flashes and floaters 1 week ago( prior to visit approx 10/9/17). On 10/16/17 laser surgery was performed to seal tear and prevent detachment. No complications after procedure.","2017-10-16",,,"Horseshoe tear of retina without detachment-Left eye","Not related","Not related","2017-10-09","Mild",1,,"Recovered/Resolved",,"Not related",,"Not related","Not related","Not related","Not related","Not related",,"No",,,,,,,,,,,,,,,,,,
4,4,6082,49,"bl",2017-12-01,2017-12-07,"New adverse event","Yes",,"Yes","No",,,,,,,"Persistent",,"Intermittent - monthly or less frequently",,,,,,,,"No","2017-12-04",,"2017-12-07",,,,,,,,,"Single occurrence","No","As participant was riding in the car on the way to Flortaucipir PET appointment, she developed a ""slight headache"" which she believed was from reading print that was too small.
JH 12-4-2017 Called pt for 18F-AV-1451 follow-up call. She reports her headache has persisted, although it has not increased in severity.
JH 12/7/2017 Pt reports that her headache persisted until she woke up around 7:00 am this morning. She said she experiences similar headaches every few months and that she usually doesn't treat them because they are mild in severity.",,,,"Headache","Not related","Not related","2017-11-30","Mild",1,,"Not recovered/Not resolved",,"Not related",,"Not related","Not related","Not related","Not related","Not related",,"No","Mild",,"Mild",,,,,,,,,,,,,,,
4,4,6087,11,"sc",2018-02-07,2018-02-07,"Worsening condition or symptom present at screening/initial visit","No",,,,,,,,,,,,,,,,,,,,"No",,,,,,,,,,,,"Persistent","No","progression of anemia",,,,"Anemia","Not related","Not related","2017-12-xx","Severe",1,,"Recovering/Resolving",1,"Not related",,"Not related","Not related","Not related","Not related","Not related",,"No",,,,,,,,,,,,,,,,,,
4,4,6090,49,"sc",2017-10-11,2017-10-11,"New adverse event","No",,,,,,,,,,,,,,,,,,,,"No",,,,,,,,,,,"2017-10-10","Single occurrence",,"Participant was admitted to the hospital after he fainted. See SAE narrative.",,,,"Fainting Spell","Not related","Not related","2017-10-06","Moderate",1,"10/10/2017 JH-CRC spoke to participant's study partner (wife) who reported that the participant fainted on Friday, 10/6/2017, and was subsequently admitted to the hospital. According to the study partner, a CT scan and MRI of the participant's head was conducted. Dehydration is thought to have been a factor. As of 10/10/2017, the participant has not yet been released. Records are pending.","Not recovered/Not resolved",,"Not related",,"Not related","Not related","Not related","Not related","Not related","2017-10-06","Yes",,,,,,,,,,,,"No","No","No","Yes","No","No","No"
4,4,6094,59,"bl",,2018-02-26,"New adverse event","No",,,,,,,,,,,,,,,,,,,,"No",,,,,,,,,,,,"Single occurrence","No","mild pain in left buttock, but it is improving","2017-11-10",,,"mild left buttock soreness post LP","Not related","Probably","2017-11-08","Mild",1,,"Recovered/Resolved",,"Not related",,"Not related","Not related","Not related","Not related","Not related",,"No",,,,,,,,,,,,,,,,,,
4,4,6097,40,"bl",,2018-01-12,"New adverse event","No",,,,,,,,,,,,,,,,,,,,"No",,,,,,,,,,,,"Single occurrence","No","After local anesthetic and insertion of spinal needle guide, subject complained of feeling warm and light headed, but not in pain. Needle was removed and subject passed out briefly and was laid down immediately and legs elevated. BP 121/60, subject woke up quickly and had no complaints. Procedure aborted","2018-01-09",,,"VASOVAGAL REACTION","Not related","Definitely","2018-01-09","Moderate",1,,"Recovered/Resolved",,"Not related",,"Not related","Not related","Not related","Not related","Not related",,"No",,,,,,,,,,,,,,,,,,
4,4,6115,27,"sc",2018-01-30,2018-01-30,"New adverse event","No",,,,,,,,,,,,,,,,,,,,"No",,,,,,,,,,,,"Single occurrence","Yes","seen on screening labs and treated. start date based on PI review date of labs.","2017-12-01",,,"abnormal urinalysis","Not related","Not related","2017-11-21","Mild",1,,"Recovered/Resolved",,"Not related",,"Not related","Not related","Not related","Not related","Not related",,"No",,,,,,,,,,,,,,,,,,
4,4,6115,27,"bl",,2018-03-06,"New adverse event","No",,,,,,,,,,,,,,,,,,,,"No",,,,,,,,,,,,"Single occurrence","Yes","infected tooth","2018-02-23",,,"infected tooth","Not related","Not related","2018-02-16","Mild",2,,"Recovered/Resolved",,"Not related",,"Not related","Not related","Not related","Not related","Not related",,"No",,,,,,,,,,,,,,,,,,
4,4,6118,45,"bl",2018-01-02,2018-01-09,"New adverse event","No",,,,,,,,,,,,,,,,,,,,"No",,,,,,,,,,,,"Intermittent - daily","Yes","Participant came down with common cold symptoms of coughing, watery eyes, runny nose, and throat irritation. As of 12/28/2017, the participant is still recovering but no longer needs cough drops. The PI believes this AE is NCS.","2017-12-29",,,"Common cold","Not related","Not related","2017-11-16","Mild",1,,"Recovered/Resolved",,"Not related",,"Not related","Not related","Not related","Not related","Not related",,"No",,,,,,,,,,,,,,,,,,
4,4,6144,27,"bl",2018-01-04,2018-01-04,"New adverse event","No",,,,,,,,,,,,,,,,,,,,"No",,,,,,,,,,,,"Single occurrence","No","during LP","2018-01-03",,,"vagal event","Not related","Definitely","2018-01-03","Mild",1,,"Recovered/Resolved",,"Not related",,"Not related","Not related","Not related","Not related","Not related",,"No",,,,,,,,,,,,,,,,,,
4,4,6144,27,"bl",2018-01-04,2018-01-04,"New adverse event","No",,,,,,,,,,,,,,,,,,,,"No",,,,,,,,,,,,"Single occurrence","No","URI with details below, no treatment utilized",,,,"upper respritory infection","Not related","Not related","2017-12-28","Mild",2,,"Not recovered/Not resolved",,"Not related",,"Not related","Not related","Not related","Not related","Not related",,"No",,,,,,,,,,,,,,,,,,
4,4,6145,11,"sc",2017-12-22,2017-12-22,"New adverse event","No",,,,,,,,,,,,,,,,,,,,"No",,,,,,,,,,,,"Single occurrence","Yes","P.I. noted that screening labs indicated possible UTI based on bacteria and squamous epithelials in urine. Informed participant 12/18/17, advised f/u with primary physician. Participant had not reported having any symptoms. On 12/20/17 participant reported primary physician prescribed Bactrium 800/160mg BID for 10 days. Participant started Bactrium on 12/19/17.",,,,"Urinary Tract Infection","Not related","Not related","2017-12-07","Mild",1,,"Not recovered/Not resolved",,"Not related",,"Not related","Not related","Not related","Not related","Not related",,"No",,,,,,,,,,,,,,,,,,
4,4,6146,49,"bl",2018-01-24,2018-02-13,"New adverse event","No",,,,,,,,,,,,,,,,,,,,"No",,,,,,,,,,,,"Persistent","Yes","Participant reports experiencing symptoms commonly associated with a cold (cough, sinus congestion) starting on 1/10/18. Sinus congestion has resolved, though a cough has persisted for several days. The participant started using Delsym, 2 tsp twice a day, to combat cough.
JH 2/12/2018--Participant was called on 2/6/2018 to resolve questions from medical records. She reported that as of the pay prior, 2/5/2018, her cold symptoms had resolved.","2018-02-05",,,"Cold Symptoms","Not related","Not related","2018-01-10","Mild",1,,"Recovered/Resolved",,"Not related",,"Not related","Not related","Not related","Not related","Not related",,"No",,,,,,,,,,,,,,,,,,
4,4,6146,49,"bl",2018-01-24,2018-02-13,"New adverse event","No",,,,,,,,,,,,,,,,,,,,"No",,,,,,,,,,,,"Persistent","No","During LP follow-up phone call, participant reported a dull pain, or ""soreness"", in the area where the lumbar puncture was performed. She noted it was mild in severity.
JH 2018-01-31--Participant was called and she reported that her lower back pain was gone when she woke up on Wednesday, January 24th.","2018-01-24",,,"Lower Back Pain","Not related","Definitely","2017-01-22","Mild",2,,"Recovered/Resolved",,"Not related",,"Not related","Not related","Not related","Not related","Not related",,"No",,,,,,,,,,,,,,,,,,
4,4,6159,28,"bl",2018-02-21,2018-02-21,"New adverse event","No",,,,,,,,,,,,,,,,,,,,"Yes",,,,,,,,,,,,"Persistent","Yes","Participant went to Arizona on a trip and contracted strep throat",,,,"strep throat","Not related","Not related","2018-01-29","Mild",1,,"Recovering/Resolving",,"Not related","2","Not related","Not related","Not related","Not related","Not related",,"No",,,,,,,,,,,,,,,,,,
4,4,6159,28,"bl",2018-02-21,2018-02-21,"New adverse event","No",,,,,,,,,,,,,,,,,,,,"Yes",,,,,,,,,,,,"Persistent","Yes","Participant contracted uvulitis on trip to Arizona.",,,,"uvulitis","Not related","Not related","2018-01-29","Mild",2,,"Recovering/Resolving",,"Not related","1","Not related","Not related","Not related","Not related","Not related",,"No",,,,,,,,,,,,,,,,,,
4,4,6186,14,"bl",2018-03-06,2018-03-06,"New adverse event","No",,,,,,,,,,,,,,,,,,,,"No",,,,,,,,,,,,"Single occurrence","No","patient tripped on a curb and fell, bruising his right shoulder and right wrist.  He denies any dizziness, light headedness or loss of consciousness.  no x-rayswere done.  scrape was wrapped on wrist and patient was senthome.  He states the scrape is healing","2018-02-16",,,"patient fell and scraped right should and right wrist","Not related","Not related","2018-02-16","Mild",1,,"Recovered/Resolved",,"Not related",,"Not related","Not related","Not related","Not related","Not related",,"No",,,,,,,,,,,,,,,,,,
4,4,6192,28,"sc",2018-02-15,2018-02-15,"New adverse event","No",,,,,,,,,,,,,,,,,,,,"No",,,,,,,,,,,,"Single occurrence","No","Subject arrived to PET center for study, ADNI3 Tau (AV-1451). A 22 guage IV was placed in the left antecubital arm. Initial saline test flush okay, upon radiotracer injection, the subject moved arm, post injection. Swelling was noted at IV site. Subject didn't complain of swelling during injection or afterwards. There were no additional symptoms or complaints by the subject. IV was removed and bandaid placed at site. Dr. Gustavo Angarita reviewed site and okayed subject discharge. The PI, Dr. Christopher van Dyck was contacted and cancelled scanning portion of the study.","2018-02-13",,,"IV Infiltration of radioactive tracer","Not related","Not related","2018-02-13","Mild",1,,"Recovered/Resolved",,"Not related",,"Not related","Not related","Not related","Not related","Definitely",,"No",,,,,,,,,,,,,,,,,,
4,4,6207,13,"bl",2018-03-06,2018-03-06,"New adverse event","No",,,,,,,,,,,,,,,,,,,,"No",,,,,,,,,,,,"Single occurrence","No","after receiving tau tracer, participant felt weird in her chest with cold sensation in arms and body. Vital signs and 12-lead EKG were normal. No evidence of physical abnormality. Complete recovery at completion of scan. Fully recovered at discharge. Participant later revealed she was hungry prior to injection, possibly relative.","2018-02-28",,,"""felt weird in chest""","Possibly","Not related","2018-02-28","Mild",1,,"Recovered/Resolved",,"Not related",,"Not related","Not related","Not related","Not related","Possibly",,"No",,,,,,,,,,,,,,,,,,
