1,4,2,8,"m144",2017-10-27,2017-10-27,,"No",,"Participant Unable for Cognitive Reasons",
1,4,21,8,"m144",2018-01-29,2018-01-29,"Participant is interested, study partner is not interested,  Will send brochure to participant via mail.  DW","No",,"Participant/Study Partner Refused",
1,4,56,33,"m144",2017-11-29,2017-11-29,,"Yes",2017-11-29,,"Yes"
1,4,69,41,"m144",2018-01-31,2018-01-31,,"Yes",2018-01-31,,"Yes"
1,4,72,45,"m144",2017-10-30,2017-10-30,,"Yes",2017-10-24,,"Yes"
1,4,74,20,"m132",2017-02-17,2017-02-17,,"Yes",2017-01-17,,"Yes"
1,4,96,17,"m132",2017-03-15,2017-03-15,,"Yes",2017-03-16,,"Yes"
1,4,106,45,"m132",2017-10-19,2017-10-19,,"Yes",2017-10-19,,"Yes"
1,4,112,47,"m132",2017-12-06,2017-12-06,"Not called for by protocol - participant has AD diagnosis.","No",,"Other Reason",
1,4,120,20,"m132",2017-04-03,2017-04-03,,"Yes",2017-03-29,,"Yes"
1,4,127,58,"m132",2017-09-13,2017-09-13,,"Yes",2017-08-23,,"Yes"
1,4,150,27,"m132",2017-09-12,2017-09-12,,"No",,"Participant Unable for Cognitive Reasons",
1,4,156,25,"m144",2017-10-25,2017-10-25,"BHR brochures not IRB-approved at our site.","No",,"Other Reason",
1,4,159,16,"m132",2017-06-05,2017-06-05,,"No",,"Other Reason",
1,4,178,16,"m132",2017-05-26,2017-05-26,,"No",,"Other Reason",
1,4,210,58,"m144",2017-12-06,2017-12-06,,"No",,"Participant/Study Partner Refused",
1,4,259,47,"m132",2017-11-16,2017-11-16,"Participant AD - not called for by protocol","No",,"Other Reason",
1,4,298,45,"m132",2017-10-19,2017-10-19,,"Yes",2017-10-19,,"Yes"
1,4,303,27,"m132",2017-04-12,2017-04-12,,"No",,"Participant/Study Partner Refused",
1,4,337,16,"m132",2017-06-22,2017-06-22,,"No",,"Other Reason",
1,4,377,27,"m132",2017-03-16,2017-03-16,,"Yes",2017-03-13,,"Yes"
1,4,413,1,"m132",2017-06-21,2017-06-21,,"Yes",2017-06-21,,"Yes"
1,4,416,43,"m132",2017-07-26,2017-07-26,,"Yes",2017-07-28,,"No"
1,4,454,27,"m132",2017-09-21,2017-09-21,,"No",,"Participant Unable for Other Reasons (Physical, auditory, etc.)",
1,4,467,27,"m132",2017-09-13,2017-09-13,,"No",,"Participant Unable for Cognitive Reasons",
1,4,473,58,"m132",2017-10-27,2017-10-27,,"Yes",2017-10-23,,"Yes"
1,4,498,4,"m132",2017-11-22,2017-11-22,,"Yes",2017-10-23,,"Yes"
1,4,602,3,"m132",2017-11-20,2017-11-20,"The brochure is online and the online ID was e-mailed to the subject.","Yes",2017-11-17,,"No"
1,4,610,3,"m132",2017-09-15,2017-09-15,"I did not have a printed brochure so I sent the brochure material and study partner flyer via e-mail and included the Online ID.","Yes",2017-09-15,,"No"
1,4,626,16,"m132",2017-05-26,2017-05-26,"not participating","No",,"Other Reason",
1,4,677,23,"m132",2017-07-18,2017-07-18,,"No",,"Other Reason",
1,4,684,47,"m132",2017-09-09,2017-09-09,,"Yes",2017-09-08,,"Yes"
1,4,698,5,"m132",2017-09-28,2017-09-28,,"No",,"Participant Unable for Cognitive Reasons",
1,4,731,4,"m132",2017-09-21,2017-09-21,,"Yes",2017-09-07,,"Yes"
1,4,734,24,"m132",2017-10-19,2017-10-19,"After doing the CBB, the subject refused to take the brochures home. He thought the CBB was too long and provided no feedback. He stated he not want to participate in BHR or BBB at home. MLD","Yes",2017-10-13,,"Yes"
1,4,751,6,"m132",2017-07-13,2017-07-13,,"Yes",2017-07-12,,"Yes"
1,4,767,55,"m132",2017-06-22,2017-06-22,,"Yes",2017-06-22,,"Yes"
1,4,802,58,"m132",2017-07-07,2017-07-07,,"Yes",2017-06-29,,"Yes"
1,4,907,2,"m132",2018-03-02,2018-03-02,"refuse because of the lack of computer- subject was 96 years old","No",,"Participant Unable for Other Reasons (Physical, auditory, etc.)",
1,4,908,2,"m132",2018-02-14,2018-02-14,,"Yes",2017-10-20,,"Yes"
1,4,969,50,"m132",2017-10-26,2017-10-26,,"Yes",2017-05-22,,"Yes"
1,4,1016,24,"m132",2017-12-21,2017-12-21,,"Yes",2017-12-05,,"Yes"
1,4,1052,55,"m120",2017-06-02,2017-06-02,,"Yes",2017-06-01,,"Yes"
1,4,1078,27,"m120",2017-02-27,2017-02-27,,"No",,"Participant Unable for Cognitive Reasons",
1,4,1098,24,"m132",2017-12-21,2017-12-21,"Subject not required to do CBB per protocol, so did not give her brochure with her online ID on it. Did give study partner a brochure.","Yes",2017-12-01,,"No"
1,4,1122,2,"m120",2017-05-19,2017-05-19,,"Yes",2017-05-18,,"No"
1,4,1155,1,"m120",2017-04-24,2017-04-24,"BHR not approved with site IRB","No",,"Other Reason",
1,4,1169,23,"m132",2017-12-21,2017-12-21,,"No",,"Other Reason",
1,4,1190,18,"m132",2017-11-13,2017-11-13,,"Yes",2017-10-23,,"Yes"
1,4,1222,5,"m132",2018-01-11,2018-01-11,,"Yes",2017-12-18,,"Yes"
1,4,1261,1,"m120",2017-03-29,2017-03-29,"Still being approved by site IRB","No",,"Other Reason",
1,4,1280,1,"m120",2017-03-03,2017-03-03,"Still being approved by site IRB","No",,"Other Reason",
1,4,1286,41,"m132",2018-02-13,2018-02-13,,"Yes",2018-02-01,,"Yes"
1,4,1300,45,"m120",2017-10-24,2017-10-24,,"Yes",2017-06-26,,"Yes"
1,4,1378,55,"m120",2017-07-13,2017-07-13,,"Yes",2017-07-13,,"Yes"
1,4,1427,47,"m120",2017-10-20,2017-10-20,"not called for by protocol - participant has AD","No",,"Other Reason",
2,4,2061,25,"m84",2017-09-20,2017-09-20,"Our site has not obtained IRB approval","No",,"Other Reason",
2,4,2068,18,"m84",2017-11-01,2017-11-01,"participant does not have a home computer and is not interested in using any outside the home computers","No",,"Other Reason",
2,4,2119,23,"m84",2017-06-28,2017-06-28,,"No",,"Other Reason",
2,4,2121,37,"m84",2018-03-06,2018-03-06,,"Yes",2018-02-07,,"Yes"
2,4,2133,13,"m84",2018-01-31,2018-01-31,,"Yes",2018-01-10,,"Yes"
2,4,2146,47,"m84",2017-10-11,2017-10-11,,"No",,"Participant/Study Partner Refused",
2,4,2155,13,"m84",2017-09-07,2017-09-07,,"Yes",2017-09-06,,"Yes"
2,4,2180,13,"m84",2017-09-27,2017-09-27,,"Yes",2017-09-27,,"Yes"
2,4,2183,20,"m72",2017-02-17,2017-02-17,,"Yes",2017-01-18,,"Yes"
2,4,2184,58,"m84",2017-10-20,2017-10-20,,"Yes",2017-10-09,,"Yes"
2,4,2185,11,"m84",2017-09-02,2017-09-02,"not interested","No",,"Participant/Study Partner Refused",
2,4,2187,58,"m84",2017-07-21,2017-07-21,,"No",,"Participant/Study Partner Refused",
2,4,2196,33,"m84",2017-09-28,2017-09-28,"Per study partner, participant has significant difficulty in using a computer and would not be able to complete the online assessment(s).","No",,"Participant Unable for Cognitive Reasons",
2,4,2201,38,"m84",2017-10-19,2017-10-19,,"Yes",2017-10-11,,"Yes"
2,4,2219,20,"m72",2017-02-17,2017-02-17,,"Yes",2017-01-24,,"Yes"
2,4,2238,38,"m84",2018-01-17,2018-01-17,,"Yes",2018-01-11,,"Yes"
2,4,2239,19,"m72",2017-03-30,2017-03-30,"We are still waiting for IRB approval of recruitment materials.  This will be mailed to participant when available.","No",,"Other Reason",
2,4,2245,20,"m72",2017-02-02,2017-02-02,,"Yes",2017-01-04,,"Yes"
2,4,2263,17,"m72",2017-04-05,2017-04-05,,"Yes",2017-04-04,,"Yes"
2,4,2301,33,"m72",2017-08-08,2017-08-08,,"Yes",2017-08-08,,"Yes"
2,4,2304,33,"m72",2018-02-27,2018-02-27,,"Yes",2017-08-16,,"Yes"
2,4,2308,11,"m72",2017-08-14,2017-08-14,,"No",,"Participant/Study Partner Refused",
2,4,2315,58,"m72",2017-09-22,2017-09-22,,"Yes",2017-09-20,,"Yes"
2,4,2332,49,"m72",2017-05-12,2017-05-12,,"Yes",2017-05-11,,"Yes"
2,4,2333,55,"m84",2017-12-20,2017-12-20,,"Yes",2017-12-20,,"Yes"
2,4,2373,50,"m72",2017-11-07,2017-11-07,"Patient has a diagnosis of Alzheimer's Disease","No",,"Other Reason",
2,4,2374,2,"m72",2017-12-13,2017-12-13,,"Yes",2017-11-14,,"Yes"
2,4,2379,17,"m72",2017-06-01,2017-06-01,,"Yes",2017-05-17,,"Yes"
2,4,2392,43,"m72",2017-08-04,2017-08-04,,"Yes",2017-08-03,,"Yes"
2,4,2394,5,"m72",2017-08-14,2017-08-14,,"Yes",2017-08-14,,"Yes"
2,4,2403,50,"m72",2017-07-07,2017-07-07,,"Yes",2017-07-06,,"Yes"
3,4,4003,39,"m84",2017-12-13,2017-12-13,,"Yes",2017-12-13,,"Yes"
3,4,4028,27,"m72",2017-11-07,2017-11-07,,"Yes",2017-11-07,,"Yes"
3,4,4030,27,"m72",2017-09-20,2017-09-20,,"No",,"Participant Unable for Cognitive Reasons",
3,4,4036,59,"m72",2018-02-14,2018-02-14,"not IRB approved","No",,"Other Reason",
3,4,4061,58,"m72",2017-09-28,2017-09-28,,"Yes",2017-09-26,,"Yes"
3,4,4067,58,"m72",2017-07-28,2017-07-28,,"Yes",2017-07-27,,"Yes"
3,4,4071,27,"m72",2017-03-27,2017-03-27,,"Yes",2017-03-27,,"Yes"
3,4,4072,33,"m72",2017-08-29,2017-08-29,,"Yes",2017-08-25,,"Yes"
3,4,4076,40,"m72",2017-10-17,2017-10-17,,"No",,"Site Error",
3,4,4084,19,"m72",2017-08-07,2017-08-07,,"Yes",2017-08-07,,"Yes"
3,4,4086,40,"m72",2017-12-05,2017-12-05,"Subject unable due to no computer, his age not computer savy","No",,"Participant Unable for Other Reasons (Physical, auditory, etc.)",
3,4,4100,59,"m72",2017-10-26,2017-10-26,"Not IRB approved","No",,"Other Reason",
3,4,4105,8,"m72",2017-12-07,2017-12-07,"Not interested","No",,"Participant/Study Partner Refused",
3,4,4114,25,"m72",2017-09-20,2017-09-20,"IRB approval not obtained","No",,"Other Reason",
3,4,4115,18,"m72",2018-01-19,2018-01-19,,"Yes",2018-01-11,,"Yes"
3,4,4119,2,"m72",2017-11-09,2017-11-09,,"Yes",2017-11-01,,"Yes"
3,4,4148,47,"m72",2017-09-08,2017-09-08,,"Yes",2017-07-20,,"Yes"
3,4,4150,4,"m72",2017-11-22,2017-11-22,,"Yes",2017-10-02,,"Yes"
3,4,4160,55,"m72",2017-06-21,2017-06-21,,"Yes",2017-06-19,,"Yes"
3,4,4164,18,"m72",2017-12-19,2017-12-19,,"Yes",2017-12-18,,"Yes"
3,4,4168,3,"m72",2017-09-15,2017-09-15,"I did not have a printed brochure so I sent the brochure material and study partner flyer via e-mail and included the Online ID.","Yes",2017-09-15,,"No"
3,4,4169,19,"m72",2017-09-01,2017-09-01,,"Yes",2017-08-31,,"Yes"
3,4,4170,45,"m72",2017-10-19,2017-10-19,,"Yes",2017-10-19,,"Yes"
3,4,4176,24,"m72",2018-02-01,2018-02-01,,"Yes",2018-01-10,,"Yes"
3,4,4177,24,"m72",2018-02-02,2018-02-02,,"Yes",2018-01-24,,"Yes"
3,4,4179,24,"m72",2018-02-05,2018-02-05,,"Yes",2018-01-24,,"Yes"
3,4,4184,33,"m72",2018-01-24,2018-01-24,,"Yes",2017-10-30,,"Yes"
3,4,4185,3,"m72",2017-10-30,2017-10-30,"The brochure was sent via e-mail; we never received brochures or flyers.","Yes",2017-10-30,,"No"
3,4,4187,59,"m72",2017-07-14,2017-07-14,"Not yet approved at site","No",,"Other Reason",
3,4,4197,47,"m72",2017-12-07,2017-12-07,,"No",,"Participant/Study Partner Refused",
3,4,4198,47,"m72",2017-12-04,2017-12-04,,"Yes",2017-10-05,,"Yes"
3,4,4210,47,"m72",2017-10-13,2017-10-13,,"Yes",2017-09-20,,"Yes"
3,4,4213,1,"m72",2017-08-18,2017-08-18,,"Yes",2017-08-10,,"Yes"
3,4,4214,27,"m60",2017-03-01,2017-03-01,,"Yes",2017-02-17,,"Yes"
3,4,4229,1,"m72",2017-09-28,2017-09-28,,"Yes",2017-09-14,,"Yes"
3,4,4234,38,"m72",2018-01-25,2018-01-25,,"No",,"Other Reason",
3,4,4254,16,"m60",2017-05-01,2017-05-01,,"No",,"Unknown",
3,4,4272,5,"m72",2018-01-18,2018-01-18,,"Yes",2018-01-16,,"Yes"
3,4,4276,16,"m60",2017-04-15,2017-04-15,"not doing at Duke site","No",,"Other Reason",
3,4,4277,23,"m72",2017-11-21,2017-11-21,,"No",,"Other Reason",
3,4,4278,8,"m72",2017-12-06,2017-12-06,"Not interested in doing more Computer based testing.","No",,"Participant/Study Partner Refused",
3,4,4288,2,"m72",2018-03-01,2018-03-01,,"Yes",2017-09-26,,"Yes"
3,4,4292,59,"m72",2017-08-18,2017-08-18,"Not IRB approved","No",,"Other Reason",
3,4,4293,14,"m72",2017-06-08,2017-06-08,"Brochure not submitted for IRB approval","No",,"Other Reason",
3,4,4294,50,"m72",2017-11-10,2017-11-10,,"Yes",2017-10-18,,"Yes"
3,4,4299,54,"m72",2017-11-06,2017-11-06,,"Yes",2017-10-27,,"Yes"
3,4,4301,47,"m72",2017-12-06,2017-12-06,,"No",,"Participant/Study Partner Refused",
3,4,4302,27,"m60",2017-02-02,2017-02-02,,"No",,"Participant/Study Partner Refused",
3,4,4308,27,"m60",2017-08-16,2017-08-16,,"Yes",2017-08-14,,"Yes"
3,4,4313,13,"m72",2017-10-23,2017-10-23,,"Yes",2017-10-13,,"Yes"
3,4,4324,6,"m72",2017-07-11,2017-07-11,,"Yes",2017-07-10,,"Yes"
3,4,4332,58,"m72",2017-07-14,2017-07-14,,"Yes",2017-07-05,,"Yes"
3,4,4335,16,"m72",2017-06-05,2017-06-05,,"No",,"Other Reason",
3,4,4340,58,"m72",2017-10-25,2017-10-25,,"Yes",2017-07-25,,"Yes"
3,4,4343,50,"m60",2017-11-09,2017-11-09,,"Yes",2017-04-25,,"Yes"
3,4,4351,54,"m72",2017-11-17,2017-11-17,,"Yes",2017-10-31,,"Yes"
3,4,4352,50,"m72",2017-11-09,2017-11-09,,"Yes",2017-06-27,,"Yes"
3,4,4354,2,"m60",2017-11-10,2017-11-10,,"Yes",2017-06-13,,"Yes"
3,4,4356,52,"m72",2017-09-19,2017-09-19,,"Yes",2017-09-18,,"Yes"
3,4,4365,59,"m72",2017-09-20,2017-09-20,"not IRB approved","No",,"Other Reason",
3,4,4367,14,"m60",2017-05-11,2017-05-11,"BHR not approved by IRB yet","No",,"Other Reason",
3,4,4369,49,"m72",2017-06-13,2017-06-13,,"Yes",2017-06-13,,"Yes"
3,4,4387,5,"m72",2017-10-24,2017-10-24,,"Yes",2017-10-24,,"Yes"
3,4,4388,6,"m72",2017-07-21,2017-07-21,,"Yes",2017-07-19,,"Yes"
3,4,4389,26,"m72",2017-11-16,2017-11-16,,"Yes",2017-11-08,,"Yes"
3,4,4396,49,"m72",2018-01-05,2018-01-05,,"Yes",2017-12-20,,"Yes"
3,4,4399,13,"m72",2017-07-14,2017-07-14,"participant registered at ADRC","No",,"Other Reason",
3,4,4400,13,"m72",2017-08-23,2017-08-23,,"Yes",2017-08-21,,"Yes"
3,4,4401,11,"m72",2017-09-02,2017-09-02,,"No",,"Participant/Study Partner Refused",
3,4,4405,50,"m60",2017-07-18,2017-07-18,,"Yes",2017-07-18,,"Yes"
3,4,4410,27,"m60",2017-03-01,2017-03-01,,"Yes",2017-02-21,,"Yes"
3,4,4414,25,"m60",2017-11-01,2017-11-01,"not IRB approved at our site.","No",,"Other Reason",
3,4,4415,50,"m72",2017-09-26,2017-09-26,,"Yes",2017-09-26,,"Yes"
3,4,4417,50,"m60",2017-08-08,2017-08-08,,"Yes",2017-08-08,,"Yes"
3,4,4419,16,"m60",2017-05-26,2017-05-26,,"No",,"Other Reason",
3,4,4422,49,"m60",2017-04-06,2017-04-06,"Participant was given BHR brochure but study partner was not.","No",,"Site Error",
3,4,4424,58,"m72",2017-08-07,2017-08-07,,"Yes",2017-08-07,,"Yes"
3,4,4428,37,"m72",2018-01-12,2018-01-12,,"Yes",2017-12-18,,"Yes"
3,4,4429,23,"m72",2017-12-12,2017-12-12,,"No",,"Other Reason",
3,4,4430,26,"m72",2017-11-15,2017-11-15,,"Yes",2017-11-09,,"Yes"
3,4,4431,58,"m72",2017-10-03,2017-10-03,,"Yes",2017-09-25,,"Yes"
3,4,4441,2,"m60",2017-04-11,2017-04-11,,"Yes",2017-04-10,,"Yes"
3,4,4446,52,"m60",2017-06-20,2017-06-20,,"Yes",2017-06-12,,"Yes"
3,4,4448,18,"m72",2017-12-07,2017-12-07,,"Yes",2017-12-06,,"Yes"
3,4,4464,25,"m72",2018-01-03,2018-01-03,,"Yes",2018-01-03,,"Yes"
3,4,4466,54,"m72",2017-12-15,2017-12-15,,"Yes",2017-12-05,,"Yes"
3,4,4469,41,"m72",2017-11-30,2017-11-30,,"Yes",2017-11-29,,"Yes"
3,4,4473,1,"m60",2017-03-29,2017-03-29,"Not approved by site IRB yet","No",,"Other Reason",
3,4,4482,54,"m72",2017-10-19,2017-10-19,,"Yes",2017-10-17,,"Yes"
3,4,4485,4,"m60",2017-09-16,2017-09-16,,"Yes",2017-08-15,,"Yes"
3,4,4488,5,"m72",2017-09-12,2017-09-12,,"Yes",2017-09-12,,"Yes"
3,4,4489,52,"m60",2017-06-07,2017-06-07,,"Yes",2017-06-05,,"Yes"
3,4,4502,18,"m72",2017-11-16,2017-11-16,,"No",,"Participant Unable for Cognitive Reasons",
3,4,4520,54,"m72",2017-11-21,2017-11-21,,"Yes",2017-11-08,,"Yes"
3,4,4536,54,"m72",2017-11-21,2017-11-21,,"Yes",2017-11-02,,"Yes"
3,4,4538,26,"m60",2017-11-02,2017-11-02,,"Yes",2017-11-02,,"Yes"
3,4,4547,8,"m60",2017-08-22,2017-08-22,,"No",,"Participant Unable for Cognitive Reasons",
3,4,4548,14,"m60",2017-06-27,2017-06-27,"not yet approved by IRB","No",,"Other Reason",
3,4,4556,41,"m60",2017-11-21,2017-11-21,,"Yes",2017-11-09,,"Yes"
3,4,4576,11,"m60",2017-08-15,2017-08-15,,"No",,"Participant/Study Partner Refused",
3,4,4598,52,"m60",2017-07-31,2017-07-31,,"Yes",2017-07-24,,"Yes"
3,4,4604,47,"m60",2017-10-26,2017-10-26,,"Yes",2017-08-01,,"Yes"
3,4,4612,6,"m60",2017-07-27,2017-07-27,,"Yes",2017-07-26,,"Yes"
3,4,4620,5,"m72",2017-12-12,2017-12-12,,"Yes",2017-12-12,,"Yes"
3,4,4637,5,"m60",2017-10-09,2017-10-09,,"Yes",2017-10-09,,"Yes"
3,4,4644,2,"m60",2018-03-02,2018-03-02,,"Yes",2017-06-06,,"Yes"
3,4,4649,38,"m72",2018-01-17,2018-01-17,,"Yes",2017-12-27,,"Yes"
3,4,4654,1,"m60",2017-05-04,2017-05-04,"Just got approved through our IRB and waiting to receive flyers","No",,"Other Reason",
3,4,4659,16,"m60",2017-06-18,2017-06-18,,"No",,"Other Reason",
3,4,4674,19,"m60",2017-07-28,2017-07-28,"Waiting for copies of brochure to be made.  Will give/mail brochure to subject at next contact.","No",,"Equipment/Technical related issue",
3,4,4706,27,"m60",2017-10-17,2017-10-17,,"No",,"Participant Unable for Cognitive Reasons",
3,4,4715,26,"m60",2017-10-13,2017-10-13,,"Yes",2017-10-12,,"Yes"
3,4,4722,52,"m60",2017-06-23,2017-06-23,,"Yes",2017-06-20,,"Yes"
3,4,4723,52,"m60",2017-06-23,2017-06-23,,"Yes",2017-06-20,,"Yes"
3,4,4744,16,"m60",2017-08-03,2017-08-03,,"No",,"Unknown",
3,4,4765,47,"m60",2017-12-07,2017-12-07,"Participant is AD, so per protocol, was not invited to the BHR.","No",,"Other Reason",
3,4,4767,33,"m60",2017-06-05,2017-06-05,,"Yes",2017-06-05,,"Yes"
3,4,4782,33,"m60",2017-08-30,2017-08-30,,"Yes",2017-08-29,,"Yes"
3,4,4785,25,"m48",2017-12-06,2017-12-06,"BHR materials not IRB-approved at our site.","No",,"Other Reason",
3,4,4799,1,"m60",2017-05-26,2017-05-26,,"Yes",2017-05-18,,"Yes"
3,4,4804,20,"m48",2017-02-14,2017-02-14,"Subject is Telephone Contact Only and will not be participating in either Cogstate or the Brain Health Registry.","Yes",2016-12-21,,"Yes"
3,4,4817,50,"m60",2017-11-09,2017-11-09,,"Yes",2017-04-18,,"Yes"
3,4,4827,8,"m60",2017-09-05,2017-09-05,,"No",,"Participant Unable for Cognitive Reasons",
3,4,4835,14,"m60",2017-07-18,2017-07-18,"Not approved by IRB","No",,"Other Reason",
3,4,4868,13,"m60",2017-08-04,2017-08-04,,"Yes",2017-08-04,,"Yes"
3,4,4869,20,"m48",2017-02-17,2017-02-17,,"Yes",2017-01-20,,"Yes"
3,4,4873,20,"m48",2017-02-14,2017-02-14,"Our site did not have the brochure at the time of the visit, so participant was provided the brochure via mail at a later date.","Yes",2017-02-06,,"Yes"
3,4,4883,50,"m60",2017-11-09,2017-11-09,,"Yes",2017-08-15,,"Yes"
3,4,4889,13,"m60",2017-12-04,2017-12-04,,"Yes",2017-12-04,,"Yes"
3,4,4893,8,"m60",2017-11-10,2017-11-10,,"No",,"Participant Unable for Cognitive Reasons",
3,4,4900,2,"m60",2017-11-09,2017-11-09,,"Yes",2017-10-30,,"Yes"
3,4,4919,20,"m48",2017-02-14,2017-02-14,"Site was not provided the brochure until after the visit was conducted. The brochure was sent to participant via mail.","Yes",2017-02-06,,"Yes"
3,4,4926,20,"m48",2017-02-21,2017-02-21,,"Yes",2017-02-20,,"Yes"
3,4,4928,47,"m60",2017-10-04,2017-10-04,"Other reason: Participant is AD therefore per protocol, does not do the BHR.","No",,"Other Reason",
3,4,5004,17,"m48",2017-03-24,2017-03-24,,"Yes",2017-03-21,,"Yes"
3,4,5079,20,"m48",2017-04-27,2017-04-27,,"Yes",2017-04-26,,"Yes"
3,4,5083,20,"m48",2017-02-24,2017-02-24,,"Yes",2017-02-22,,"Yes"
3,4,5091,41,"m60",2018-02-06,2018-02-06,,"Yes",2018-01-30,,"Yes"
3,4,5093,20,"m48",2017-03-10,2017-03-10,,"Yes",2017-03-09,,"Yes"
3,4,5109,20,"m48",2017-04-06,2017-04-06,,"Yes",2017-04-05,,"Yes"
3,4,5113,52,"m48",2017-07-08,2017-07-08,,"Yes",2017-07-05,,"Yes"
3,4,5118,20,"m48",2017-09-25,2017-09-25,,"Yes",2017-08-01,,"Yes"
3,4,5124,59,"m60",2018-02-14,2018-02-14,"not irb approved","No",,"Other Reason",
3,4,5126,27,"m48",2017-05-26,2017-05-26,,"Yes",2017-05-08,,"Yes"
3,4,5130,2,"m60",2017-12-20,2017-12-20,,"Yes",2017-12-06,,"Yes"
3,4,5132,47,"m48",2017-10-09,2017-10-09,,"No",,"Participant/Study Partner Refused",
3,4,5140,15,"m48",2018-03-02,2018-03-02,,"Yes",2017-11-21,,"Yes"
3,4,5158,21,"m48",2018-02-10,2018-02-10,"BHR recruitment material not yet IRB approved by site","No",,"Other Reason",
3,4,5169,20,"m48",2017-05-26,2017-05-26,,"Yes",2017-05-25,,"Yes"
3,4,5170,20,"m48",2017-09-25,2017-09-25,,"Yes",2017-06-21,,"Yes"
3,4,5175,50,"m48",2017-06-06,2017-06-06,,"Yes",2017-06-06,,"Yes"
3,4,5176,6,"m48",2017-09-27,2017-09-27,,"Yes",2017-09-27,,"Yes"
3,4,5177,16,"m48",2017-06-27,2017-06-27,,"No",,"Other Reason",
3,4,5178,1,"m48",2017-06-06,2017-06-06,,"Yes",2017-05-30,,"Yes"
3,4,5185,47,"m48",2017-09-11,2017-09-11,,"Yes",2017-08-14,,"Yes"
3,4,5193,59,"m48",2017-07-20,2017-07-20,"Not yet IRB approved","No",,"Other Reason",
3,4,5194,16,"m48",2017-08-03,2017-08-03,,"No",,"Unknown",
3,4,5198,24,"m48",2017-12-04,2017-12-04,,"Yes",2017-11-27,,"Yes"
3,4,5200,47,"m48",2017-07-14,2017-07-14,,"Yes",2017-07-07,,"Yes"
3,4,5203,15,"m48",2017-10-18,2017-10-18,,"Yes",2017-10-17,,"Yes"
3,4,5222,27,"m48",2017-05-12,2017-05-12,,"Yes",2017-05-08,,"Yes"
3,4,5228,47,"m48",2017-10-25,2017-10-25,,"Yes",2017-10-24,,"Yes"
3,4,5230,1,"m48",2017-08-14,2017-08-14,,"Yes",2017-08-03,,"Yes"
3,4,5236,16,"m48",2017-08-15,2017-08-15,,"No",,"Site Error",
3,4,5237,16,"m48",2017-08-21,2017-08-21,,"No",,"Site Error",
3,4,5259,24,"m48",2017-12-21,2017-12-21,,"Yes",2017-11-27,,"Yes"
3,4,5265,5,"m48",2017-09-29,2017-09-29,,"Yes",2017-09-18,,"Yes"
3,4,5266,47,"m48",2017-09-29,2017-09-29,,"Yes",2017-08-22,,"Yes"
3,4,5277,20,"m48",2017-08-16,2017-08-16,,"Yes",2017-08-15,,"Yes"
3,4,5278,37,"m48",2018-03-06,2018-03-06,,"Yes",2018-02-28,,"Yes"
3,4,5288,20,"m48",2017-09-13,2017-09-13,,"Yes",2017-09-13,,"Yes"
3,4,5289,23,"m36",2017-05-16,2017-05-16,,"No",,"Other Reason",
3,4,5290,19,"m48",2017-09-15,2017-09-15,,"Yes",2017-09-12,,"Yes"
4,4,6001,20,"bl",2017-03-14,2017-03-14,,"Yes",2017-01-19,,"Yes"
4,4,6002,20,"bl",2017-02-03,2017-02-03,,"Yes",2017-02-02,,"Yes"
4,4,6005,19,"bl",2017-03-20,2017-03-20,"Our site does not yet have IRB approval for the brochure.  Once approval is obtained the brochure will be given/mailed to the participant.","No",,"Other Reason",
4,4,6007,1,"bl",2017-04-24,2017-04-24,"BHR not approved by site IRB","No",,"Other Reason",
4,4,6008,55,"bl",2017-05-31,2017-05-31,,"Yes",2017-05-19,,"Yes"
4,4,6009,1,"bl",2017-06-05,2017-06-05,,"Yes",2017-05-16,,"Yes"
4,4,6013,17,"bl",2017-06-05,2017-06-05,,"No",,"Participant Unable for Cognitive Reasons",
4,4,6015,55,"bl",2017-06-02,2017-06-02,,"Yes",2017-06-01,,"Yes"
4,4,6016,40,"bl",2017-08-29,2017-08-29,,"Yes",2017-08-10,,"Yes"
4,4,6017,59,"bl",2017-07-20,2017-07-20,"Not IRB approved at the time","No",,"Other Reason",
4,4,6019,50,"bl",2017-06-15,2017-06-15,,"No",,"Participant/Study Partner Refused",
4,4,6024,47,"bl",2017-11-30,2017-11-30,,"Yes",2017-11-29,,"Yes"
4,4,6025,40,"bl",2017-09-14,2017-10-24,"ID 6QL6GC","Yes",2017-09-12,,"Yes"
4,4,6030,1,"bl",2017-07-25,2017-07-25,,"Yes",2017-07-25,,"Yes"
4,4,6031,27,"bl",2017-08-11,2017-08-11,,"Yes",2017-07-12,,"Yes"
4,4,6032,27,"bl",2017-08-21,2017-08-21,,"No",,"Participant/Study Partner Refused",
4,4,6033,19,"bl",2017-07-10,2017-07-10,"Waiting for IRB approval of brochure.","No",,"Other Reason",
4,4,6034,20,"bl",2017-07-13,2017-07-13,"PARTICIPANT DOES NOT HAVE A COMPUTER AT HOME AND WAS NOT INTERESTED","No",,"Participant/Study Partner Refused",
4,4,6035,50,"bl",2017-11-09,2017-11-09,,"Yes",2017-10-13,,"Yes"
4,4,6037,50,"bl",2017-09-28,2017-09-28,,"Yes",2017-07-26,,"Yes"
4,4,6038,40,"bl",2017-12-05,2017-12-05,"6QRFXW","Yes",2017-11-02,,"Yes"
4,4,6041,55,"bl",2017-08-08,2017-08-08,,"Yes",2017-08-07,,"Yes"
4,4,6043,50,"bl",2017-08-11,2017-08-11,,"Yes",2017-08-11,,"Yes"
4,4,6044,59,"bl",2017-07-20,2017-07-20,"Not yet IRB approved","No",,"Other Reason",
4,4,6045,33,"bl",2017-08-11,2017-08-11,,"Yes",2017-08-10,,"Yes"
4,4,6047,50,"bl",2017-09-28,2017-09-28,,"Yes",2017-08-02,,"Yes"
4,4,6051,58,"bl",2017-08-08,2017-08-08,,"Yes",2017-08-08,,"Yes"
4,4,6052,59,"bl",2017-08-23,2017-08-23,"not iRB approved","No",,"Other Reason",
4,4,6053,1,"bl",2017-08-31,2017-08-31,,"Yes",2017-08-24,,"Yes"
4,4,6054,59,"bl",2017-08-23,2017-08-23,"not irb approved","No",,"Other Reason",
4,4,6056,61,"bl",2017-09-05,2017-09-05,,"Yes",2017-08-17,,"Yes"
4,4,6057,43,"bl",2018-02-15,2018-02-15,,"Yes",2018-02-06,,"Yes"
4,4,6058,59,"bl",2017-09-21,2017-09-21,"not IRB approved","No",,"Other Reason",
4,4,6059,58,"bl",2017-12-04,2017-12-04,,"Yes",2017-11-20,,"Yes"
4,4,6061,55,"bl",2017-09-08,2017-09-08,,"Yes",2017-09-08,,"Yes"
4,4,6062,58,"bl",2017-12-05,2017-12-05,,"Yes",2017-11-27,,"Yes"
4,4,6063,43,"bl",2018-02-28,2018-02-28,,"Yes",2018-02-20,,"Yes"
4,4,6064,58,"bl",2018-01-09,2018-01-09,,"Yes",2018-01-09,,"Yes"
4,4,6065,58,"bl",2017-11-24,2017-11-24,,"Yes",2017-11-02,,"Yes"
4,4,6066,1,"bl",2017-09-19,2017-09-19,,"Yes",2017-09-07,,"Yes"
4,4,6067,2,"bl",2018-03-05,2018-03-05,,"Yes",2017-10-13,,"Yes"
4,4,6068,59,"bl",2017-08-31,2017-08-31,"not irb approved","No",,"Other Reason",
4,4,6069,17,"bl",2017-09-14,2017-09-14,,"Yes",2017-09-06,,"Yes"
4,4,6072,50,"bl",2017-09-05,2017-09-05,,"Yes",2017-09-01,,"No"
4,4,6075,55,"bl",2017-10-23,2017-10-23,,"Yes",2017-10-23,,"Yes"
4,4,6076,11,"bl",2017-10-24,2017-10-24,"Already registered in BHR.","No",,"Other Reason",
4,4,6080,59,"bl",2017-10-16,2017-10-16,,"No",,"Other Reason",
4,4,6082,49,"bl",2017-10-23,2017-10-23,"Participant was given the BHR brochure, but due to site error, the study partner was not given a BHR study partner flyer","No",,"Site Error",
4,4,6083,27,"bl",2017-11-27,2017-11-27,"NO COMPUTER AND REFUSES TO SEEK A COMPUTER FOR BHR/CBB","No",,"Equipment/Technical related issue",
4,4,6084,3,"bl",2017-11-20,2017-11-20,"The brochure is online and the Online ID was e-mailed to the subject.","Yes",2017-11-17,,"No"
4,4,6085,58,"bl",2017-12-05,2017-12-05,,"Yes",2017-11-21,,"Yes"
4,4,6088,26,"bl",2017-12-11,2017-12-11,,"Yes",2017-11-30,,"Yes"
4,4,6094,59,"bl",2017-11-03,2017-11-03,"not IRB approved","No",,"Other Reason",
4,4,6097,40,"bl",2017-12-07,2017-12-07,"Before entering study was a part of the program BHR #DDP9N","No",,"Other Reason",
4,4,6103,1,"bl",2017-11-22,2017-11-22,,"Yes",2017-11-21,,"Yes"
4,4,6104,52,"bl",2017-11-16,2017-11-16,,"Yes",2017-11-14,,"Yes"
4,4,6105,50,"bl",2018-03-02,2018-03-02,,"Yes",2017-12-05,,"Yes"
4,4,6110,52,"bl",2017-12-04,2017-12-04,,"Yes",2017-11-28,,"Yes"
4,4,6115,27,"bl",2018-02-27,2018-02-27,,"Yes",2018-02-27,,"Yes"
4,4,6116,55,"bl",2017-12-12,2017-12-12,,"Yes",2017-12-11,,"Yes"
4,4,6117,33,"bl",2017-12-13,2017-12-13,,"Yes",2017-12-13,,"Yes"
4,4,6118,45,"bl",2017-12-28,2017-12-28,,"Yes",2017-12-28,,"Yes"
4,4,6120,5,"bl",2018-02-09,2018-02-09,,"Yes",2017-11-28,,"Yes"
4,4,6125,27,"bl",2018-02-27,2018-02-27,,"Yes",2018-02-27,,"Yes"
4,4,6131,58,"bl",2018-02-23,2018-02-23,,"Yes",2018-02-16,,"Yes"
4,4,6134,26,"bl",2018-01-24,2018-01-24,,"No",,"Site Error",
4,4,6142,58,"bl",2018-01-03,2018-01-03,"Not performed per protocol for AD subjects.","No",,"Other Reason",
4,4,6146,49,"bl",2018-01-18,2018-01-18,,"Yes",2018-01-17,,"Yes"
4,4,6151,58,"bl",2018-02-23,2018-02-23,,"Yes",2018-02-01,,"Yes"
4,4,6157,62,"bl",2018-02-23,2018-02-23,,"Yes",2018-02-21,,"Yes"
4,4,6158,2,"bl",2018-02-23,2018-02-23,,"Yes",2018-02-23,,"Yes"
4,4,6163,6,"bl",2018-02-28,2018-02-28,,"Yes",2018-02-27,,"Yes"
4,4,6164,41,"bl",2018-02-15,2018-02-15,"subject already registered w/ BHR","Yes",2018-02-08,,"Yes"
4,4,6178,55,"bl",2018-02-23,2018-02-23,,"Yes",2018-02-21,,"Yes"
4,4,6179,26,"bl",2018-02-26,2018-02-26,,"Yes",2018-02-20,,"Yes"
4,4,6183,20,"bl",2018-02-08,2018-02-08,,"Yes",2018-02-08,,"Yes"
4,4,6184,19,"bl",2018-02-06,2018-02-06,,"Yes",2018-02-05,,"Yes"
4,4,6186,14,"bl",2018-02-22,2018-02-22,,"Yes",2018-01-19,,"Yes"
4,4,6189,26,"bl",2018-02-26,2018-02-26,,"Yes",2018-02-12,,"Yes"
4,4,6202,19,"bl",2018-03-05,2018-03-05,,"Yes",2018-03-02,,"Yes"
4,4,6207,13,"bl",2018-02-26,2018-02-26,,"Yes",2018-02-20,,"Yes"
4,4,6209,4,"bl",2018-02-28,2018-02-28,,"Yes",2018-02-27,,"Yes"
4,4,6234,4,"bl",2018-03-07,2018-03-07,,"Yes",2018-03-06,,"Yes"
