1,3,55,"m108",13,2015-07-10,,2,6,,,,,,,,,,,,
1,3,96,"m120",16,2016-05-02,,1,,2016-03-07,1407,1,220,83,360,74,2,"Superventricular Rhythm. Nonspecific T wave abnormality",1,1,
1,3,112,"m120",47,2016-08-17,,1,,2016-02-05,1005,1,372,88,418,61,2,"Sinus rhythm with 1st degree AV block with premature atrial complexes.  Voltage criteria for left ventricular hypertrophy.  Minor ST elevation, consider early repolarization, Abnormal when compared to 2012 ECG.  No significant change.",1,1,
1,3,142,"m120",13,2016-02-11,,1,,2016-02-10,1258,1,190,76,406,66,1,,1,1,"QT/QTc 388/406 ms"
1,3,303,"m120",26,2016-05-25,,1,,2016-04-27,1356,1,192,94,,59,2,"sinus rhythm, slow Normal variant ECG",1,1,"Reviewed past medical history with PI which included part history radiation treatments in 2003 and 4 CT scans since. PI approved pt. for tau PET."
1,3,377,"m120",26,2016-07-21,,1,,2016-06-08,1021,1,208,108,422,59,1,,1,1,
1,3,467,"m120",26,2016-06-14,,1,,2016-06-13,1127,1,158,90,412,63,1,,1,1,
1,3,545,"m120",48,2016-09-13,,1,,2016-06-03,1215,1,193,164,441,67,2,"Right BBB; old infarct",1,2,
1,3,668,"m108",55,2015-10-02,,1,,2015-09-29,844,1,190,90,364,74,1,,1,1,
1,3,668,"m120",55,2016-10-24,,1,,2016-09-15,833,1,186,90,420,67,1,,1,1,
1,3,677,"m120",22,2016-07-22,2016-07-22,1,,2016-07-19,852,1,162,90,478,46,2,"Marked sinus Bradycardia",1,1,"QTcBraz 418 ms"
1,3,722,"m108",55,2015-10-08,,1,,2015-10-01,902,1,170,142,422,64,2,"NSR nonspecific intraventricular block. I wave abnormality consider inferior ischemia.",1,1,
1,3,800,"m108",55,2015-09-25,,1,,2015-09-24,1005,1,256,94,450,51,2,"1st degree AV block, L Afib",1,1,
1,3,800,"m120",55,2016-09-09,,1,,2016-09-08,1053,1,228,90,400,54,2,"Sinus bradycardia w/1st degree AV block; Left anterior fascicular block",1,1,"The abnormal reading was represented in the participants 108mth visit."
1,3,925,"m108",47,2016-01-14,,1,,2015-11-04,1048,1,116,102,440,63,1,,1,1,
1,3,925,"m120",47,2016-12-22,,1,,2016-11-16,1157,1,134,112,477,75,2,"Normal sinus rhythm, Left anterior fascicular block. Abnormal ECG.",1,2,
1,3,1190,"m108",17,2016-05-19,,1,,2016-05-17,1431,1,130,128,414,69,1,,1,1,
1,3,1414,"m96",55,2015-10-20,,1,,2015-10-01,1145,2,,90,344,89,2,"atrial fibrillation",1,1,"No PR interval due to atrial fibrillation"
1,3,1427,"m108",47,2016-10-07,,1,,2016-08-12,801,1,158,122,460,63,2,"Normal sinus rhythm.  Right bundle branch block.",1,1,
2,3,2002,"m72",48,2016-07-14,,1,,2016-06-09,1059,1,223,106,379,78,2,"NCS; OTcB 432; no changes compared to prior.",1,1,
2,3,2073,"m72",1,2016-10-04,,1,,2016-09-27,1134,1,156,57,420,56,2,"Bradycardia",1,1,
2,3,2133,"m60",13,2015-12-07,,2,6,,,,,,,,,,,,
2,3,2146,"m60",47,2015-11-20,,1,,2015-10-02,919,1,150,90,445,55,1,,1,1,"""sinus bradycrdia, otherwise normal ECG"""
2,3,2155,"m60",13,2015-12-04,,2,6,,,,,,,,,,,,
2,3,2180,"m60",13,2016-01-29,2016-01-29,1,,2016-01-06,1351,1,156,84,414,61,1,,1,1,"QT/QTc: 414/416 ms"
2,3,2183,"m60",19,2015-12-21,,1,,2015-12-11,1148,1,151,93,385,60,1,,1,1,
2,3,2234,"m72",47,2017-01-27,,1,,2016-12-15,1233,1,202,96,414,56,2,"sinus bradycardia.  Left ventricular hypertrophy with repolarization abnormality",1,1,
2,3,2247,"m60",22,2016-04-20,,1,,2016-04-19,1055,1,160,144,444,48,2,"Marked sinus bracycardia - right bundle bunch block",1,1,
2,3,2263,"m60",16,2016-04-26,,1,,2016-03-18,1427,1,144,84,365,68,2,"Sinus bradycardia inferior infarct. Abnormality in II AVFI Probably old.",1,1,
2,3,2301,"m60",32,2016-03-03,,1,,2016-03-03,1000,1,162,108,426,56,2,"Sinus bradycardia, left anterior fascicular block",1,1,
2,3,2304,"m60",32,2016-03-18,2016-03-21,1,,2016-03-18,849,1,136,94,424,50,1,,1,1,
2,3,2336,"m60",19,2016-05-27,,1,,2016-05-06,1409,1,207,80,413,62,1,,1,1,
2,3,2367,"m60",37,2016-06-03,,1,,2016-05-17,936,1,167,137,430,59,2,"Sinus bradycardia. Right bundle branch block [120+ MS QRS duration, upright V1, 40+ MS S in I/AVL/V4/V5/V6]. Not clinically significant",1,1,
2,3,2394,"m60",5,2016-07-28,,1,,2016-07-19,907,1,260,136,393,58,2,"Sinus bradycardia with 1st degree A-V block. Left axis deviation. Right bundle branch block with secondary ST-T abnormalities.",1,1,
3,3,4003,"m60",38,2016-05-17,,1,,2016-04-05,1033,1,168,86,416,48,2,"Bradycardia.",1,1,
3,3,4036,"m60",58,2016-12-21,,1,,2016-01-12,1259,1,164,136,420,,2,"right bundle branch block",1,1,"Dr salloway signed off on this prior done ECG"
3,3,4071,"m48",26,2016-03-02,,1,,2015-11-11,1505,1,178,106,370,59,2,"sinus arrhythmia, consider premature supraventricular complexes, minimal high-lateral and lateral repolarization disturbance, probably aspecific change, flat or low negative T in 1 AVL v4 vs v6.",1,1,
3,3,4143,"m48",27,2015-10-26,,1,,2015-10-26,1138,1,148,81,407,62,2,"Not clinically significant: nonspecific T wave abnormality",1,1,
3,3,4162,"m60",37,2016-11-04,2016-11-11,1,,2016-10-26,1259,1,155,93,396,59,1,,1,1,
3,3,4197,"m48",47,2015-11-17,,1,,2015-10-16,1407,1,136,92,412,70,1,,1,1,
3,3,4198,"m48",47,2015-12-21,,1,,2015-10-16,1433,1,166,78,434,77,1,,1,1,
3,3,4200,"m48",27,2015-10-30,,1,,2015-10-28,1402,1,192,82,424,71,1,,1,1,
3,3,4234,"m36",37,2016-07-05,,1,,2016-05-05,1443,1,,160,432,65,2,"Atrial fibrilation with aberrant conduction or ventricular premature complexes right bundle branch block [120+ MS QRS duration, upright V1, 40+ MS S in I/AVL/V4/V5/V6]. Not clinically significant - known AF",1,1,
3,3,4262,"m48",1,2016-03-08,,1,,2016-02-22,1145,1,148,78,428,57,2,"sinus bradycardia - NCS",1,1,
3,3,4271,"m48",27,2015-10-28,,1,,2015-10-27,1232,1,181,108,417,52,1,,1,1,
3,3,4281,"m48",60,2015-10-26,,1,,2015-10-20,1341,1,212,76,388,66,1,,1,1,
3,3,4281,"m60",60,2016-10-18,,1,,2016-10-18,1445,1,200,76,388,68,1,,1,1,
3,3,4292,"m48",58,2017-02-07,,2,5,,,,,,,,,,,,
3,3,4299,"m48",55,2015-12-16,,1,,2015-11-05,1031,1,234,146,502,50,2,"Sinus bradycardia w/1st degree AV block, right bundle branch block.",1,2,"Ineligible due to QT interval- too high (474 females)"
3,3,4301,"m60",47,2016-12-05,,1,,2016-11-17,901,1,146,92,431,68,1,,1,1,
3,3,4309,"m60",60,2016-12-01,,1,,2016-11-29,924,1,180,98,428,63,2,"Sinus Rhythm/Left Anterior Fasicular Block (NCS)",1,1,
3,3,4313,"m48",13,2016-01-14,,2,6,,,,,,,,,,,,
3,3,4349,"m48",13,2016-01-11,,2,6,,,,,,,,,,,,
3,3,4356,"m48",60,2015-12-08,,1,,2015-12-08,806,1,160,96,408,64,2,"Sinus Rhythm/Posterior Infarct",1,1,"QTcB interval = 421 (Protocol states must not exceed 458 in males)"
3,3,4356,"m60",60,2016-12-14,,1,,2016-12-12,928,1,144,94,408,64,2,"Sinus Rhythm/Probable Posteriior Infarct (NCS)",1,1,
3,3,4380,"m48",41,2016-03-01,,1,,2016-02-24,1427,1,178,94,386,61,1,,1,1,
3,3,4399,"m48",13,2016-01-29,,1,,2016-01-07,1537,1,156,74,424,80,1,,1,1,"QT/QTc: 368/424 ms"
3,3,4400,"m48",13,2016-01-19,,2,6,,,,,,,,,,,,
3,3,4427,"m48",27,2016-03-23,,1,,2016-02-19,1736,1,170,102,395,52,1,,1,1,
3,3,4446,"m48",60,2016-02-18,,1,,2016-02-18,1317,1,172,82,388,84,1,,1,1,
3,3,4464,"m48",24,2016-06-08,,1,,2016-06-08,1343,1,170,100,438,55,2,"Sinus bradycardia, Nonspecific ST abnormality",1,1,
3,3,4482,"m48",55,2016-05-18,,1,,2016-04-20,1357,1,170,94,410,49,2,"sinus bradycardia, possible old inferior MI",1,1,
3,3,4510,"m48",27,2016-04-21,,1,,2016-03-22,951,1,149,82,368,58,1,,1,1,
3,3,4513,"m48",27,2016-03-04,,1,,2016-03-04,1134,1,190,126,399,56,1,,1,1,
3,3,4520,"m48",55,2016-06-09,2016-06-14,1,,2016-04-21,942,1,152,108,430,47,2,"Sinus Bradycardia",1,1,"Reviewed pts. medical record and HR range from 46-70 in clinic visits across past few years- is asymptomatic."
3,3,4531,"m48",41,2016-03-21,,1,,2016-03-21,918,1,40,173,510,64,2,"QT interval exceeds 458 recommended for male subject",1,2,
3,3,4536,"m48",55,2016-06-07,,1,,2016-05-17,1038,1,170,76,419,71,1,,1,1,
3,3,4548,"m48",59,2016-06-08,,1,,2016-05-20,1424,1,248,96,432,58,2,"Pacemaker",1,1,
3,3,4586,"m48",48,2016-07-12,,1,,2016-07-05,1321,1,159,117,404,59,2,"NS, stable",1,1,
3,3,4587,"m48",55,2016-05-27,,1,,2016-05-18,1252,1,224,66,414,56,2,"Sinus Bradycardia with 1st degree AV block.",1,1,
3,3,4597,"m48",13,2016-03-22,,2,1,,,,,,,,,,,,
3,3,4598,"m48",60,2016-04-07,,1,,2016-03-22,1133,1,136,96,456,58,1,,1,1,
3,3,4604,"m48",47,2016-08-17,,1,,2016-04-06,1243,1,220,100,452,53,1,,1,1,
3,3,4620,"m48",5,2016-07-18,,1,,2016-07-15,1143,1,168,124,451,81,2,"Normal sinus rhythm, low voltage QRS in chest leads, right bundle branch block with secondary ST-T abnormalities, left anterior fascicular block, bifascicular block.                When compared with ECG of 31OCT2013 16:21, no significant change was found.",1,1,
3,3,4630,"m48",37,2016-08-23,,1,,2016-05-31,1212,1,182,94,404,68,1,,1,1,
3,3,4631,"m48",55,2016-08-02,,1,,2016-07-27,1307,1,250,126,415,55,2,"Sinus Bradycardia with 1st degree AV block. Non Specific intraventricular block.",1,1,
3,3,4636,"m48",48,2016-07-18,,1,,2016-06-08,1220,1,199,146,465,54,1,,1,1,
3,3,4637,"m48",5,2016-08-01,,1,,2016-07-21,1139,1,148,96,419,74,2,"Normal sinus rhythm, left atrial enlargement, left anterior fascicular block, when compared with ECG of 02NOV2015 14:31 vent. rate has increased by 24 BPM.",1,1,
3,3,4643,"m48",9,2016-06-10,,1,,2016-04-28,1548,1,114,76,376,85,2,"Normal Sinus Rhythm, left atrial abnormality, non-specific T abnormality; when compare to ECG on 10/21/2013- no significant change was found. NCS",1,1,
3,3,4649,"m36",37,2016-11-11,,1,,2016-06-09,1030,1,175,118,387,84,1,,1,1,
3,3,4653,"m48",48,2016-07-12,,1,,2016-06-07,1303,1,182,95,434,61,1,,1,1,
3,3,4706,"m48",26,2016-04-05,,1,,2016-01-22,1456,1,176,100,464,50,2,"sinus brachycardia; intra atrial conduction delay",1,1,
3,3,4715,"m36",25,2015-06-04,,2,6,,,,,,,,,,,,
3,3,4722,"m48",60,2016-05-17,,1,,2016-05-10,1320,1,172,70,444,59,1,,1,1,
3,3,4723,"m48",60,2016-05-16,,1,,2016-05-10,1333,1,156,82,428,66,1,,1,1,
3,3,4742,"m48",48,2016-07-14,,1,,2016-06-15,1358,1,197,91,380,81,1,,1,1,
3,3,4765,"m48",47,2016-09-09,,1,,2016-06-17,930,1,238,108,414,55,2,"sinus bradycardia with 1st degree AV block, left axis deviation",1,1,
3,3,4767,"m48",32,2016-06-10,,1,,2016-06-07,920,1,114,78,383,52,1,,1,1,
3,3,4809,"m36",13,2015-06-23,,2,6,,,,,,,,,,,,
3,3,4809,"m48",13,2016-07-15,,1,,2016-06-28,1355,1,180,150,456,76,1,,1,1,"QT/QTc 406/456ms"
3,3,4815,"m36",55,2015-10-01,,1,,2015-09-29,1048,1,156,84,426,60,1,,1,1,
3,3,4815,"m48",55,2016-10-04,,2,6,,,,,,,,,,,,
3,3,4816,"m36",55,2015-10-20,,1,,2015-10-06,937,1,170,156,456,64,2,"LVH with QRS widening (? incomplete Left Bundle Branch Block) & repolarization abnormality.",1,2,
3,3,4835,"m48",59,2016-09-26,,1,,2016-07-14,1420,1,204,37,439,45,1,,1,1,
3,3,4842,"m48",48,2016-07-18,,1,,2016-07-18,1358,1,192,86,444,63,1,,1,1,
3,3,4858,"m48",37,2016-12-13,,1,,2016-11-10,1133,1,177,93,386,64,1,,1,1,
3,3,4862,"m24",55,2015-10-08,,1,,2015-10-06,844,1,154,108,404,63,1,,1,1,
3,3,4862,"m36",55,2016-12-13,,1,,2016-08-29,1247,1,148,112,397,50,1,,1,1,
3,3,4868,"m36",13,2015-08-17,,2,6,,,,,,,,,,,,
3,3,4868,"m48",13,2016-08-19,,1,,2016-08-18,1327,1,184,84,416,51,1,,1,1,"QT/QTc 416/383 ms"
3,3,4869,"m36",19,2016-02-10,,1,,2016-01-13,1027,1,192,87,519,42,2,"sinus bradycardia",1,1,
3,3,4889,"m36",13,2015-09-08,,2,6,,,,,,,,,,,,
3,3,4889,"m48",13,2016-09-14,,1,,2016-08-08,1156,1,280,96,393,67,1,,1,1,"QT/QTc = 372/393"
3,3,4919,"m36",19,2015-11-20,,1,,2015-11-12,1148,1,196,85,370,80,1,,1,1,
3,3,4926,"m36",19,2015-10-14,,1,,2015-10-06,1156,1,151,86,356,79,1,,1,1,
3,3,4928,"m48",47,2016-10-13,,1,,2016-09-20,1229,1,192,114,460,54,2,"sinus bradycardia, inferior infarct, age undetermined",1,2,"multiple ECGs performed - QTc always above 458."
3,3,4974,"m36",27,2015-11-09,,1,,2015-11-06,1329,1,187,101,415,75,1,,1,1,
3,3,5113,"m36",60,2016-04-11,,1,,2016-03-31,1316,1,176,94,420,58,1,,1,1,"Borderline Left Axis Deviation, Borderline T Abnormalities, Inferior Leads - NCS"
3,3,5200,"m24",47,2015-11-24,,1,,2015-10-02,1358,1,172,86,462,87,1,,1,1,
3,3,5222,"m24",26,2015-12-07,,1,,2015-11-17,1315,1,214,92,416,73,2,"Sinus rhythm, first degree AV block, intra atrial conduction delay (see ECG  for results)",1,1,
3,3,5242,"m24",59,2016-04-27,,1,,2015-08-17,1028,1,178,84,376,67,1,,1,1,
3,3,5266,"m24",47,2016-01-06,,1,,2015-10-26,1320,1,158,86,409,63,1,,1,1,
3,3,5269,"m24",60,2015-09-08,,1,,2015-09-02,924,1,144,86,384,69,2,"Sinus Rhythm/Probable Left Atrial Abnormality",1,1,
3,3,5269,"m36",60,2016-08-17,,1,,2016-08-16,1258,1,144,92,384,71,1,,1,1,
3,3,5273,"m24",60,2015-09-08,,1,,2015-08-27,1404,1,260,142,428,63,2,"Sinus or Ectopic Atrial Rhythm/Fist Degree AV Block/IVCD, Consider Atypical RBBB/Left Ventricular Hypertrophy/Probable Inferior Infarct, Old",1,1,
3,3,5273,"m36",60,2016-08-26,2016-08-26,1,,2016-08-25,1252,1,280,146,444,60,2,"Sinus rhythm/first degree av block/right bundle branch block/left ventricular hypertrophy/inferior infarct, possibly active.",1,1,
3,3,5277,"m24",19,2015-09-01,,1,,2015-08-31,1207,1,171,75,399,59,1,,1,1,
