1,1,1,10,"f",2006-03-15,,2006-03-15,"Philadelphia","PA",2,"Doctor's office;Direct mail",,
1,1,2,107,"sc",2006-03-24,,2006-03-24,"ST. LOUIS","MO",2,"Internal via database or research center",,
1,1,3,107,"sc",2006-03-24,,2006-03-24,"ST. LOUIS","MO",2,"Internal via database or research center",,
1,1,4,10,"sc",2006-05-03,,2006-05-03,"Philadelphia","PA",2,"Internal via database or research center",,
1,1,5,107,"sc",2006-03-24,,2006-03-24,"HANNIBAL","MO",2,"Web site",,
1,1,6,4,"sc",2006-03-21,,2006-03-21,"Cumberland","RI",2,"Internal via database or research center",,
1,1,7,10,"sc",2006-04-21,,2006-04-21,"Philadelphia","PA",2,"Other (specify below)",,"Caregiver Training"
1,1,8,107,"sc",2006-03-24,,2006-03-24,"CARROLTON","IL",2,"Internal via database or research center",,
1,1,9,10,"f",2006-03-15,,2006-03-15,"Philadelphia","PA",2,"Doctor's office;Direct mail",,
1,1,10,107,"sc",2006-03-24,,2006-03-24,"sparta","IL",2,"Internal via database or research center",,
1,1,11,107,"f",2006-03-24,,2006-03-24,"Godfrey","IL",2,"Internal via database or research center",,
1,1,13,10,"f",2006-03-15,,2006-03-15,"Philadelphia","PA",2,"Doctor's office;Direct mail",,
1,1,14,10,"sc",2006-11-27,,2006-11-27,"Phila","PA",2,"Internal via database or research center",,
1,1,15,4,"sc",2006-03-21,,2006-03-21,"Newton Highlands","MA",2,"Internal via database or research center",,
1,1,16,107,"sc",2006-03-24,,2006-03-24,"ST. LOUIS","MO",2,"Internal via database or research center",,
1,1,17,4,"f",2006-03-21,,2006-03-21,"Lowell","MA",2,"Major newspaper",,
1,1,21,107,"sc",2006-03-24,,2006-03-24,"ST. LOUIS","MO",2,"Internal via database or research center",,
1,1,22,107,"sc",2006-03-24,,2006-03-24,"st. Louis","MO",2,"Internal via database or research center",,
1,1,23,107,"sc",2006-03-24,,2006-03-24,"St. Louis","MO",2,"Internal via database or research center",,
1,1,25,4,"f",2006-03-21,,2006-03-21,"Lowell","MA",2,"Major newspaper",,
1,1,26,10,"f",2006-03-15,,2006-03-15,"Philadelphia","PA",2,"Doctor's office;Direct mail",,
1,1,27,11,"f",2006-03-29,,2005-09-29,"Lexington","KY",2,"Internal via database or research center",,
1,1,30,11,"sc",2006-03-15,,2005-09-29,"Lexington","KY",2,"Internal via database or research center",,
1,1,31,11,"sc",2006-03-16,,2005-10-03,"Lexington","KY",2,"Alzheimer's Association",,
1,1,32,11,"f",2006-03-29,,2005-10-04,"Frankfort","KY",2,"Internal via database or research center",,
1,1,33,6,"sc",2006-03-15,,2005-10-07,"Encino","CA",2,"Internal via database or research center",,
1,1,34,4,"f",2006-03-21,,2006-03-21,"Quincy","MA",2,"Internal via database or research center",,
1,1,35,4,"sc",2006-03-21,,2006-03-21,"North Hampton","NH",2,"Organization newsletter",,
1,1,36,4,"f",2006-03-21,,2006-03-21,"Boston","MA",2,"Internal via database or research center",,
1,1,37,6,"f",2006-03-15,,2005-10-13,"Ventura","CA",2,"Internal via database or research center",,
1,1,41,2,"sc",2006-03-15,,2006-03-15,"Rochester","MN",2,"Internal via database or research center",,
1,1,42,11,"sc",2006-03-16,,2005-10-18,"Lexington","KY",2,"Internal via database or research center",,
1,1,44,10,"sc",2006-03-15,,2005-10-19,"Philadelphia","PA",2,"Direct mail",,
1,1,47,4,"sc",2006-03-21,,2006-03-21,"Boxford","MA",2,"Internal via database or research center",,
1,1,48,6,"sc",2006-03-15,,2005-10-27,"Barstow","CA",2,"Internal via database or research center",,
1,1,49,11,"f",2006-03-29,,2005-10-27,"Georgetown","KY",2,"Internal via database or research center",,
1,1,52,107,"f",2006-03-24,,2006-03-24,"Wildwood","MO",2,"Internal via database or research center",,
1,1,53,107,"sc",2006-03-24,,2006-03-24,"St. Louis","MO",2,"Internal via database or research center",,
1,1,58,11,"sc",2006-03-16,,2005-11-09,"Frankfort","KY",2,"Word of mouth",,
1,1,61,11,"sc",2006-03-16,,2005-11-15,"Lexington","KY",2,"Internal via database or research center",,
1,1,64,107,"f",2006-03-24,,2006-03-24,"St. Louis","MO",2,"Internal via database or research center",,
1,1,65,107,"f",2006-03-24,,2006-03-24,"St. Louis","MO",2,"Internal via database or research center",,
1,1,66,10,"sc",2006-03-15,,2005-11-16,"Philadelphia","PA",2,"Doctor's office;Direct mail",,
1,1,68,2,"sc",2006-03-15,,2006-03-15,"Rochester","MN",2,"Internal via database or research center",,
1,1,69,4,"sc",2006-03-21,,2006-03-21,"South Easton","MA",2,"Internal via database or research center",,
1,1,70,2,"sc",2006-03-15,,2006-03-15,"Rochester","MN",2,"Internal via database or research center",,
1,1,73,11,"f",2006-03-29,,2005-11-28,"Lexington","KY",2,"Internal via database or research center",,
1,1,74,13,"sc",2006-03-17,,2005-11-30,"rochester","NY",2,"Internal via database or research center",,
1,1,78,11,"sc",2006-03-16,,2005-11-29,"Lexington","KY",2,"Internal via database or research center",,
1,1,81,11,"sc",2006-03-16,,2005-12-13,"Lexington","KY",2,"Web site",,
1,1,83,11,"sc",2006-03-16,,2005-12-01,"Frankfort","KY",2,"Internal via database or research center",,
1,1,84,11,"sc",2006-03-16,,2005-12-05,"Lexington","KY",2,"Internal via database or research center",,
1,1,85,94,"f",2008-06-04,,2005-12-06,"Amherst","NY",2,"Doctor's office",,
1,1,86,123,"sc",2006-04-03,,2006-03-27,"Lebanon","NH",2,"Doctor's office",,
1,1,93,11,"sc",2006-03-16,,2005-12-07,"Lexington","KY",2,"Alzheimer's Association",,
1,1,95,16,"sc",2006-03-19,,2006-03-19,"Atlanta","GA",2,"Major newspaper",,
1,1,96,10,"sc",2006-03-15,,2005-12-09,"Philadelphia","PA",2,"Doctor's office",,
1,1,97,8,"sc",2007-08-02,,2005-12-13,"New York","NY",2,"Doctor's office;Health Fair:  exhibit/conference;Internal via database or research center",,
1,1,99,11,"f",2006-03-29,,2005-12-12,"Richmond","KY",2,"Internal via database or research center",,
1,1,101,2,"sc",2006-03-15,,2006-03-15,"Rochester","MN",2,"Internal via database or research center",,
1,1,107,123,"sc",2006-03-16,,2006-02-27,"Lebanon","NH",2,"Organization newsletter",,
1,1,112,114,"sc",2006-03-15,,2006-03-15,"Madison","WI",2,"Internal via database or research center",,
1,1,116,13,"sc",2006-03-17,,2006-01-06,"rochester","NY",2,"Internal via database or research center",,
1,1,117,13,"f",2006-03-17,,2006-01-06,"rochester","NY",2,"Internal via database or research center",,
1,1,118,13,"sc",2006-03-17,,2006-01-13,"rochester","NY",2,"Internal via database or research center",,
1,1,119,13,"f",2006-03-17,,2006-01-13,"rochester","NY",2,"Internal via database or research center",,
1,1,120,13,"sc",2006-03-17,,2006-01-20,"rochester","NY",2,"Internal via database or research center",,
1,1,122,13,"f",2006-10-16,,2006-01-30,"Rochester","NY",2,"Internal via database or research center",,
1,1,124,13,"f",2006-03-17,,2006-01-27,"rochester","NY",2,"Internal via database or research center",,
1,1,125,20,"sc",2006-03-29,,2006-01-05,"West Haven","CT",2,"Major newspaper",,
1,1,126,11,"sc",2006-03-16,,2006-01-05,"Lexington","KY",2,"Internal via database or research center",,
1,1,128,2,"sc",2006-03-15,,2006-03-15,"Rochester","MN",2,"Internal via database or research center",,
1,1,129,10,"sc",2006-03-15,,2006-01-24,"Philadelphia","PA",2,"Doctor's office",,
1,1,130,10,"sc",2006-03-15,,2006-01-06,"Philadelphia","PA",2,"Doctor's office;Direct mail",,
1,1,132,115,"f",2006-03-21,,2005-12-30,"Anaheim","CA",2,"Internal via database or research center",,
1,1,133,16,"f",2006-03-19,,2006-03-19,"Atlanta","GA",2,"Internal via database or research center",,
1,1,134,115,"f",2006-03-21,,2006-01-03,"Santa Ana","CA",2,"Internal via database or research center",,
1,1,135,115,"sc",2006-03-16,,2006-01-06,"Huntington Beach","CA",2,"Internal via database or research center",,
1,1,136,124,"f",2006-03-15,,2005-12-13,"KING","NC",2,"Presentation",,
1,1,137,13,"f",2006-03-17,,2006-02-06,"rochester","NY",2,"Internal via database or research center",,
1,1,138,115,"sc",2006-03-16,,2006-01-09,"Newport Beach","CA",2,"Major newspaper",,
1,1,139,11,"sc",2006-03-16,,2006-01-10,"Lexington","KY",2,"Internal via database or research center",,
1,1,141,9,"sc",2006-04-04,,2006-04-04,"Durham","NC",2,"Other (specify below)",,"dukehealthline newspaper"
1,1,143,20,"f",2006-03-29,,2006-01-19,"Windsor Locks","CT",2,"Internal via database or research center",,
1,1,144,115,"f",2006-03-21,,2006-01-10,"Rolling Hills","CA",2,"Internal via database or research center",,
1,1,147,16,"sc",2006-03-19,,2006-03-19,"Atlanta","GA",2,"Internal via database or research center",,
1,1,148,115,"f",2006-03-21,,2006-01-12,"Laguna Hills","CA",2,"Internal via database or research center",,
1,1,149,44,"sc",2006-03-31,,2006-03-31,"Cupertino","CA",2,"Presentation;Doctor's office;Internal via database or research center;Other (specify below)",,"Presentation at MCI Support Group, Palo Alto VA"
1,1,152,44,"f",2006-03-31,,2006-03-31,"San Jose","CA",2,"Community newspaper",,
1,1,153,44,"f",2006-03-31,,2006-03-31,"San Jose","CA",2,"Community newspaper",,
1,1,156,6,"sc",2006-03-15,,2006-01-19,"West Hills","CA",2,"Internal via database or research center",,
1,1,158,124,"sc",2006-03-15,,2006-01-19,"KERNERSVILLE","NC",2,"Organization newsletter",,
1,1,159,9,"sc",2006-04-04,,2006-04-04,"Durham","NC",2,"Other (specify below)",,"dukehealthline"
1,1,160,44,"sc",2006-03-31,,2006-03-31,"San Jose","CA",2,"Community newspaper",,
1,1,163,115,"f",2006-03-21,,2006-01-19,"Costa Mesa","CA",2,"Major newspaper",,
1,1,166,87,"sc",2006-03-16,,2006-03-16,"Cleveland","OH",2,"Doctor's office",,
1,1,167,115,"sc",2006-03-16,,2006-01-20,"Orange","CA",2,"Internal via database or research center",,
1,1,168,107,"sc",2006-03-24,,2006-03-24,"St. Louis","MO",2,"Internal via database or research center",,
1,1,170,13,"f",2006-03-17,,2006-01-23,"rochester","NY",2,"Internal via database or research center",,
1,1,171,44,"sc",2006-03-31,,2006-03-31,"Sunnyvale","CA",2,"Doctor's office;Other (specify below)",,"Research approach at end of clinic follow-up visit at Palo Alto VA"
1,1,172,44,"sc",2006-03-31,,2006-03-31,"San Jose","CA",2,"Presentation;Doctor's office;Other organization;Word of mouth;Internal via database or research center;Other (specify below)",,"Presentation at GPEU where subject had gone for memory evaluation"
1,1,173,87,"sc",2006-03-16,,2006-03-16,"Cleveland","OH",2,"Doctor's office",,
1,1,175,13,"f",2006-03-17,,2006-02-03,"rochester","NY",2,"Internal via database or research center",,
1,1,178,9,"sc",2006-04-04,,2006-04-04,"Durham","NC",2,"Other (specify below)",,"dukehealthline"
1,1,179,13,"sc",2006-03-17,,2006-02-10,"rochester","NY",2,"Internal via database or research center",,
1,1,180,107,"f",2006-03-24,,2006-03-24,"Godfrey","IL",2,"Internal via database or research center",,
1,1,183,107,"sc",2006-03-24,,2006-03-24,"St. Louis","MO",2,"Internal via database or research center",,
1,1,184,123,"sc",2006-03-16,,2006-02-27,"Lebanon","NH",2,"Internal via database or research center",,
1,1,185,123,"f",2006-03-16,,2006-03-13,"Lebanon","NH",2,"Presentation",,
1,1,186,123,"sc",2006-03-16,,2006-02-06,"Lebanon","NH",2,"Presentation",,
1,1,187,16,"sc",2006-03-19,,2006-03-19,"Atlanta","GA",2,"Internal via database or research center",,
1,1,188,115,"sc",2006-03-16,,2006-01-26,"Santa Ana","CA",2,"Major newspaper",,
1,1,189,114,"f",2006-03-15,,2006-03-15,"Madison","WI",2,"Internal via database or research center",,
1,1,190,4,"sc",2006-03-21,,2006-03-21,"Somerville","MA",2,"Internal via database or research center",,
1,1,192,115,"f",2006-03-21,,2006-01-26,"Long Beach","CA",2,"Major newspaper",,
1,1,193,16,"f",2006-03-19,,2006-03-19,"Atlanta","GA",2,"Internal via database or research center",,
1,1,194,123,"sc",2006-04-03,,2006-04-03,"Lebanon","NH",2,"Community newspaper;Word of mouth",,
1,1,195,123,"sc",2006-03-16,,2006-03-06,"Lebanon","NH",2,"Doctor's office",,
1,1,196,123,"sc",2006-04-10,,2006-04-10,"Lebanon","NH",2,"Organization newsletter",,
1,1,200,115,"sc",2006-03-16,,2006-01-30,"Claremont","CA",2,"Other (specify below)",,"Flyer"
1,1,201,13,"f",2006-03-17,,2006-02-17,"rochester","NY",2,"Internal via database or research center",,
1,1,202,13,"f",2006-03-17,,2006-02-21,"rochester","NY",2,"Internal via database or research center",,
1,1,203,11,"f",2006-03-29,,2006-01-31,"Lexington","KY",2,"Internal via database or research center",,
1,1,204,6,"sc",2006-03-15,,2006-02-02,"Chatsworth","CA",2,"Internal via database or research center",,
1,1,205,115,"sc",2006-03-21,,2006-01-31,"Long Beach","CA",2,"Major newspaper",,
1,1,206,35,"f",2006-10-17,,2006-10-16,"West Palm Beach","FL",2,"Doctor's office",,
1,1,209,20,"f",2006-03-29,,2006-01-18,"Windsor","CT",2,"Internal via database or research center",,
1,1,211,124,"f",2006-03-15,,2006-01-19,"WINSTON-SALEM","NC",2,"Community newspaper;Organization newsletter",,
1,1,212,124,"f",2006-03-15,,2006-01-31,"WINSTON-SALEM","NC",2,"Organization newsletter",,
1,1,213,8,"sc",2007-08-02,,2007-08-02,"New York","NY",2,"Doctor's office;Health Fair:  exhibit/conference",,
1,1,214,16,"sc",2006-03-19,,2006-03-19,"Atlanta","GA",2,"Internal via database or research center",,
1,1,216,115,"sc",2006-03-21,,2006-02-06,"Lakewood","CA",2,"Major newspaper",,
1,1,217,11,"sc",2006-03-16,,2006-02-07,"Berea","KY",2,"Internal via database or research center",,
1,1,219,10,"sc",2006-03-23,,2006-03-23,"Philadelphia","PA",2,"Internal via database or research center",,
1,1,220,4,"f",2006-03-21,,2006-03-21,"Roslindale","MA",2,"Internal via database or research center",,
1,1,224,124,"f",2006-03-15,,2006-01-31,"WINSTON-SALEM","NC",2,"Organization newsletter",,
1,1,225,115,"sc",2006-03-21,,2006-02-08,"Long Beach","CA",2,"Major newspaper",,
1,1,226,115,"f",2006-03-21,,2006-02-08,"Garden Grove","CA",2,"Internal via database or research center",,
1,1,227,115,"sc",2006-03-21,,2006-02-09,"Dana Point","CA",2,"Major newspaper",,
1,1,228,87,"sc",2006-03-16,,2006-03-16,"Mentor","OH",2,"Magazine",,
1,1,229,115,"sc",2006-03-21,,2006-02-10,"Murietta","CA",2,"Word of mouth",,
1,1,230,115,"sc",2006-03-21,,2006-02-10,"Murietta","CA",2,"Word of mouth",,
1,1,231,9,"sc",2006-04-04,,2006-04-04,"Durham","NC",2,"Other (specify below)",,"dukehealthline"
1,1,239,113,"f",2006-03-16,,2006-03-16,"London","ON",1,"Doctor's office",,
1,1,241,107,"sc",2006-03-24,,2006-03-24,"St. Louis","MO",2,"Internal via database or research center",,
1,1,245,115,"sc",2006-03-21,,2006-02-16,"Anaheim","CA",2,"Major newspaper",,
1,1,246,107,"f",2006-03-24,,2006-03-24,"Chesterfield","MO",2,"Internal via database or research center",,
1,1,247,124,"f",2006-03-15,,2006-01-26,"WINSTON-SALEM","NC",2,"Organization newsletter",,
1,1,248,124,"f",2006-03-15,,2006-01-26,"WINSTON-SALEM","NC",2,"Organization newsletter",,
1,1,249,2,"sc",2006-03-15,,2006-03-15,"Rochester","MN",2,"Internal via database or research center",,
1,1,251,124,"f",2006-03-15,,2006-02-09,"MOCKSVILLE","NC",2,"Community newspaper",,
1,1,252,124,"f",2006-03-15,,2006-02-23,"MT. AIRY","NC",2,"Other (specify below)",,"MEMORY ASSESSMENT CLINIC"
1,1,254,35,"f",2006-10-17,,2006-03-27,"West Palm Beach","FL",1,"Doctor's office",,
1,1,256,13,"sc",2006-03-17,,2006-02-23,"rochester","NY",2,"Internal via database or research center",,
1,1,258,115,"sc",2006-03-21,,2006-02-21,"San Clemente","CA",2,"Other (specify below)",,"Flyer"
1,1,262,20,"sc",2006-03-29,,2006-02-22,"Hamden","CT",2,"Other (specify below)",,"wife is a patient"
1,1,265,106,"f",2006-03-17,,2006-03-17,"New York","NY",2,"Other publication",,
1,1,266,115,"sc",2006-03-21,,2006-02-22,"Fullerton","CA",2,"Major newspaper",,
1,1,267,11,"f",2006-03-16,,2006-02-23,"Lexington","KY",2,"Internal via database or research center",,
1,1,268,113,"f",2006-03-16,,2006-03-16,"London","ON",1,"TV;Other (specify below)",,"Alzheimer Society - St. Thomas"
1,1,269,44,"sc",2006-03-31,,2006-03-31,"San Jose","CA",2,"Doctor's office",,
1,1,270,10,"f",2006-03-15,,2006-02-24,"Philadelphia","PA",2,"Doctor's office;Direct mail",,
1,1,271,5,"f",2006-03-15,,2006-03-14,"Martinez","CA",2,"Internal via database or research center",,
1,1,272,115,"sc",2006-03-21,,2006-02-23,"Laguna Niguel","CA",2,"Major newspaper",,
1,1,273,9,"sc",2006-04-04,,2006-04-04,"Durham","NC",2,"Other (specify below)",,"dukehealthline"
1,1,274,124,"f",2006-03-15,,2006-02-21,"GREENSBORO","NC",2,"Other (specify below)",,"MEMORY ASSESSMENT CLINIC"
1,1,275,124,"f",2006-03-15,,2006-02-16,"OAK RIDGE","NC",2,"Organization newsletter",,
1,1,276,9,"sc",2006-04-04,,2006-04-04,"Durham","NC",2,"Other (specify below)",,"dukehealthline"
1,1,278,114,"f",2006-04-04,,2006-04-04,"Madison","WI",2,"Internal via database or research center",,
1,1,279,114,"f",2006-03-15,,2006-03-15,"Madison","WI",2,"Internal via database or research center",,
1,1,280,20,"f",2006-03-29,,2006-03-21,"Hamden","CT",2,"Other (specify below)",,"wife is a patient"
1,1,281,20,"f",2006-03-29,,2006-01-30,"Manchester","CT",2,"Internal via database or research center",,
1,1,282,20,"sc",2006-03-29,,2006-02-28,"Shelton","CT",2,"Web site",,
1,1,283,124,"sc",2006-03-15,,2006-01-26,"WINSTON-SALEM","NC",2,"Organization newsletter",,
1,1,287,10,"f",2006-05-08,,2006-05-08,"Philadelphia","PA",2,"Internal via database or research center",,
1,1,288,44,"sc",2006-03-14,,2006-03-14,"Menlo Park","CA",2,"Presentation;Internal via database or research center;Other (specify below)",,"MCI Support Group at Palo Alto VA"
1,1,292,6,"sc",2006-03-15,,2006-03-02,"Torrance","CA",2,"Internal via database or research center",,
1,1,293,2,"sc",2006-03-15,,2006-03-15,"Rochester","MN",2,"Internal via database or research center",,
1,1,295,101,"sc",2006-04-04,,2006-04-04,"Portland","OR",2,"Internal via database or research center",,
1,1,296,4,"sc",2006-03-15,,2006-03-14,"Somerset","MA",2,"Internal via database or research center",,
1,1,297,124,"f",2006-03-15,,2006-03-07,"GREENSBORO","NC",2,"TV",,
1,1,299,123,"sc",2006-04-25,,2006-04-24,"Lebanon","NH",2,"Doctor's office",,
1,1,300,123,"sc",2006-05-01,,2006-05-01,"Lebanon","NH",2,"Health Fair:  exhibit/conference",,
1,1,301,124,"sc",2006-03-15,,2006-01-26,"WINSTON-SALEM","NC",2,"Organization newsletter",,
1,1,306,13,"f",2006-04-27,,2006-04-27,"rochester","NY",2,"Internal via database or research center",,
1,1,307,13,"sc",2006-04-04,,2006-03-24,"rochester","NY",2,"Internal via database or research center",,
1,1,308,13,"f",2006-04-27,,2006-04-27,"rochester","NY",2,"Internal via database or research center",,
1,1,309,13,"f",2006-03-17,,2006-03-07,"rochester","NY",2,"Internal via database or research center",,
1,1,310,115,"sc",2006-03-21,,2006-03-07,"Sun City","CA",2,"Community newspaper",,
1,1,311,36,"sc",2006-05-19,,2006-05-10,"San Francisco","CA",2,"Word of mouth",,
1,1,312,36,"sc",2006-05-19,,2006-05-10,"san francisco","CA",2,"Word of mouth",,
1,1,314,20,"sc",2006-03-29,,2006-03-08,"Lyme","CT",2,"Major newspaper",,
1,1,316,2,"sc",2006-03-15,,2006-03-15,"Rochester","MN",2,"Internal via database or research center",,
1,1,319,118,"sc",2006-03-27,,2006-03-09,"Albany","NY",2,"Community newspaper",,
1,1,320,13,"f",2006-03-17,,2006-03-09,"rochester","NY",2,"Internal via database or research center",,
1,1,321,15,"sc",2006-03-27,,2006-03-27,"dallas","TX",2,"Internal via database or research center",,
1,1,323,1,"f",2006-03-16,,2006-03-13,"San Diego","CA",2,"Other (specify below)",,"ADRC Open House where ADNI  and various other studies were discussed"
1,1,324,1,"sc",2006-03-16,,2006-03-14,"San Diego","CA",2,"Community newspaper",,
1,1,326,107,"sc",2006-03-24,,2006-03-24,"St. Louis","MO",2,"Internal via database or research center",,
1,1,327,18,"sc",2006-03-22,,2006-03-13,"indianapolis","IN",2,"Other (specify below)",,"in core and heard at last visit from MD"
1,1,331,11,"sc",2006-03-16,,2006-03-13,"Elizabethtown","KY",2,"Doctor's office",,
1,1,332,9,"sc",2006-03-24,,2006-03-13,"Durham","NC",2,"Doctor's office;Word of mouth",,
1,1,333,11,"f",2006-03-16,,2006-03-13,"Somerset","KY",2,"Other organization",,
1,1,335,3,"sc",2006-03-23,,2006-03-15,"Baltimore","MD",2,"Doctor's office",,
1,1,337,9,"sc",2006-04-04,,2006-04-04,"Durham","NC",2,"Alzheimer's Association",,
1,1,338,11,"f",2006-03-16,,2006-03-14,"Somerset","KY",2,"Internal via database or research center",,
1,1,340,19,"f",2006-03-29,,2006-03-16,"Providence","RI",2,"Doctor's office",,
1,1,341,6,"sc",2006-03-21,,2006-03-16,"woodland Hills","CA",2,"Internal via database or research center",,
1,1,342,11,"f",2006-03-16,,2006-03-15,"Somerset","KY",2,"Major newspaper",,
1,1,343,9,"sc",2006-04-04,,2006-04-04,"Durham","NC",2,"Other (specify below)",,"Former Research Subject"
1,1,344,2,"sc",2006-04-24,,2006-04-24,"Rochester","MN",2,"Internal via database or research center",,
1,1,345,118,"f",2006-03-27,,2006-03-16,"Albany","NY",2,"Community newspaper",,
1,1,346,124,"f",2006-03-22,,2006-03-21,"PFAFFTOWN","NC",2,"Other (specify below)",,"BROCHURE AT BEST HEALTH"
1,1,349,124,"f",2006-03-29,,2006-03-28,"WINSTON-SALEM","NC",2,"Community newspaper",,
1,1,350,41,"f",2006-03-23,,2006-03-23,"Cohasset","MA",2,"Doctor's office",,
1,1,351,15,"sc",2006-03-27,,2006-03-27,"dallas","TX",2,"Internal via database or research center",,
1,1,353,13,"f",2006-04-27,,2006-04-27,"rochester","NY",2,"Internal via database or research center",,
1,1,354,111,"sc",2006-10-26,,2006-03-16,"Miami","FL",2,"Community newspaper",,
1,1,359,111,"sc",2006-10-26,,2006-03-17,"Miami","FL",2,"Community newspaper",,
1,1,360,5,"sc",2006-04-18,,2006-04-18,"Mi-Wuk Villiage","CA",2,"Word of mouth",,
1,1,361,5,"sc",2006-04-14,,2006-04-13,"Turlock","CA",2,"Web site",,
1,1,362,107,"sc",2006-03-24,,2006-03-24,"St. Louis","MO",2,"Internal via database or research center",,
1,1,366,124,"sc",2006-03-22,,2006-03-20,"WINSTON-SALEM","NC",2,"TV;Word of mouth",,
1,1,368,35,"f",2006-10-17,,2006-10-16,"West Palm Beach","FL",2,"Doctor's office",,
1,1,370,5,"sc",2006-04-14,,2006-04-13,"Martinez","CA",2,"Internal via database or research center",,
1,1,371,103,"f",2006-03-24,,2006-03-22,"Ann Arbor","MI",2,"Major newspaper",,
1,1,374,87,"sc",2006-04-06,,2006-04-06,"Cleveland","OH",2,"Alzheimer's Association",,
1,1,375,124,"f",2006-04-11,,2006-04-10,"WINSTON-SALEM","NC",2,"Organization newsletter",,
1,1,376,11,"sc",2006-03-24,,2006-03-23,"Berea","KY",2,"Internal via database or research center",,
1,1,377,18,"sc",2006-04-06,,2006-03-23,"indianapolis","IN",2,"Major newspaper",,
1,1,378,87,"sc",2006-04-11,,2006-04-11,"Cleveland","OH",2,"Organization newsletter",,
1,1,381,20,"f",2006-03-29,,2006-03-27,"Holyoke","MA",2,"Internal via database or research center",,
1,1,382,5,"sc",2006-05-04,,2006-05-04,"St. Helena","CA",2,"Internal via database or research center",,
1,1,383,118,"f",2006-03-28,,2006-03-27,"Albany","NY",2,"TV",,
1,1,384,118,"sc",2006-03-27,,2006-03-16,"Albany","NY",2,"Community newspaper",,
1,1,385,11,"f",2006-03-27,,2006-03-27,"Lexington","KY",2,"Internal via database or research center",,
1,1,386,36,"sc",2006-04-14,,2006-04-05,"San Francisco","CA",2,"Organization newsletter",,
1,1,387,11,"f",2006-03-28,,2006-03-28,"Lexington","KY",2,"Internal via database or research center",,
1,1,388,11,"sc",2006-03-28,,2006-03-28,"Lexington","KY",2,"Internal via database or research center",,
1,1,392,5,"sc",2006-05-24,,2006-05-23,"Napa","CA",2,"Internal via database or research center",,
1,1,394,114,"sc",2006-04-11,,2006-04-07,"Madison","WI",2,"Internal via database or research center",,
1,1,397,114,"sc",2006-04-26,,2006-04-25,"Madison","WI",2,"Word of mouth",,
1,1,398,114,"f",2006-06-02,,2006-06-01,"Madison","WI",2,"Internal via database or research center",,
1,1,400,16,"sc",2006-03-31,,2006-03-30,"Atlanta","GA",2,"Word of mouth",,
1,1,402,13,"f",2006-04-18,,2006-04-14,"rochester","NY",2,"Internal via database or research center",,
1,1,403,13,"sc",2006-04-12,,2006-04-07,"Rochester","NY",2,"Internal via database or research center",,
1,1,404,13,"sc",2006-04-11,,2006-04-07,"rochester","NY",2,"Internal via database or research center",,
1,1,405,113,"sc",2006-05-02,,2006-05-02,"London","ON",1,"Community newspaper",,
1,1,407,20,"sc",2006-04-04,,2006-04-03,"Lenox","MA",2,"Doctor's office",,
1,1,408,13,"sc",2006-04-25,,2006-04-24,"rochester","NY",2,"Internal via database or research center",,
1,1,409,118,"sc",2006-04-05,,2006-04-04,"Albany","NY",2,"Community newspaper",,
1,1,410,87,"sc",2006-04-25,,2006-04-05,"Cleveland","OH",2,"Organization newsletter",,
1,1,411,107,"f",2006-04-10,,2006-04-10,"collinsville","IL",2,"Internal via database or research center",,
1,1,413,101,"sc",2006-04-06,,2006-04-06,"Gales Creek","OR",2,"Internal via database or research center",,
1,1,414,2,"sc",2006-04-17,,2006-04-17,"Rochester","MN",2,"Internal via database or research center",,
1,1,416,87,"sc",2006-04-17,,2006-04-06,"Cleveland","OH",2,"Doctor's office",,
1,1,417,13,"sc",2006-04-27,,2006-04-27,"rochester","NY",2,"Internal via database or research center",,
1,1,419,106,"sc",2006-04-28,,2006-04-28,"New York","NY",2,"Web site;Other (specify below)",,"from brother"
1,1,420,106,"sc",2006-05-12,,2006-05-12,"New York","NY",2,"Other publication",,
1,1,421,19,"f",2006-04-10,,2006-04-07,"Providence","RI",2,"Doctor's office",,
1,1,422,106,"sc",2006-05-16,,2006-05-16,"New York","NY",2,"Other (specify below)",,"at Northwestern where wife's mother is being treated for AD"
1,1,423,117,"sc",2006-04-27,,2006-04-10,"COLUMBUS","OH",2,"Doctor's office",,
1,1,424,9,"sc",2006-04-10,,2006-04-10,"Durham","NC",2,"Other (specify below)",,"Duke Website"
1,1,426,123,"sc",2006-05-10,,2006-05-08,"Lebanon","NH",2,"Presentation",,
1,1,428,123,"f",2006-05-23,,2006-05-22,"Lebanon","NH",2,"Doctor's office",,
1,1,429,123,"sc",2006-06-06,,2006-06-05,"Lebanon","NH",2,"Doctor's office",,
1,1,432,18,"f",2006-04-18,,2006-04-12,"indianapolis","IN",2,"Major newspaper",,
1,1,433,120,"sc",2006-04-17,,2006-04-12,"Hartford","CT",2,"Presentation;Internal via database or research center",,
1,1,434,41,"sc",2006-04-12,,2006-04-12,"Brookline","MA",2,"Doctor's office",,
1,1,435,118,"f",2006-04-28,,2006-04-27,"Albany","NY",2,"Internal via database or research center",,
1,1,438,124,"sc",2006-04-13,,2006-04-11,"STATESVILLE","NC",2,"Web site",,
1,1,439,6,"f",2006-04-14,,2006-04-13,"Thousand Oaks","CA",2,"Alzheimer's Association",,
1,1,440,117,"f",2006-04-27,,2006-04-13,"COLUMBUS","OH",2,"Community newspaper",,
1,1,441,118,"sc",2006-04-17,,2006-04-13,"Albany","NY",2,"TV",,
1,1,443,124,"sc",2006-05-22,,2006-05-22,"WINSTON-SALEM","NC",2,"Community newspaper",,
1,1,445,36,"sc",2006-05-17,,2006-04-25,"San Francisco","CA",2,"Internal via database or research center",,
1,1,446,20,"sc",2006-04-25,,2006-04-25,"middletown","CT",2,"TV",,
1,1,447,20,"f",2006-05-05,,2006-04-07,"Roxbury","CT",2,"Community newspaper",,
1,1,449,117,"sc",2006-04-26,,2006-04-14,"Columbus","OH",2,"Doctor's office",,
1,1,454,18,"sc",2006-04-17,,2006-04-17,"indianapolis","IN",2,"Major newspaper",,
1,1,455,18,"f",2006-04-17,,2006-04-17,"indianapolis","IN",2,"Doctor's office",,
1,1,456,124,"f",2006-04-21,,2006-04-18,"GREENSBORO","NC",2,"Community newspaper",,
1,1,457,118,"sc",2006-04-17,,2006-04-17,"Albany","NY",2,"Community newspaper",,
1,1,458,87,"sc",2006-04-25,,2006-04-17,"Cleveland","OH",2,"Doctor's office",,
1,1,459,124,"sc",2006-04-19,,2006-04-17,"WINSTON-SALEM","NC",2,"Community newspaper",,
1,1,460,117,"sc",2006-05-31,,2006-04-08,"Columbus","OH",2,"Doctor's office",,
1,1,461,13,"sc",2006-05-04,,2006-05-04,"rochester","NY",2,"Internal via database or research center",,
1,1,462,9,"f",2006-04-18,,2006-04-18,"Durham","NC",2,"Other (specify below)",,"dukehealthline"
1,1,463,124,"f",2006-04-21,,2006-04-18,"BELMONT","NC",2,"Community newspaper",,
1,1,464,62,"sc",2006-05-03,,2006-04-28,"London","ON",1,"Internal via database or research center",,
1,1,466,44,"f",2006-04-25,,2006-04-25,"San Jose","CA",2,"Internal via database or research center",,
1,1,467,18,"sc",2006-04-19,,2006-04-12,"indianapolis","IN",2,"Major newspaper",,
1,1,468,120,"f",2006-04-20,,2006-04-19,"Hartford","CT",2,"Community newspaper",,
1,1,471,3,"f",2006-04-24,,2006-04-20,"Baltimore","MD",2,"Doctor's office",,
1,1,475,9,"f",2006-04-21,,2006-04-21,"Durham","NC",2,"Community newspaper",,
1,1,479,16,"sc",2006-04-26,,2006-04-26,"Atlanta","GA",2,"Alzheimer's Association",,
1,1,480,124,"f",2006-05-17,,2006-05-15,"WINSTON-SALEM","NC",2,"Direct mail",,
1,1,481,124,"sc",2006-05-03,,2006-05-02,"REIDSVILLE","NC",2,"Word of mouth",,
1,1,482,101,"f",2006-04-25,,2006-04-25,"Bremerton","WA",2,"Web site",,
1,1,484,103,"sc",2006-04-27,,2006-04-26,"Ann Arbor","MI",2,"Community newspaper",,
1,1,485,13,"sc",2006-05-02,,2006-04-28,"rochester","NY",2,"Internal via database or research center",,
1,1,486,86,"f",2006-04-28,,2006-04-25,"Washington","DC",2,"Internal via database or research center",,
1,1,487,5,"sc",2006-05-19,,2006-05-18,"San Andreas","CA",2,"Internal via database or research center",,
1,1,488,120,"sc",2006-05-01,,2006-04-26,"Hartford","CT",2,"Major newspaper",,
1,1,489,41,"sc",2006-05-02,,2006-04-26,"Brookline","MA",2,"Radio (specify station below)","forgot station",
1,1,490,6,"f",2006-04-27,,2006-04-27,"Canoga Park","CA",2,"Community newspaper",,
1,1,491,86,"f",2006-06-01,,2006-04-26,"Washington","DC",2,"Internal via database or research center",,
1,1,493,120,"sc",2006-05-04,,2006-04-26,"Hartford","CT",2,"Major newspaper",,
1,1,495,5,"f",2006-07-14,,2006-07-13,"Pittsburg","CA",2,"Alzheimer's Association",,
1,1,498,103,"sc",2006-04-28,,2006-04-27,"Ann Arbor","MI",2,"Radio (specify station below)","WJR 760",
1,1,499,19,"f",2006-05-18,,2006-04-27,"Providence","RI",2,"Doctor's office",,
1,1,500,115,"sc",2006-04-27,,2006-04-27,"Orange","CA",2,"Internal via database or research center",,
1,1,501,18,"sc",2006-05-02,,2006-04-28,"indianapolis","IN",2,"Doctor's office",,
1,1,504,115,"f",2006-05-02,,2006-04-28,"Orange","CA",2,"Major newspaper",,
1,1,505,117,"sc",2006-08-05,,2006-09-12,"COLUMBUS","OH",2,"Doctor's office",,
1,1,506,113,"sc",2006-05-11,,2006-05-11,"London","ON",1,"Community newspaper",,
1,1,511,52,"sc",2006-05-11,,2006-05-10,"Emporia","KS",2,"Internal via database or research center",,
1,1,512,52,"f",2006-05-10,,2006-05-10,"Mission","KS",2,"Internal via database or research center",,
1,1,513,52,"sc",2006-05-12,,2006-05-10,"Brookfield","MO",2,"Internal via database or research center",,
1,1,514,52,"sc",2006-05-12,,2006-05-12,"Lee's Summit","MO",2,"Internal via database or research center",,
1,1,515,52,"f",2006-05-15,,2006-05-12,"Lenexa","KS",2,"Internal via database or research center",,
1,1,516,52,"sc",2006-05-15,,2006-05-12,"Overland Park","KS",2,"Internal via database or research center",,
1,1,517,115,"sc",2006-05-02,,2006-05-01,"Orange","CA",2,"Major newspaper",,
1,1,520,110,"sc",2006-05-02,,2006-05-02,"Chicago","IL",2,"Community newspaper",,
1,1,521,103,"f",2006-05-04,,2006-05-03,"Ann Arbor","MI",2,"Other (specify below)",,"Cognitive Disorder Clinic Patient"
1,1,522,115,"sc",2006-05-02,,2006-05-02,"Orange","CA",2,"Major newspaper",,
1,1,523,41,"f",2006-05-04,,2006-05-03,"Brookline","MA",2,"Word of mouth",,
1,1,524,114,"f",2006-05-11,,2006-05-08,"Madison","WI",2,"Word of mouth",,
1,1,525,120,"sc",2006-05-03,,2006-05-03,"Hartfird","CT",2,"Major newspaper",,
1,1,526,41,"sc",2006-05-04,,2006-05-03,"Bridgewater","MA",2,"Doctor's office",,
1,1,527,6,"f",2006-05-09,,2006-05-04,"Harbor City","CA",2,"Web site",,
1,1,528,115,"sc",2006-05-04,,2006-05-03,"Sun City","CA",2,"Word of mouth",,
1,1,529,101,"f",2006-05-05,,2006-05-04,"Portland","OR",2,"Direct mail;Internal via database or research center",,
1,1,531,41,"sc",2006-05-04,,2006-05-04,"Montclair","NJ",2,"Doctor's office",,
1,1,532,117,"f",2006-06-12,,2006-05-04,"COLUMBUS","OH",1,"Doctor's office",,
1,1,535,30,"sc",2006-05-08,,2006-05-04,"Las Vegas","NV",2,"Community newspaper;Doctor's office",,
1,1,536,62,"f",2006-08-28,,2006-08-15,"London","ON",1,"Internal via database or research center",,
1,1,538,111,"sc",2006-10-26,,2006-05-05,"Miami","FL",2,"Major newspaper;Community newspaper",,
1,1,539,18,"sc",2006-05-10,,2006-05-08,"indianapolis","IN",2,"Doctor's office",,
1,1,540,20,"f",2006-05-09,,2006-04-07,"Mystic","CT",2,"Community newspaper",,
1,1,541,115,"f",2006-05-16,,2006-05-05,"Orange","CA",2,"E-mail",,
1,1,542,44,"sc",2006-05-10,,2006-05-09,"Palo Alto","CA",2,"Presentation;Web site",,
1,1,543,10,"sc",2006-05-15,,2006-05-11,"Philadelphia","PA",2,"Doctor's office;Direct mail",,
1,1,544,10,"sc",2006-05-09,,2006-05-09,"philadelphia","PA",2,"Doctor's office;Web site",,
1,1,545,115,"sc",2006-05-09,,2006-05-08,"Orange","CA",2,"Community newspaper",,
1,1,546,1,"sc",2006-05-16,,2006-05-09,"San Diego (La Jolla)","CA",2,"Presentation",,
1,1,547,103,"sc",2006-05-11,,2006-05-09,"Ann Arbor","MI",2,"Alzheimer's Association",,
1,1,548,110,"sc",2006-05-18,,2006-05-09,"River Forest","IL",2,"Other (specify below)",,"Ad placed on hospital phone when caller placed on hold"
1,1,549,20,"sc",2006-05-11,,2006-03-01,"Stamford","CT",2,"Community newspaper",,
1,1,552,18,"sc",2006-05-16,,2006-05-16,"INDIANAPOLIS","IN",2,"Doctor's office",,
1,1,553,1,"sc",2006-05-11,,2006-05-10,"La Jolla","CA",2,"Presentation;Other (specify below)",,"Heard of study at annual ADRC Open House"
1,1,554,15,"sc",2006-05-11,,2006-05-10,"dallas","TX",2,"Internal via database or research center",,
1,1,555,6,"sc",2006-05-16,,2006-05-11,"Pasadena","CA",2,"Community newspaper",,
1,1,556,120,"f",2006-05-11,,2006-05-10,"Hartford","CT",2,"Major newspaper",,
1,1,557,110,"sc",2006-06-07,,2006-06-06,"Chicago","IL",2,"Internal via database or research center",,
1,1,558,110,"sc",2006-06-08,,2006-05-18,"Northbrook","IL",2,"Internal via database or research center",,
1,1,559,101,"sc",2006-05-11,,2006-05-11,"Portland","OR",2,"Internal via database or research center",,
1,1,560,103,"f",2006-05-11,,2006-05-11,"Grand Rapids","MI",2,"Community newspaper",,
1,1,561,19,"f",2006-05-25,,2006-05-11,"Providence","RI",2,"Doctor's office",,
1,1,562,16,"f",2006-05-15,,2006-05-11,"Atlanta","GA",2,"Doctor's office",,
1,1,563,110,"sc",2006-06-08,,2006-05-11,"Chicago'","IL",2,"Internal via database or research center",,
1,1,564,18,"f",2006-05-12,,2006-05-12,"indianapolis","IN",2,"Doctor's office",,
1,1,565,36,"sc",2006-06-14,,2006-06-13,"San Francisco","CA",2,"Other (specify below)",,"VA Referral"
1,1,566,18,"sc",2006-05-22,,2006-05-12,"INDIANAPOLIS","IN",2,"Major newspaper",,
1,1,567,52,"sc",2006-05-12,,2006-05-08,"Merriam","KS",2,"Internal via database or research center",,
1,1,568,15,"sc",2006-05-16,,2006-05-12,"dallas","TX",2,"Doctor's office",,
1,1,570,10,"f",2006-05-17,,2006-05-17,"Philadelphia","PA",2,"Doctor's office;Direct mail",,
1,1,571,20,"f",2006-05-16,,2006-03-03,"mystic, ct","CT",2,"TV",,
1,1,572,1,"sc",2006-05-16,,2006-05-16,"La Jolla","CA",2,"Other (specify below)",,"Subject enrolled at ADRC; approached subject directly."
1,1,573,117,"f",2006-05-30,,2006-05-16,"COLUMBUS","OH",2,"Doctor's office",,
1,1,576,17,"sc",2006-05-17,,2006-05-16,"Middleburg","FL",2,"Major newspaper",,
1,1,577,17,"sc",2006-05-23,,2006-05-16,"Middleburg","FL",2,"Doctor's office;Word of mouth",,
1,1,578,30,"sc",2006-05-17,,2006-05-16,"Las Vegas","NV",2,"Doctor's office",,
1,1,579,123,"sc",2006-06-19,,2006-06-19,"Lebanon","NH",2,"Doctor's office",,
1,1,580,123,"f",2006-06-26,,2006-06-26,"Lebanon","NH",2,"Doctor's office",,
1,1,581,17,"f",2006-05-22,,2006-05-18,"St. Simons Island","FL",2,"Major newspaper",,
1,1,582,17,"f",2006-05-22,,2006-05-18,"St. Simons Island","GA",2,"Major newspaper",,
1,1,583,120,"f",2006-05-22,,2006-05-17,"Hartford","CT",2,"Major newspaper",,
1,1,585,13,"f",2006-06-05,,2006-05-26,"rochester","NY",2,"Internal via database or research center",,
1,1,587,101,"f",2006-05-18,,2006-05-17,"Lake Oswego","OR",2,"Direct mail;Internal via database or research center",,
1,1,588,18,"sc",2006-05-22,,2006-11-06,"INDIANAPOLIS","IN",2,"Doctor's office",,
1,1,590,111,"sc",2006-10-26,,2006-05-18,"Miami","FL",2,"Doctor's office",,
1,1,591,19,"f",2006-05-22,,2006-05-18,"Providence","RI",2,"Doctor's office",,
1,1,593,19,"f",2006-05-26,,2006-05-19,"Providence","RI",2,"Doctor's office",,
1,1,594,19,"f",2006-05-22,,2006-05-19,"Providence","RI",2,"Doctor's office",,
1,1,595,15,"f",2006-05-25,,2006-05-19,"Dallas","TX",2,"Internal via database or research center",,
1,1,596,35,"f",2006-10-17,,2006-10-15,"West Palm Beach","FL",2,"Doctor's office",,
1,1,597,44,"f",2006-07-20,,2006-07-20,"Mountain View","CA",2,"Other organization;Other (specify below)",,"Family Caregivers Alliance"
1,1,598,20,"sc",2006-05-25,,2006-02-22,"New London","CT",2,"Community newspaper",,
1,1,599,101,"f",2006-05-23,,2006-05-23,"Portland","OR",2,"Internal via database or research center",,
1,1,600,18,"f",2006-05-24,,2006-05-23,"INDIANAPOLIS","IN",2,"Major newspaper",,
1,1,601,87,"sc",2006-06-01,,2006-06-01,"Cleveland","OH",2,"Radio (specify station below)","WCLV",
1,1,602,1,"sc",2006-05-24,,2006-05-23,"La Jolla","CA",2,"Major newspaper",,
1,1,604,11,"sc",2006-05-24,,2006-05-23,"Petersburg","IN",2,"Doctor's office",,
1,1,605,113,"sc",2006-05-25,,2006-05-25,"London","ON",1,"Major newspaper",,
1,1,606,113,"sc",2006-07-06,,2006-07-06,"London","ON",1,"Internal via database or research center",,
1,1,608,115,"sc",2006-05-24,,2006-05-23,"ORANGE","CA",2,"Other (specify below)",,"DR. JANATTI AT KAISER PERMANENTE"
1,1,609,44,"f",2006-05-25,,2006-05-24,"San Jose","CA",2,"Doctor's office;Other (specify below)",,"Referred by clinician at Stanford/VA Aging Clinical Research Center"
1,1,610,1,"sc",2006-05-25,,2006-05-24,"La Jolla","CA",2,"Major newspaper",,
1,1,611,115,"sc",2006-05-25,,2006-05-24,"Orange","CA",2,"Word of mouth",,
1,1,612,6,"f",2006-05-31,,2006-05-25,"LA","CA",2,"Internal via database or research center",,
1,1,613,11,"sc",2006-06-01,,2006-06-01,"Lexington","KY",2,"Doctor's office",,
1,1,614,16,"f",2006-05-25,,2006-05-25,"Atlanta","GA",2,"Major newspaper",,
1,1,615,124,"f",2006-06-14,,2006-06-12,"WINSTON-SALEN","NC",2,"Organization newsletter",,
1,1,617,124,"f",2006-06-02,,2006-05-30,"HICKORY","NC",2,"Doctor's office",,
1,1,618,15,"sc",2006-05-25,,2006-05-25,"Dallas","TX",2,"Community newspaper",,
1,1,619,101,"sc",2006-05-25,,2006-05-18,"Portland","OR",2,"Internal via database or research center",,
1,1,620,36,"f",2006-06-06,,2006-06-05,"San Francisco","CA",2,"Doctor's office;Word of mouth",,
1,1,622,114,"sc",2006-05-30,,2006-05-30,"Madison","WI",2,"Community newspaper",,
1,1,624,44,"f",2006-05-26,,2006-05-24,"San Jose","CA",2,"Doctor's office;Internal via database or research center;Other (specify below)",,"Referred by clinician at palo alto VA"
1,1,626,9,"sc",2006-06-01,,2006-05-30,"Durham","NC",2,"Other (specify below)",,"Former Research Subject"
1,1,627,18,"sc",2006-06-05,,2006-05-31,"INDIANAPOLIS","IN",2,"NIA publication",,
1,1,628,101,"f",2006-05-30,,2006-05-23,"Portland","OR",2,"Direct mail;Internal via database or research center",,
1,1,629,120,"sc",2006-06-05,,2006-06-05,"Hartford","CT",2,"Internal via database or research center",,
1,1,630,9,"f",2006-06-01,,2006-05-31,"Durham","NC",2,"Other (specify below)",,"dukehealthline newspaper"
1,1,631,124,"sc",2006-05-31,,2006-05-30,"WINSTON-SALEM","NC",2,"Word of mouth",,
1,1,632,103,"f",2006-06-14,,2006-06-01,"Ann Arbor","MI",2,"Doctor's office",,
1,1,634,108,"sc",2006-06-07,,2006-06-06,"Birmingham","AL",2,"Other (specify below)",,"patient sent letter to Neurology office voluteering for whatever program suited him"
1,1,635,108,"f",2006-06-20,,2006-06-20,"Birmingham","AL",2,"Major newspaper",,
1,1,636,19,"f",2006-06-06,,2006-06-01,"Providence","RI",2,"Doctor's office",,
1,1,637,108,"sc",2006-06-12,,2006-06-12,"Birmingham","AL",2,"Community newspaper",,
1,1,638,120,"sc",2006-06-09,,2006-06-09,"Hartford","CT",2,"Internal via database or research center",,
1,1,642,9,"sc",2006-06-12,,2006-06-02,"Durham","NC",2,"Other (specify below)",,"dukehealthline newspaper"
1,1,645,19,"f",2006-06-06,,2006-06-05,"Providence","RI",2,"Doctor's office",,
1,1,646,15,"f",2006-06-06,,2006-06-05,"Dallas","TX",2,"Internal via database or research center",,
1,1,647,9,"sc",2006-06-12,,2006-06-06,"Durham","NC",2,"Other (specify below)",,"dukehealthline newspaper"
1,1,648,5,"sc",2006-07-20,,2006-07-20,"Davis","CA",2,"Community newspaper",,
1,1,649,5,"sc",2006-07-19,,2006-07-19,"Oakland","CA",2,"Internal via database or research center",,
1,1,650,19,"f",2006-06-21,,2006-05-11,"Providence","RI",2,"Doctor's office",,
1,1,652,36,"f",2007-03-22,,2007-03-22,"San Francisco","CA",2,"Doctor's office",,
1,1,653,103,"sc",2006-06-15,,2006-06-08,"Ann Arbor","MI",2,"Doctor's office",,
1,1,655,115,"f",2006-06-08,,2006-06-07,"ORANGE","CA",2,"Major newspaper",,
1,1,656,17,"sc",2006-06-26,,2006-06-23,"Jacksonville","FL",2,"Doctor's office",,
1,1,657,5,"sc",2006-08-10,,2006-08-10,"Paradise","CA",2,"Alzheimer's Association",,
1,1,658,110,"sc",2006-07-17,,2006-07-06,"Chicago","IL",2,"Doctor's office",,
1,1,659,108,"f",2006-06-15,,2006-06-15,"Birmingham","AL",2,"Major newspaper",,
1,1,660,19,"f",2006-08-09,,2006-06-09,"Providence","RI",2,"Doctor's office",,
1,1,661,19,"f",2006-08-16,,2006-06-09,"Riverside","RI",2,"Doctor's office",,
1,1,665,107,"f",2006-06-19,,2006-06-19,"St. Louis","MO",2,"Doctor's office",,
1,1,666,107,"f",2006-06-14,,2006-06-14,"ST. PETERS","MO",2,"Other (specify below)",,"WASHU ADRC"
1,1,667,44,"sc",2006-06-16,,2006-06-13,"Portola Valley","CA",2,"Community newspaper",,
1,1,668,124,"sc",2006-08-02,,2006-08-01,"WINSTON-SALEM","NC",2,"Word of mouth",,
1,1,669,124,"sc",2006-07-11,,2006-07-10,"WINSTON-SALEM","NC",2,"Community newspaper",,
1,1,672,17,"sc",2006-07-11,,2006-07-07,"Orange Park","FL",2,"Major newspaper",,
1,1,673,17,"sc",2006-07-11,,2006-07-07,"Orange Park","FL",2,"Major newspaper",,
1,1,674,120,"f",2006-06-20,,2006-06-14,"Hartford","CT",2,"Major newspaper",,
1,1,675,103,"sc",2006-06-20,,2006-06-15,"Ann Arbor","MI",2,"Doctor's office",,
1,1,676,20,"f",2006-06-20,,2006-05-31,"new haven","CT",2,"Other (specify below)",,"flyer at doctor's office"
1,1,677,16,"sc",2006-07-04,,2006-06-15,"Atlanta","GA",2,"Major newspaper",,
1,1,678,17,"f",2006-06-26,,2006-06-15,"Jacksonville","FL",2,"Doctor's office",,
1,1,679,20,"sc",2006-06-20,,2006-06-15,"mystic","CT",2,"Internal via database or research center",,
1,1,680,113,"sc",2006-06-19,,2006-06-19,"London","ON",1,"Major newspaper",,
1,1,681,103,"sc",2006-06-19,,2006-06-19,"Ann Arbor","MI",2,"Community newspaper",,
1,1,684,114,"sc",2006-07-06,,2006-07-06,"Madison","WI",2,"Internal via database or research center",,
1,1,685,101,"sc",2006-06-22,,2006-06-22,"PORTLAND","OR",2,"Internal via database or research center",,
1,1,686,124,"sc",2006-06-20,,2006-06-19,"WINSTON-SALEM","NC",2,"Word of mouth",,
1,1,688,9,"f",2006-06-21,,2006-06-21,"Durham","NC",2,"Web site",,
1,1,689,108,"sc",2006-06-28,,2006-06-22,"Birmingham","AL",2,"Doctor's office",,
1,1,690,30,"sc",2006-06-23,,2006-06-21,"Las Vegas","NV",2,"Doctor's office",,
1,1,692,41,"sc",2006-06-23,,2006-06-22,"Marblehead","MA",2,"Web site",,
1,1,693,123,"f",2006-07-24,,2006-07-24,"Lebanon","NH",2,"Doctor's office",,
1,1,694,123,"f",2006-08-07,,2006-08-07,"Lebanon","NH",2,"Alzheimer's Association",,
1,1,695,123,"sc",2006-09-11,,2006-09-11,"Lebanon","NH",2,"Alzheimer's Association",,
1,1,696,19,"sc",2006-08-09,,2006-06-22,"Providence","RI",2,"Doctor's office",,
1,1,697,19,"sc",2006-08-18,,2006-06-23,"Providence","RI",2,"Doctor's office",,
1,1,698,2,"sc",2006-06-26,,2006-06-26,"Rochester","MN",2,"Internal via database or research center",,
1,1,701,115,"f",2006-06-26,,2006-06-23,"Orange","CA",2,"Internal via database or research center",,
1,1,702,111,"sc",2006-10-26,,2006-06-26,"Miami","FL",2,"Doctor's office",,
1,1,703,30,"f",2006-06-26,,2006-06-26,"Las Vegas","NV",2,"Doctor's office",,
1,1,706,108,"f",2006-08-14,,2006-08-02,"Birmingham","AL",2,"Web site",,
1,1,708,113,"sc",2006-07-05,,2006-07-05,"London","ON",1,"Internal via database or research center",,
1,1,709,113,"sc",2006-07-10,,2006-07-10,"London","ON",1,"Internal via database or research center",,
1,1,710,16,"f",2006-07-03,,2006-06-29,"Atlanta","GA",2,"Major newspaper",,
1,1,711,41,"sc",2007-04-06,,2007-04-06,"Chelmsford","MA",2,"Other (specify below)",,"Spouse was in another clinical trial at this site"
1,1,712,108,"sc",2006-07-11,,2006-06-29,"Birmingham","AL",2,"Major newspaper",,
1,1,713,41,"f",2007-04-06,,2007-04-06,"Sunapee","NH",2,"Doctor's office",,
1,1,714,41,"f",2007-04-06,,2007-04-06,"Chelmsford","MA",2,"Other (specify below)",,"involvement in prior clinical trials at this site"
1,1,715,115,"sc",2006-07-03,,2006-06-29,"Orange","CA",2,"Internal via database or research center",,
1,1,717,19,"sc",2006-07-03,,2006-06-30,"Bristol","RI",2,"Doctor's office",,
1,1,718,16,"sc",2006-07-03,,2006-06-29,"Atlanta","GA",2,"Major newspaper",,
1,1,719,15,"f",2006-07-03,,2006-07-03,"Dallas","TX",2,"Internal via database or research center",,
1,1,720,108,"sc",2006-07-05,,2006-07-05,"Birmingham","AL",2,"Doctor's office",,
1,1,722,124,"sc",2006-07-12,,2006-07-10,"WINSTON-SALEM","NC",2,"Word of mouth",,
1,1,723,52,"sc",2006-07-13,,2006-07-11,"Kansas City","KS",2,"Internal via database or research center",,
1,1,725,52,"sc",2006-07-07,,2006-07-05,"Kansas City","KS",2,"Internal via database or research center",,
1,1,726,19,"sc",2006-08-16,,2006-07-05,"Providence","RI",2,"Doctor's office",,
1,1,727,120,"sc",2006-07-10,,2006-07-05,"Hartford","CT",2,"Doctor's office",,
1,1,728,17,"f",2006-07-31,,2006-07-28,"Ponte Vedra Beach","FL",2,"Doctor's office",,
1,1,729,101,"sc",2006-07-06,,2006-07-06,"Newberg","OR",2,"Internal via database or research center",,
1,1,730,30,"sc",2006-07-05,,2006-07-05,"Las Vegas","NV",2,"Doctor's office",,
1,1,731,103,"sc",2006-07-12,,2006-07-06,"Ann Arbor","MI",2,"Community newspaper",,
1,1,732,124,"f",2006-07-17,,2006-07-17,"KERNERSVILLE","NC",2,"Community newspaper",,
1,1,734,52,"sc",2006-07-10,,2006-07-07,"Kansas City","KS",2,"Internal via database or research center",,
1,1,735,20,"f",2006-07-11,,2006-07-07,"stonington","CT",2,"TV",,
1,1,737,20,"f",2006-07-17,,2006-06-28,"Bolton","CT",2,"Other (specify below)",,"NIH website"
1,1,738,44,"f",2006-07-12,,2006-07-11,"San Carlos","CA",2,"Doctor's office",,
1,1,739,52,"sc",2006-07-11,,2006-07-10,"Kansas City","KS",2,"Internal via database or research center",,
1,1,740,115,"sc",2006-07-12,,2006-07-10,"Orange","CA",2,"Doctor's office",,
1,1,741,52,"sc",2006-07-13,,2006-07-11,"Kansas City","KS",2,"Internal via database or research center",,
1,1,742,86,"f",2006-07-12,,2006-07-14,"Washington","DC",2,"Other (specify below)",,"Internal MMSE data"
1,1,743,4,"sc",2006-07-13,,2006-07-13,"Boston","MA",2,"Other (specify below)",,"Statin/Hope study particpant for ADC Boston"
1,1,747,4,"sc",2006-08-08,,2006-08-07,"boston","MA",2,"Internal via database or research center",,
1,1,748,17,"sc",2006-07-31,,2006-07-31,"St. Mary's","GA",2,"Doctor's office",,
1,1,749,30,"f",2006-07-19,,2006-07-13,"Las Vegas","NV",2,"Doctor's office",,
1,1,752,5,"sc",2006-08-09,,2006-08-08,"Albany","CA",2,"Internal via database or research center",,
1,1,753,9,"sc",2006-07-21,,2006-07-17,"Durham","NC",2,"Doctor's office",,
1,1,755,86,"f",2006-07-25,,2006-07-17,"Washington","DC",2,"Other (specify below)",,"Howard Unv Hspl Lobby Add"
1,1,756,20,"f",2006-07-17,,2006-07-17,"New Haven","CT",2,"Internal via database or research center",,
1,1,759,17,"sc",2006-08-08,,2006-08-08,"Jacksonville","FL",2,"Doctor's office",,
1,1,760,17,"sc",2006-08-16,,2006-08-14,"Jacksonville","FL",2,"Word of mouth",,
1,1,763,101,"f",2006-07-18,,2006-07-18,"Portland","OR",2,"Internal via database or research center",,
1,1,765,123,"f",2006-09-18,,2006-09-18,"Lebanon","NH",2,"Doctor's office",,
1,1,766,15,"f",2006-07-19,,2006-07-18,"dallas","TX",2,"Web site",,
1,1,767,19,"sc",2006-08-17,,2006-06-22,"Pawcatuck","CT",2,"Doctor's office",,
1,1,768,30,"sc",2006-07-20,,2006-07-18,"Las Vegas","NV",2,"Doctor's office",,
1,1,769,111,"sc",2006-10-26,,2006-07-19,"Miami","FL",2,"Community newspaper",,
1,1,770,115,"sc",2006-07-25,,2006-07-19,"Orange","CA",2,"Community newspaper",,
1,1,771,120,"sc",2006-07-28,,2006-07-19,"Hartford","CT",2,"Major newspaper",,
1,1,772,30,"f",2006-07-21,,2006-07-20,"Las Vegas","NV",2,"Doctor's office",,
1,1,773,15,"f",2006-07-21,,2006-07-21,"Celina","TX",2,"Internal via database or research center",,
1,1,775,15,"f",2006-07-24,,2006-07-24,"McKinney","TX",2,"Internal via database or research center",,
1,1,776,44,"f",2006-07-27,,2006-07-25,"Los Altos","CA",2,"Radio (specify station below)","AirAmerica",
1,1,777,86,"sc",2006-07-31,,2006-07-25,"Washington","DC",2,"Other (specify below)",,"Via God Daughter"
1,1,779,62,"sc",2006-08-28,,2005-07-25,"London","ON",1,"Doctor's office",,
1,1,780,4,"f",2006-07-25,,2006-07-19,"Boston","MA",2,"Internal via database or research center",,
1,1,781,4,"f",2006-07-26,,2006-07-26,"Boston","MA",2,"Internal via database or research center",,
1,1,783,117,"sc",2006-08-01,,2006-07-28,"COLUMBUS","OH",2,"Doctor's office",,
1,1,784,113,"sc",2006-08-24,,2006-08-24,"London","ON",1,"Community newspaper",,
1,1,785,1,"f",2006-08-04,,2006-08-01,"La Jolla","CA",2,"Other (specify below)",,"ADNI Study information obtained during ADRC Open House"
1,1,786,106,"sc",2006-08-23,,2006-08-22,"New York","NY",2,"Other (specify below)",,"Son heard about it at Columbia University and told the subject about it."
1,1,788,106,"f",2006-08-10,,2006-08-08,"New York","NY",2,"Other (specify below)",,"MD at columbia"
1,1,790,19,"sc",2006-08-17,,2006-08-01,"Providence","RI",2,"Doctor's office",,
1,1,791,44,"f",2006-08-08,,2006-08-04,"Los Altos","CA",2,"Internal via database or research center",,
1,1,792,120,"sc",2006-08-03,,2006-08-02,"Hartford","CT",2,"Major newspaper;NIA publication;Web site",,
1,1,793,30,"sc",2006-08-08,,2006-08-03,"Las Vegas","NV",2,"Doctor's office",,
1,1,795,13,"f",2006-08-28,,2006-08-08,"Rochester","NY",2,"Internal via database or research center",,
1,1,796,124,"sc",2006-08-09,,2006-08-07,"GREENSBORO","NC",2,"TV",,
1,1,799,4,"f",2006-08-17,,2006-08-17,"Boston","MA",2,"Internal via database or research center",,
1,1,800,124,"sc",2006-08-10,,2006-08-08,"WINSTON-SALEM","NC",2,"Community newspaper",,
1,1,803,108,"sc",2006-08-14,,2006-08-09,"Birmingham","AL",2,"Doctor's office",,
1,1,805,115,"f",2006-08-08,,2006-07-06,"Orange","CA",2,"Internal via database or research center",,
1,1,809,62,"f",2006-08-28,,2006-08-15,"London","ON",1,"Doctor's office",,
1,1,810,19,"sc",2006-08-17,,2006-08-10,"Providence","RI",2,"Doctor's office",,
1,1,811,44,"f",2006-08-14,,2006-08-04,"Los Altos","CA",2,"Internal via database or research center",,
1,1,812,32,"sc",2006-08-15,,2006-08-14,"Chicago","IL",2,"Doctor's office",,
1,1,813,17,"sc",2006-08-14,,2006-08-14,"Jacksonville","FL",2,"Word of mouth",,
1,1,814,1,"sc",2006-08-15,,2006-08-15,"La Jolla","CA",2,"Doctor's office",,
1,1,815,101,"f",2006-08-15,,2006-08-15,"Vancouver","WA",2,"Other (specify below)",,"letter to ADC expressing interest in study participation"
1,1,816,101,"sc",2006-08-16,,2006-08-16,"Portland","OR",2,"Web site",,
1,1,818,62,"sc",2006-08-28,,2006-08-15,"London","ON",1,"Internal via database or research center",,
1,1,819,30,"f",2006-08-16,,2006-08-15,"Las Vegas","NV",2,"Doctor's office",,
1,1,820,19,"f",2006-08-18,,2006-08-15,"Providence","RI",2,"Doctor's office",,
1,1,821,15,"sc",2006-08-22,,2006-08-16,"Bedford","TX",2,"Internal via database or research center",,
1,1,822,62,"f",2006-08-28,,2006-08-15,"London","ON",1,"Internal via database or research center",,
1,1,823,14,"f",2006-08-30,,2006-08-16,"Huntington Beach","CA",2,"Internal via database or research center",,
1,1,824,14,"sc",2006-08-30,,2006-08-17,"Fullerton","CA",2,"Other organization",,
1,1,825,124,"sc",2006-09-13,,2006-09-12,"WINSTON-SALEM","NC",2,"Community newspaper",,
1,1,826,124,"f",2006-08-22,,2006-08-21,"WINSTON-SALEM","NC",2,"Community newspaper",,
1,1,827,124,"f",2006-09-19,,2006-09-19,"WINSTON-SALEM","NC",2,"Community newspaper",,
1,1,828,32,"sc",2006-08-23,,2006-08-18,"Oak Lawn","IL",2,"Web site",,
1,1,829,106,"sc",2007-01-31,,2007-01-30,"New York","NY",2,"Doctor's office",,
1,1,830,15,"sc",2006-08-23,,2006-08-17,"Prosper","TX",2,"Internal via database or research center",,
1,1,833,101,"f",2006-08-22,,2006-08-22,"Aurora","OR",2,"Internal via database or research center",,
1,1,834,5,"sc",2006-09-21,,2006-09-19,"Las Molinas","CA",2,"Alzheimer's Association",,
1,1,835,13,"sc",2006-09-15,,2006-09-13,"rochester","NY",2,"Internal via database or research center",,
1,1,836,14,"sc",2006-08-30,,2006-08-17,"San Jacinto","CA",2,"Community newspaper",,
1,1,838,11,"f",2006-08-23,,2006-08-22,"Lexington","KY",2,"Internal via database or research center",,
1,1,839,62,"sc",2006-09-01,,2006-08-30,"London","ON",1,"Other publication",,
1,1,840,86,"f",2006-08-31,,2006-08-23,"Washington","DC",2,"Internal via database or research center",,
1,1,841,124,"sc",2006-09-13,,2006-09-11,"LEXINGTON","NC",2,"Web site",,
1,1,843,14,"sc",2006-09-01,,2006-08-23,"San Clemente","CA",2,"Other publication",,
1,1,844,114,"sc",2006-10-02,,2006-10-02,"Madison","WI",2,"Doctor's office",,
1,1,845,14,"sc",2006-09-01,,2006-08-24,"Newport Beach","CA",2,"Internal via database or research center",,
1,1,849,14,"f",2006-08-30,,2006-08-24,"Tustin","CA",2,"Word of mouth",,
1,1,850,13,"sc",2006-08-29,,2006-08-25,"rochester","NY",2,"Internal via database or research center",,
1,1,851,19,"sc",2006-08-25,,2006-08-25,"Fall River","MA",2,"Doctor's office",,
1,1,852,19,"sc",2006-09-06,,2006-08-25,"Providence","RI",2,"Doctor's office",,
1,1,853,19,"sc",2006-08-27,,2006-08-24,"Providence","RI",2,"Doctor's office",,
1,1,854,15,"f",2006-08-31,,2006-08-28,"DALLAS","TX",2,"Doctor's office;Word of mouth",,
1,1,855,11,"sc",2006-08-29,,2006-08-28,"Lexinton","KY",2,"Doctor's office",,
1,1,856,107,"sc",2006-09-07,,2006-09-02,"ST. LOUIS","MO",2,"Internal via database or research center",,
1,1,858,20,"f",2006-08-28,,2006-07-07,"ellington","CT",2,"Web site",,
1,1,861,107,"sc",2006-09-11,,2006-09-08,"St. Louis","MO",2,"Internal via database or research center",,
1,1,863,115,"sc",2006-09-05,,2006-08-29,"Orange","CA",2,"Other organization",,
1,1,865,113,"sc",2006-09-21,,2006-09-21,"London","ON",1,"Internal via database or research center",,
1,1,866,14,"sc",2006-08-30,,2006-08-30,"San Jacinto","CA",2,"Community newspaper",,
1,1,867,15,"sc",2006-08-30,,2006-08-30,"Dallas","TX",2,"Internal via database or research center",,
1,1,869,17,"sc",2006-10-18,,2006-10-17,"Penney Farms","FL",2,"Doctor's office",,
1,1,870,108,"f",2006-09-08,,2006-09-08,"Birmingham","AL",2,"Organization newsletter",,
1,1,871,14,"sc",2006-08-31,,2006-08-31,"Laguna Niguel","CA",2,"Internal via database or research center",,
1,1,873,123,"sc",2006-09-25,,2006-09-25,"Lebanon","NH",2,"Doctor's office",,
1,1,874,123,"sc",2006-10-30,,2006-10-30,"Lebanon","NH",2,"Organization newsletter",,
1,1,875,115,"f",2006-09-11,,2006-09-06,"Orange","CA",2,"Other (specify below)",,"Outreach to senior centers"
1,1,876,86,"sc",2006-09-09,,2006-09-07,"Washington","DC",2,"Other (specify below)",,"Senior Beacon Add"
1,1,878,14,"sc",2006-09-06,,2006-09-06,"Laguna Woods","CA",2,"Internal via database or research center",,
1,1,882,86,"f",2006-09-14,,2006-09-13,"Washington","DC",2,"Doctor's office",,
1,1,883,8,"sc",2007-08-02,,2007-08-02,"New York","NY",2,"Presentation;Doctor's office;Internal via database or research center",,
1,1,884,44,"sc",2006-12-07,,2006-12-05,"Saratoga","CA",2,"Word of mouth;Other (specify below)",,"heard about it from daughter in public health at Berkeley"
1,1,885,18,"f",2006-09-14,,2006-09-11,"marion","IN",2,"Major newspaper",,
1,1,886,117,"sc",2006-09-12,,2006-09-11,"COLUMBUS","OH",2,"Doctor's office",,
1,1,887,11,"sc",2006-09-12,,2006-09-11,"Lexington","KY",2,"Doctor's office",,
1,1,888,52,"f",2006-09-12,,2006-09-11,"Leawood","KS",2,"Internal via database or research center",,
1,1,889,52,"sc",2006-09-12,,2006-09-11,"Kansas City","KS",2,"Internal via database or research center",,
1,1,890,5,"sc",2007-01-12,,2007-01-10,"Roseville","CA",2,"Internal via database or research center",,
1,1,891,113,"sc",2006-09-14,,2006-09-14,"London","ON",1,"Internal via database or research center",,
1,1,894,6,"f",2006-10-20,,2006-10-19,"Los Angeles","CA",2,"Internal via database or research center",,
1,1,895,44,"f",2006-09-15,,2006-09-12,"San Jose","CA",2,"Doctor's office;Word of mouth;Internal via database or research center",,
1,1,896,44,"sc",2006-09-15,,2006-09-12,"San Jose","CA",2,"Doctor's office;Word of mouth;Internal via database or research center",,
1,1,897,117,"f",2006-09-15,,2006-09-12,"COLUMBUS","OH",2,"Doctor's office",,
1,1,898,20,"sc",2006-09-29,,2006-09-12,"old saybrook","CT",2,"Other (specify below)",,"spouse of patient"
1,1,899,8,"sc",2007-08-02,,2007-08-02,"New York","NY",2,"Presentation;Doctor's office;Internal via database or research center",,
1,1,901,30,"f",2006-09-12,,2006-09-12,"las vegas","NV",2,"Doctor's office",,
1,1,902,30,"f",2006-09-15,,2006-09-12,"Las Vegas","NV",2,"Doctor's office",,
1,1,903,9,"f",2006-09-13,,2006-09-13,"Durham","NC",2,"Web site",,
1,1,904,106,"sc",2006-11-28,,2006-11-28,"New York","NY",2,"Doctor's office",,
1,1,905,52,"f",2006-09-14,,2006-09-13,"Kansas City","KS",2,"Internal via database or research center",,
1,1,906,52,"sc",2006-09-14,,2006-09-13,"Kansas City","KS",2,"Internal via database or research center",,
1,1,907,102,"sc",2006-09-19,,2006-09-11,"Duarte","CA",2,"Internal via database or research center;Other (specify below)",,"Direct Recruitment Call-ADRC Program"
1,1,908,102,"sc",2006-09-19,,2006-09-12,"Los Angeles","CA",2,"Internal via database or research center",,
1,1,910,4,"f",2006-09-15,,2006-09-14,"Boston","MA",2,"Web site",,
1,1,912,120,"sc",2006-09-19,,2006-09-13,"Hartford","CT",2,"Doctor's office",,
1,1,913,120,"sc",2006-12-01,,2006-11-27,"Hartford","CT",2,"Doctor's office",,
1,1,914,14,"sc",2006-09-14,,2006-09-13,"Huntington Beach","CA",2,"Web site",,
1,1,915,19,"sc",2006-09-14,,2006-09-13,"Providence","RI",2,"Doctor's office",,
1,1,916,11,"sc",2006-09-15,,2006-09-14,"Lexington","KY",2,"Other (specify below)",,"Employed for the State Government in finance.  He helped secure some funding for A.D. research."
1,1,917,108,"sc",2006-09-14,,2006-09-08,"Birmingham","AL",2,"Radio (specify station below);Other (specify below)","gospel station","community newsletter"
1,1,918,62,"f",2006-09-15,,2006-09-14,"London","ON",1,"Internal via database or research center",,
1,1,920,52,"sc",2006-09-15,,2006-09-15,"Kansas City","KS",2,"Internal via database or research center",,
1,1,921,41,"sc",2006-09-26,,2006-09-15,"Dennis","MA",2,"Doctor's office",,
1,1,922,52,"sc",2006-09-19,,2006-09-15,"Kansas City","KS",2,"Internal via database or research center",,
1,1,923,52,"sc",2006-09-18,,2006-09-15,"Kansas City","KS",2,"Internal via database or research center",,
1,1,925,114,"sc",2006-10-05,,2006-10-02,"Madison","WI",2,"Doctor's office",,
1,1,926,11,"sc",2006-09-18,,2006-09-18,"Louisville","KY",2,"Magazine;Other (specify below)",,"Internet"
1,1,929,1,"sc",2006-09-20,,2006-09-18,"La Jolla","CA",2,"Other (specify below)",,"Heard about study at ADRC Open House"
1,1,930,4,"sc",2006-09-19,,2006-09-19,"Boston","MA",2,"Internal via database or research center",,
1,1,932,108,"sc",2006-09-21,,2006-09-20,"Birmingham","AL",2,"Community newspaper",,
1,1,934,62,"sc",2006-09-25,,2006-09-19,"London","ON",1,"Internal via database or research center",,
1,1,935,41,"f",2007-04-06,,2007-04-06,"Medford","MA",2,"Doctor's office",,
1,1,937,102,"f",2006-10-12,,2006-10-05,"Los Angeles","CA",2,"Internal via database or research center",,
1,1,938,101,"sc",2006-09-20,,2006-09-20,"Portland","OR",2,"Internal via database or research center",,
1,1,939,30,"f",2006-09-19,,2006-09-19,"Las Vegas","NV",2,"Doctor's office",,
1,1,940,45,"f",2006-09-25,,2006-09-25,"Sun City","AZ",2,"Web site",,
1,1,941,62,"sc",2006-10-02,,2006-09-20,"London","ON",1,"Internal via database or research center",,
1,1,943,2,"f",2006-09-25,,2006-09-25,"Rochester","MN",2,"Magazine",,
1,1,945,17,"sc",2006-10-18,,2006-10-11,"Jacksonville","FL",2,"Doctor's office",,
1,1,946,2,"f",2006-10-03,,2006-10-02,"Rochester","MN",2,"Magazine",,
1,1,947,115,"sc",2006-09-22,,2006-09-21,"Orange","CA",2,"Doctor's office",,
1,1,948,13,"f",2006-10-06,,2006-09-30,"Rochester","NY",2,"Internal via database or research center",,
1,1,949,13,"f",2006-10-06,,2006-09-29,"Rochester","NY",2,"Internal via database or research center",,
1,1,950,86,"sc",2006-10-01,,2006-09-25,"Washington","DC",2,"Community newspaper",,
1,1,954,101,"sc",2006-09-26,,2006-09-26,"Portland","OR",2,"Internal via database or research center",,
1,1,955,101,"sc",2006-10-02,,2006-09-27,"Dallas","OR",2,"Internal via database or research center",,
1,1,956,117,"sc",2006-09-27,,2006-09-26,"COLUMBUS","OH",2,"Doctor's office",,
1,1,957,62,"sc",2006-10-04,,2006-09-26,"London","ON",1,"Community newspaper",,
1,1,959,45,"f",2006-09-26,,2006-09-26,"Sun City","AZ",2,"Alzheimer's Association",,
1,1,960,6,"f",2006-10-27,,2006-10-26,"Los Angeles","CA",2,"Internal via database or research center",,
1,1,963,11,"sc",2006-09-28,,2006-09-28,"Lexington","KY",2,"Other organization",,
1,1,964,41,"f",2006-09-29,,2006-09-28,"Chestnut Hill","MA",2,"Doctor's office",,
1,1,965,4,"f",2006-09-29,,2006-09-29,"Boston","MA",2,"Community newspaper;Other (specify below)",,"Friend"
1,1,966,94,"f",2006-10-03,,2006-09-29,"Amherst","NY",2,"Community newspaper",,
1,1,967,86,"sc",2006-10-12,,2006-10-12,"Washington","DC",2,"Doctor's office",,
1,1,968,13,"f",2006-10-09,,2006-10-06,"Rochester","NY",2,"Internal via database or research center",,
1,1,969,117,"sc",2006-10-11,,2006-10-02,"COLUMBUS","OH",2,"Doctor's office;Word of mouth",,
1,1,970,101,"f",2006-10-13,,2006-10-04,"Portland","OR",2,"Internal via database or research center",,
1,1,971,101,"f",2006-10-13,,2006-10-11,"Portland","OR",2,"Internal via database or research center",,
1,1,972,124,"sc",2006-11-22,,2006-11-21,"CLEMMONS","NC",2,"Doctor's office",,
1,1,973,124,"sc",2006-10-20,,2006-10-16,"WINSTON-SALEM","NC",2,"Community newspaper",,
1,1,974,115,"f",2006-10-03,,2006-09-20,"Orange","CA",2,"Community newspaper",,
1,1,976,17,"sc",2006-11-29,,2006-11-28,"Orange Park","FL",2,"Doctor's office",,
1,1,978,16,"sc",2006-10-09,,2006-10-04,"Atlanta","GA",2,"Other (specify below)",,"ADRC"
1,1,979,87,"sc",2006-10-05,,2006-10-04,"Cleveland","OH",2,"Doctor's office",,
1,1,982,19,"sc",2006-10-23,,2006-10-05,"Providence","RI",2,"Doctor's office",,
1,1,984,9,"sc",2006-10-11,,2006-10-09,"Durham","NC",2,"Alzheimer's Association",,
1,1,985,12,"sc",2006-10-09,,2006-10-09,"Pittsburgh","PA",2,"Internal via database or research center",,
1,1,990,107,"f",2006-10-25,,2006-10-11,"CHESTERFIELD","MO",2,"Doctor's office",,
1,1,991,111,"sc",2006-10-26,,2006-10-10,"Miami","FL",2,"Doctor's office",,
1,1,992,115,"f",2006-10-16,,2006-10-10,"Orange","CA",2,"Other (specify below)",,"flyer at senior center"
1,1,993,124,"f",2006-10-28,,2006-10-23,"WINSTON-SALEM","NC",2,"Other publication",,
1,1,994,124,"sc",2006-10-20,,2006-10-17,"TRINITY","NC",2,"Doctor's office",,
1,1,995,4,"sc",2006-10-12,,2006-10-12,"Boston","MA",2,"Other (specify below)",,"Physician Referral"
1,1,997,6,"sc",2006-11-17,,2006-11-16,"Los Angeles","CA",2,"Doctor's office",,
1,1,999,14,"sc",2006-10-11,,2006-10-11,"Westminster","CA",2,"Internal via database or research center",,
1,1,1000,45,"f",2006-10-16,,2006-10-13,"Phoenix","AZ",2,"Presentation",,
1,1,1001,17,"sc",2006-11-06,,2006-11-06,"Jacksonville","FL",2,"Doctor's office",,
1,1,1002,20,"sc",2006-10-16,,2006-10-13,"new haven","CT",2,"Other (specify below)",,"spouse of patient"
1,1,1003,10,"f",2006-10-13,,2006-10-13,"Philadelphia","PA",2,"Doctor's office",,
1,1,1004,19,"sc",2006-10-23,,2006-10-23,"Providence","RI",2,"Doctor's office",,
1,1,1005,101,"f",2006-10-26,,2006-10-18,"Portland","OR",2,"Internal via database or research center",,
1,1,1006,101,"f",2006-10-31,,2006-10-24,"Portland","OR",2,"Internal via database or research center",,
1,1,1007,62,"sc",2006-10-17,,2006-10-13,"London","ON",1,"Word of mouth",,
1,1,1009,108,"sc",2006-10-17,,2006-10-17,"Birmingham","AL",2,"Doctor's office",,
1,1,1011,113,"f",2006-10-18,,2006-10-18,"London","ON",1,"Internal via database or research center",,
1,1,1013,86,"sc",2006-10-20,,2006-10-16,"Washington DC","DC",2,"Community newspaper",,
1,1,1014,86,"sc",2006-11-02,,2006-10-16,"Washington","DC",2,"Health Fair:  exhibit/conference",,
1,1,1016,52,"sc",2006-11-02,,2006-10-16,"Kansas City","KS",2,"Internal via database or research center",,
1,1,1018,101,"sc",2006-11-21,,2006-08-15,"Vancouver","WA",2,"Other (specify below)",,"letter to ADC expressing interest in study participation"
1,1,1019,35,"f",2006-10-17,,2006-10-16,"West Palm Beach","FL",2,"Major newspaper;Doctor's office",,
1,1,1023,17,"sc",2006-12-08,,2006-12-08,"Ponte Vedra Beach","FL",2,"Word of mouth",,
1,1,1024,19,"sc",2006-10-17,,2006-10-17,"Providence","RI",2,"Doctor's office",,
1,1,1027,41,"sc",2006-10-19,,2006-10-16,"Natick","MA",2,"Doctor's office",,
1,1,1028,111,"sc",2006-10-26,,2006-10-18,"Miami","FL",2,"Doctor's office",,
1,1,1029,9,"f",2006-10-23,,2006-10-18,"Durham","NC",2,"Alzheimer's Association",,
1,1,1031,120,"sc",2006-10-31,,2006-10-18,"Hartford","CT",2,"Other (specify below)",,"referred from a previous study"
1,1,1032,114,"sc",2006-10-26,,2006-10-26,"Madison","WI",2,"Internal via database or research center",,
1,1,1033,108,"sc",2006-11-01,,2006-10-31,"Birmingham","AL",2,"Internal via database or research center",,
1,1,1036,13,"f",2006-10-20,,2006-10-18,"Rochester","NY",2,"Internal via database or research center",,
1,1,1037,16,"sc",2006-10-25,,2006-10-19,"Atlanta","GA",2,"Other (specify below)",,"One of our clinic patients"
1,1,1038,14,"sc",2006-10-19,,2006-10-19,"Newport Beach","CA",2,"Internal via database or research center",,
1,1,1039,41,"f",2006-10-20,,2006-10-19,"Natick","MA",2,"Doctor's office",,
1,1,1040,56,"sc",2006-11-06,,2006-11-06,"Montreal","QU",1,"Other (specify below)",,"Jewish General Hospital Memory Clinic"
1,1,1041,124,"sc",2006-10-25,,2006-10-23,"ENNICE","NC",2,"Community newspaper",,
1,1,1043,115,"sc",2006-10-19,,2006-10-19,"Orange","CA",2,"Doctor's office",,
1,1,1045,13,"sc",2006-10-27,,2006-10-26,"Rochester","NY",2,"Internal via database or research center",,
1,1,1050,113,"f",2006-10-26,,2006-10-26,"London","ON",1,"Internal via database or research center",,
1,1,1051,19,"sc",2006-11-28,,2006-11-24,"Providence","RI",2,"Doctor's office",,
1,1,1052,19,"sc",2006-11-16,,2006-11-15,"Prov","RI",2,"Doctor's office",,
1,1,1055,120,"sc",2006-10-31,,2006-10-25,"Hartford","CT",2,"Other organization",,
1,1,1056,14,"sc",2006-10-25,,2006-10-25,"Laguna Niguel","CA",2,"Internal via database or research center",,
1,1,1057,102,"sc",2006-11-06,,2006-10-25,"Los Angeles","CA",2,"Internal via database or research center",,
1,1,1059,102,"sc",2006-10-31,,2006-10-26,"los angeles","CA",2,"Internal via database or research center",,
1,1,1060,18,"f",2006-11-14,,2006-11-06,"indianapolis","IN",2,"Doctor's office",,
1,1,1061,101,"f",2006-10-27,,2006-10-18,"Portland","OR",2,"Internal via database or research center",,
1,1,1063,12,"sc",2006-10-27,,2006-10-27,"pittsburgh","PA",2,"Internal via database or research center",,
1,1,1066,15,"sc",2006-10-30,,2006-10-30,"Carrollton","TX",2,"Internal via database or research center",,
1,1,1069,124,"f",2006-11-02,,2006-10-31,"WINSTON-SALEM","NC",2,"Community newspaper",,
1,1,1070,101,"sc",2006-11-17,,2006-11-14,"portland","OR",2,"Internal via database or research center",,
1,1,1071,103,"f",2006-11-06,,2006-11-01,"Ann Arbor","MI",2,"Community newspaper",,
1,1,1072,56,"sc",2006-11-06,,2006-11-06,"Montreal","QU",1,"Other (specify below)",,"Jewish General Hospital Memory Clinc"
1,1,1073,14,"sc",2006-11-01,,2006-11-01,"Norco","CA",2,"Internal via database or research center",,
1,1,1074,102,"sc",2006-11-09,,2006-11-01,"los angeles","CA",2,"Internal via database or research center",,
1,1,1077,113,"sc",2006-11-17,,2006-11-17,"London","ON",1,"Internal via database or research center",,
1,1,1078,18,"sc",2006-11-28,,2006-11-20,"indianapolis","IN",2,"Doctor's office",,
1,1,1081,13,"sc",2007-01-12,,2007-01-08,"Rochester","NY",2,"Internal via database or research center",,
1,1,1082,13,"sc",2006-11-20,,2006-11-10,"Rochester","NY",2,"Internal via database or research center",,
1,1,1083,5,"sc",2006-11-03,,2006-10-27,"Davis","CA",2,"Community newspaper",,
1,1,1087,52,"f",2006-11-07,,2006-11-06,"Edmond","OK",2,"Other (specify below)",,"Clinic"
1,1,1088,115,"sc",2006-11-09,,2006-11-06,"Orange","CA",2,"Word of mouth",,
1,1,1090,41,"sc",2007-04-06,,2007-04-06,"Lakeville","MA",2,"Doctor's office",,
1,1,1091,30,"f",2006-11-08,,2006-11-07,"Las Vegas","NV",2,"Doctor's office",,
1,1,1092,111,"sc",2006-12-12,,2006-11-07,"miami","FL",2,"Major newspaper",,
1,1,1094,19,"sc",2006-11-08,,2006-11-08,"Providence","RI",2,"Doctor's office",,
1,1,1095,110,"sc",2006-11-15,,2006-11-14,"chicago","IL",2,"Doctor's office",,
1,1,1096,44,"f",2006-11-10,,2006-11-08,"San Jose","CA",2,"Direct mail;Word of mouth;Internal via database or research center",,
1,1,1098,52,"sc",2006-11-09,,2006-11-08,"Overland Park","KS",2,"Internal via database or research center",,
1,1,1099,30,"sc",2006-11-13,,2006-11-08,"Las Vegas","NV",2,"Word of mouth",,
1,1,1100,30,"f",2006-11-20,,2006-11-08,"las vegas","NV",2,"Doctor's office",,
1,1,1101,16,"sc",2006-11-09,,2006-11-09,"Atlanta","GA",2,"Other (specify below)",,"Recruited from our clinic"
1,1,1102,41,"sc",2007-04-06,,2007-04-06,"Marblehead","MA",2,"Doctor's office",,
1,1,1103,87,"sc",2006-11-13,,2006-11-13,"Cleveland","OH",2,"Doctor's office",,
1,1,1104,11,"sc",2006-11-10,,2006-11-10,"Lexington","KY",2,"Other (specify below)",,"Other AD Research Study"
1,1,1106,87,"sc",2006-11-15,,2006-11-15,"Cleveland","OH",2,"Alzheimer's Association",,
1,1,1109,9,"sc",2006-11-21,,2006-11-13,"Durham","NC",2,"Other (specify below)",,"Word of mouth"
1,1,1111,11,"f",2006-11-14,,2006-11-14,"Lexington","KY",2,"Doctor's office",,
1,1,1113,4,"sc",2006-11-27,,2006-11-15,"Boston","MA",2,"Internal via database or research center",,
1,1,1114,86,"sc",2006-12-02,,2006-11-14,"Washington","DC",2,"Health Fair:  exhibit/conference",,
1,1,1115,56,"f",2006-11-17,,2006-11-15,"Montreal","QU",1,"Doctor's office;Other (specify below)",,"Jewish General Hospital's Memory Clinic."
1,1,1116,52,"sc",2006-11-16,,2006-11-15,"Kansas City","KS",2,"Internal via database or research center",,
1,1,1117,111,"sc",2006-11-21,,2006-11-15,"miami","FL",2,"Doctor's office",,
1,1,1118,87,"sc",2006-11-20,,2006-11-20,"Cleveland","OH",2,"Doctor's office",,
1,1,1121,111,"sc",2006-11-21,,2006-11-16,"MIAMI","FL",2,"Doctor's office",,
1,1,1122,102,"sc",2006-11-27,,2006-11-16,"Loa Angeles","CA",2,"Internal via database or research center",,
1,1,1123,56,"sc",2006-11-21,,2006-11-21,"Montreal","QU",1,"Other (specify below)",,"From a cohort of normal elderly controls."
1,1,1124,13,"f",2006-11-29,,2006-11-27,"Rochester","NY",2,"Internal via database or research center",,
1,1,1125,13,"f",2006-12-06,,2006-12-04,"Rochester","NY",2,"Internal via database or research center",,
1,1,1126,11,"sc",2006-11-20,,2006-11-20,"Lexington","KY",2,"Other (specify below)",,"Health Professional"
1,1,1128,19,"f",2006-11-20,,2006-11-20,"Pawtucket","RI",2,"Doctor's office",,
1,1,1130,103,"sc",2006-11-21,,2006-11-21,"Ann Arbor","MI",2,"Doctor's office",,
1,1,1131,56,"sc",2006-12-01,,2006-12-01,"Montreal","QU",1,"Other (specify below)",,"Jewish General Hospital Memory Clinic."
1,1,1132,111,"f",2006-11-28,,2006-11-21,"miami","FL",2,"Major newspaper",,
1,1,1133,108,"sc",2007-01-02,,2006-12-22,"Birmingham","AL",2,"Internal via database or research center",,
1,1,1135,17,"sc",2006-12-18,,2006-12-18,"Jacksonville","FL",2,"Doctor's office",,
1,1,1136,19,"f",2006-12-05,,2006-11-24,"Providence","RI",2,"Doctor's office",,
1,1,1137,19,"sc",2006-12-18,,2006-11-27,"Providence","RI",2,"Doctor's office",,
1,1,1138,111,"sc",2006-11-28,,2006-11-28,"miamibch","FL",2,"Doctor's office",,
1,1,1139,62,"f",2007-03-08,,2007-02-22,"London","ON",1,"Internal via database or research center",,
1,1,1140,114,"sc",2006-12-11,,2006-12-11,"Madison","WI",2,"Doctor's office",,
1,1,1143,108,"f",2006-11-29,,2006-11-29,"Birmingham","AL",2,"Word of mouth;Internal via database or research center",,
1,1,1146,107,"f",2006-12-11,,2006-11-28,"St. Louis","MO",2,"Internal via database or research center",,
1,1,1147,4,"f",2006-12-05,,2006-11-30,"boston","MA",2,"Internal via database or research center",,
1,1,1148,115,"sc",2006-11-30,,2006-11-29,"Orange","CA",2,"Internal via database or research center",,
1,1,1149,111,"sc",2006-12-12,,2006-11-30,"miami","FL",2,"Major newspaper",,
1,1,1152,19,"sc",2006-12-01,,2006-12-01,"Providence","RI",2,"Doctor's office",,
1,1,1153,94,"f",2007-01-04,,2006-12-04,"Buffalo","NY",2,"Doctor's office;Word of mouth",,
1,1,1154,4,"sc",2006-12-05,,2006-12-04,"Boston","MA",2,"Internal via database or research center",,
1,1,1155,101,"sc",2006-12-15,,2006-12-04,"Portland","OR",2,"Internal via database or research center",,
1,1,1156,101,"f",2006-12-12,,2006-12-05,"portland","OR",2,"Internal via database or research center",,
1,1,1157,86,"sc",2006-12-21,,2006-12-04,"Washington","DC",2,"Doctor's office",,
1,1,1158,86,"f",2006-12-07,,2006-12-04,"Washington","DC",2,"Doctor's office",,
1,1,1162,1,"f",2006-12-06,,2006-12-05,"La Jolla","CA",2,"Doctor's office",,
1,1,1164,41,"sc",2007-04-06,,2007-04-06,"Bloomfield","CT",2,"Doctor's office",,
1,1,1165,108,"sc",2006-12-07,,2006-12-07,"Birmingham","AL",2,"Doctor's office;Internal via database or research center",,
1,1,1166,87,"f",2006-12-06,,2006-12-06,"Cleveland","OH",2,"Internal via database or research center",,
1,1,1169,16,"sc",2006-12-11,,2006-12-07,"Atlanta","GA",2,"Doctor's office",,
1,1,1170,120,"sc",2006-12-11,,2006-12-11,"Hartford","CT",2,"Doctor's office",,
1,1,1171,12,"sc",2006-12-07,,2006-12-07,"Pittsburgh","PA",2,"Internal via database or research center",,
1,1,1172,41,"f",2007-04-06,,2007-04-06,"Groton","MA",2,"Doctor's office",,
1,1,1173,115,"f",2006-12-14,,2006-12-07,"Orange","CA",2,"Internal via database or research center",,
1,1,1175,108,"sc",2006-12-14,,2006-12-14,"Birmingham","AL",2,"Internal via database or research center",,
1,1,1176,108,"f",2007-01-30,,2007-01-30,"Birmingham","AL",2,"Doctor's office;Internal via database or research center",,
1,1,1177,15,"f",2006-12-11,,2006-12-11,"Dallas","TX",2,"Internal via database or research center",,
1,1,1181,115,"f",2006-12-16,,2006-12-12,"Orange","CA",2,"Other (specify below)",,"at senior living center in Laguna Woods, CA"
1,1,1182,30,"sc",2006-12-14,,2006-12-13,"Las Vegas","NV",2,"Doctor's office",,
1,1,1183,86,"sc",2006-12-14,,2006-12-14,"Washington","DC",2,"TV",,
1,1,1184,14,"sc",2006-12-14,,2006-12-14,"Tustin","CA",2,"Word of mouth",,
1,1,1185,32,"sc",2007-01-02,,2006-12-14,"Chicago","IL",2,"Doctor's office",,
1,1,1187,113,"sc",2007-01-08,,2007-01-08,"London","ON",1,"Internal via database or research center",,
1,1,1188,41,"sc",2007-04-06,,2007-04-06,"Cambridge","MA",2,"Other publication",,
1,1,1190,11,"sc",2006-12-20,,2006-12-18,"Lexington","KY",2,"Other (specify below)",,"AARP bulletin"
1,1,1192,86,"sc",2006-12-26,,2006-12-19,"Washington","DC",2,"Web site",,
1,1,1194,127,"sc",2007-01-09,,2007-01-09,"Providence","RI",2,"Doctor's office",,
1,1,1195,127,"sc",2007-01-23,,2007-01-22,"Providence","RI",2,"Doctor's office",,
1,1,1196,113,"f",2007-01-11,,2007-01-11,"London","ON",1,"Internal via database or research center",,
1,1,1197,127,"sc",2007-01-05,,2007-01-05,"Providence","RI",2,"Doctor's office",,
1,1,1200,117,"sc",2007-01-02,,2006-12-22,"COLUMBUS","OH",2,"Doctor's office",,
1,1,1201,117,"sc",2007-01-03,,2006-12-22,"COLUMBUS","OH",2,"Doctor's office",,
1,1,1202,127,"sc",2007-01-15,,2007-01-11,"Providence","RI",2,"Doctor's office",,
1,1,1203,127,"sc",2007-01-19,,2007-01-12,"Providence","RI",2,"Doctor's office",,
1,1,1204,116,"sc",2007-02-21,,2007-02-15,"Phoenix","AZ",2,"Organization newsletter",,
1,1,1206,2,"sc",2007-01-04,,2007-01-04,"Rochester","MN",2,"Internal via database or research center",,
1,1,1209,15,"sc",2007-01-11,,2007-01-02,"Dallas","TX",2,"Internal via database or research center",,
1,1,1210,114,"sc",2007-02-09,,2007-02-09,"Madison","WI",2,"Doctor's office",,
1,1,1211,35,"sc",2007-03-15,,2007-01-02,"West Palm Beach","FL",2,"Doctor's office",,
1,1,1212,108,"sc",2007-01-09,,2007-01-05,"Birmingham","AL",2,"Internal via database or research center",,
1,1,1213,13,"sc",2007-01-08,,2007-01-08,"Rochester","NY",2,"Internal via database or research center",,
1,1,1215,14,"sc",2007-01-03,,2007-01-03,"Irvine","CA",2,"Internal via database or research center",,
1,1,1216,103,"f",2007-01-04,,2007-01-04,"Ann Arbor","MI",2,"Web site",,
1,1,1218,14,"sc",2007-01-04,,2007-01-04,"laguna woods","CA",2,"Internal via database or research center",,
1,1,1220,113,"f",2007-01-29,,2007-01-29,"London","ON",1,"Internal via database or research center",,
1,1,1221,113,"sc",2007-01-15,,2007-01-15,"London","ON",1,"Internal via database or research center",,
1,1,1222,2,"sc",2007-01-11,,2007-01-11,"Rochester","MN",2,"Internal via database or research center",,
1,1,1224,1,"sc",2007-01-09,,2007-01-08,"La Jolla","CA",2,"Major newspaper",,
1,1,1225,18,"sc",2007-01-09,,2007-01-08,"indianapolis","IN",2,"Doctor's office",,
1,1,1226,4,"sc",2007-01-09,,2007-01-08,"boston","MA",2,"Internal via database or research center",,
1,1,1227,123,"sc",2007-01-29,,2007-01-29,"Lebanon","NH",2,"Doctor's office",,
1,1,1228,30,"f",2007-01-10,,2007-01-09,"Las Vegas","NV",2,"Doctor's office",,
1,1,1231,19,"sc",2007-01-20,,2007-01-12,"Attleboro","MA",2,"Doctor's office",,
1,1,1232,5,"sc",2007-01-17,,2007-01-16,"Martinez","CA",2,"Community newspaper",,
1,1,1234,13,"f",2007-02-22,,2007-02-13,"rochester","NY",2,"Internal via database or research center",,
1,1,1235,4,"f",2007-01-16,,2007-01-16,"Boston","MA",2,"Internal via database or research center",,
1,1,1238,41,"f",2007-04-06,,2007-04-06,"Chestnut Hill","MA",2,"Doctor's office",,
1,1,1241,41,"sc",2007-04-06,,2007-04-06,"Arlington","MA",2,"Internal via database or research center",,
1,1,1242,115,"sc",2007-01-23,,2007-01-16,"Orange","CA",2,"Other (specify below)",,"Flyer at Senior Center"
1,1,1243,5,"sc",2007-01-31,,2007-01-26,"Marysville","CA",2,"Doctor's office",,
1,1,1244,19,"sc",2007-01-22,,2007-01-16,"Central Falls","RI",2,"Doctor's office",,
1,1,1245,19,"sc",2007-01-17,,2007-01-10,"Providence","RI",2,"Doctor's office",,
1,1,1246,116,"sc",2007-02-28,,2007-01-17,"Phoenix","AZ",2,"Web site",,
1,1,1247,11,"sc",2007-01-18,,2007-01-18,"Lexington","KY",2,"Doctor's office",,
1,1,1248,2,"sc",2007-01-17,,2007-01-17,"Rochester","MN",2,"Internal via database or research center",,
1,1,1249,5,"sc",2007-01-24,,2007-01-23,"Martinez","CA",2,"Organization newsletter;Alzheimer's Association",,
1,1,1252,103,"f",2007-01-18,,2007-01-18,"Ann Arbor","MI",2,"Web site",,
1,1,1253,32,"sc",2007-01-19,,2007-01-18,"Chicago","IL",2,"Doctor's office",,
1,1,1254,13,"sc",2007-01-30,,2007-01-30,"Rochester","NY",2,"Internal via database or research center",,
1,1,1255,19,"sc",2007-01-24,,2007-01-18,"East Greenwich","RI",2,"Doctor's office",,
1,1,1256,39,"sc",2007-02-05,,2007-01-22,"Washington","DC",2,"Community newspaper",,
1,1,1257,102,"sc",2007-01-26,,2007-01-18,"Los Angeles","CA",2,"Internal via database or research center",,
1,1,1259,4,"f",2007-01-26,,2007-01-26,"Boston","MA",2,"Internal via database or research center",,
1,1,1260,20,"sc",2007-01-31,,2007-01-26,"New Haven","CT",2,"Internal via database or research center",,
1,1,1261,101,"sc",2007-01-30,,2007-01-30,"Portland","OR",2,"Internal via database or research center",,
1,1,1262,11,"sc",2007-01-22,,2007-01-22,"Lexington","KY",2,"Doctor's office",,
1,1,1263,111,"sc",2007-01-23,,2007-01-22,"Davie","FL",2,"Doctor's office",,
1,1,1264,114,"f",2007-02-07,,2007-02-07,"Madison","WI",2,"Doctor's office",,
1,1,1265,62,"sc",2007-01-23,,2007-01-22,"London","ON",1,"Word of mouth",,
1,1,1267,41,"sc",2007-04-06,,2007-04-06,"Portland","ME",2,"Internal via database or research center",,
1,1,1268,101,"sc",2007-01-29,,2007-01-24,"Portland","OR",2,"Internal via database or research center",,
1,1,1269,62,"sc",2007-01-23,,2007-01-22,"London","ON",1,"Word of mouth",,
1,1,1270,56,"f",2007-01-30,,2007-01-30,"Montreal","QU",1,"Other (specify below)",,"Jewish General Hospital\Memory clinics' cohort"
1,1,1271,5,"sc",2007-02-08,,2007-02-08,"Woodland","CA",2,"Organization newsletter;Alzheimer's Association",,
1,1,1273,103,"f",2007-01-25,,2007-01-25,"Ann Arbor","MI",2,"Magazine",,
1,1,1274,41,"f",2007-04-06,,2007-04-06,"Housatonic","MA",2,"Doctor's office",,
1,1,1277,13,"sc",2007-02-01,,2007-01-29,"Rochester","NY",2,"Internal via database or research center",,
1,1,1280,101,"sc",2007-01-31,,2007-01-31,"Portland","OR",2,"Internal via database or research center",,
1,1,1281,52,"sc",2007-01-30,,2007-01-26,"Kansas City","KS",2,"Internal via database or research center",,
1,1,1282,107,"sc",2007-01-31,,2007-01-30,"St. Louis","MO",2,"Internal via database or research center",,
1,1,1283,52,"sc",2007-01-29,,2007-01-29,"Kansas City","MO",2,"Internal via database or research center",,
1,1,1284,52,"sc",2007-01-31,,2007-01-29,"Kansas City","KS",2,"Internal via database or research center",,
1,1,1285,52,"sc",2007-01-29,,2007-01-29,"Kansas City","KS",2,"Internal via database or research center",,
1,1,1287,36,"f",2007-03-22,,2007-03-21,"San Francisco","CA",2,"Doctor's office;Alzheimer's Association",,
1,1,1288,8,"sc",2007-08-02,,2007-08-02,"New York","NY",2,"Internal via database or research center",,
1,1,1289,11,"sc",2007-01-30,,2007-01-30,"Lexington","KY",2,"Other (specify below)",,"UK medical staff"
1,1,1290,117,"sc",2007-02-01,,2007-01-30,"COLUMBUS","OH",2,"Doctor's office",,
1,1,1292,108,"sc",2007-02-16,,2007-02-16,"Birmingham","AL",2,"Doctor's office",,
1,1,1293,41,"sc",2007-04-06,,2007-04-06,"Belmont","MA",2,"Doctor's office",,
1,1,1294,30,"sc",2007-01-31,,2007-01-30,"Las Vegas","NV",2,"Doctor's office",,
1,1,1295,127,"sc",2007-02-02,,2007-01-31,"Providence","RI",2,"Doctor's office",,
1,1,1296,56,"sc",2007-02-02,,2007-02-02,"Montreal","QU",1,"Other (specify below)",,"Jewish General Hospital memory clinic cohort."
1,1,1298,4,"f",2007-02-12,,2007-02-07,"Boston","MA",2,"Internal via database or research center",,
1,1,1299,30,"sc",2007-02-05,,2007-01-31,"Las Vegas","NV",2,"Doctor's office",,
1,1,1300,94,"sc",2007-02-14,,2007-02-01,"Buffalo","NY",2,"Doctor's office",,
1,1,1301,118,"sc",2007-02-16,,2007-02-01,"Albany","NY",2,"Internal via database or research center",,
1,1,1302,108,"f",2007-02-01,,2007-02-01,"Birmingham","AL",2,"Doctor's office;Internal via database or research center",,
1,1,1303,4,"f",2007-02-05,,2007-02-05,"Boston","MA",2,"Internal via database or research center",,
1,1,1304,2,"sc",2007-02-13,,2007-02-13,"Rochester","MN",2,"Internal via database or research center",,
1,1,1306,11,"sc",2007-02-02,,2007-02-02,"Lexington","KY",2,"Other (specify below)",,"UK Research Staff"
1,1,1307,12,"sc",2007-02-06,,2007-02-02,"Pittsburgh","PA",2,"Internal via database or research center",,
1,1,1311,127,"sc",2007-02-22,,2007-02-21,"Providence","RI",2,"Doctor's office",,
1,1,1314,41,"sc",2007-04-06,,2007-04-06,"Raymond","ME",2,"Web site",,
1,1,1315,5,"sc",2007-03-05,,2007-02-23,"Lodi","CA",2,"Internal via database or research center",,
1,1,1318,14,"sc",2007-02-15,,2007-02-07,"Huntington Beach","CA",2,"Internal via database or research center",,
1,1,1319,39,"f",2007-02-28,,2007-02-12,"Washington","DC",2,"Other (specify below)",,"previously enrolled in a study at GU"
1,1,1320,32,"f",2007-02-14,,2007-02-08,"Chicago","IL",2,"Doctor's office",,
1,1,1321,108,"sc",2007-02-09,,2007-02-09,"Birmingham","AL",2,"Doctor's office",,
1,1,1322,89,"sc",2007-03-12,,2007-03-12,"Syracuse","NY",2,"Doctor's office",,
1,1,1326,111,"sc",2007-02-13,,2007-02-12,"miami","FL",2,"Doctor's office",,
1,1,1328,12,"f",2007-02-13,,2007-02-12,"Pittsburgh","PA",2,"Internal via database or research center",,
1,1,1330,41,"sc",2007-04-06,,2007-04-06,"West Roxbury","MA",2,"Doctor's office",,
1,1,1331,56,"sc",2007-02-21,,2007-02-21,"Montreal","QU",1,"Other (specify below)",,"Jewish General Hospital/Memory clinic cohort"
1,1,1332,16,"f",2007-02-18,,2007-02-15,"Atlanta","GA",2,"Doctor's office",,
1,1,1333,13,"f",2007-02-22,,2007-02-19,"Rochester","NY",2,"Internal via database or research center",,
1,1,1336,94,"f",2007-03-22,,2007-03-19,"Buffalo","NY",2,"Doctor's office",,
1,1,1337,117,"sc",2007-02-21,,2007-02-20,"COLUMBUS","OH",2,"Doctor's office",,
1,1,1338,56,"sc",2007-02-21,,2007-02-21,"Montreal","QU",1,"Other (specify below)",,"Jewish General Hospital/Memory clinic cohort."
1,1,1339,2,"sc",2007-02-22,,2007-02-22,"Rochester","MN",2,"Internal via database or research center",,
1,1,1340,113,"sc",2007-02-22,,2007-02-22,"London","ON",1,"Internal via database or research center",,
1,1,1341,1,"sc",2007-02-21,,2007-02-20,"La Jolla","CA",2,"Internal via database or research center",,
1,1,1343,86,"sc",2007-02-20,,2007-02-20,"Washington","DC",2,"Health Fair:  exhibit/conference",,
1,1,1345,12,"f",2007-02-27,,2007-02-20,"Erie","PA",2,"Internal via database or research center",,
1,1,1349,103,"f",2007-02-21,,2007-02-21,"Ann Arbor","MI",2,"Web site",,
1,1,1350,89,"sc",2007-03-30,,2007-03-28,"Syracuse","NY",2,"Doctor's office",,
1,1,1351,10,"sc",2007-03-05,,2007-02-21,"Philadelphia","PA",2,"Doctor's office",,
1,1,1355,102,"f",2007-03-14,,2007-02-22,"Los Angeles","CA",2,"Internal via database or research center",,
1,1,1356,86,"f",2007-03-14,,2007-02-22,"Washington","DC",2,"Other (specify below)",,"Mass Mailing"
1,1,1359,108,"f",2007-02-26,,2007-02-26,"Birmingham","AL",2,"Presentation;Internal via database or research center;Other (specify below)",,"ADRC Update Luncheon"
1,1,1363,127,"sc",2007-02-27,,2007-02-26,"Providence","RI",2,"Doctor's office",,
1,1,1364,127,"f",2007-02-28,,2007-02-28,"Providence","RI",2,"Doctor's office",,
1,1,1366,10,"sc",2007-02-23,,2007-02-23,"Philadelphia","PA",2,"Internal via database or research center",,
1,1,1368,20,"sc",2007-03-07,,2007-03-07,"New Haven","CT",2,"Web site",,
1,1,1371,62,"sc",2007-03-08,,2007-02-23,"London","ON",1,"Internal via database or research center",,
1,1,1372,103,"f",2007-02-26,,2007-02-26,"Ann Arbor","MI",2,"Doctor's office",,
1,1,1373,62,"sc",2007-03-09,,2007-02-23,"London","ON",1,"Internal via database or research center",,
1,1,1377,39,"sc",2007-03-06,,2007-02-26,"Washington","DC",2,"Other (specify below)",,"discussed study participation with clinicians at GU, read about ADNI on GU's Memory Disorders Prog. website"
1,1,1378,19,"sc",2007-02-27,,2007-02-27,"Providence","RI",2,"Doctor's office",,
1,1,1379,62,"sc",2007-03-09,,2007-02-26,"London","ON",1,"Internal via database or research center",,
1,1,1380,35,"sc",2007-05-12,,2007-02-26,"West Palm Beach","FL",2,"Organization newsletter;Doctor's office;Direct mail;Health Fair:  exhibit/conference;Internal via database or research center",,
1,1,1382,114,"sc",2007-03-13,,2007-03-12,"Madison","WI",2,"Internal via database or research center",,
1,1,1384,14,"sc",2007-02-28,,2007-02-28,"Upland","CA",2,"Doctor's office",,
1,1,1385,13,"sc",2007-03-22,,2007-02-15,"Rochester","NY",2,"Internal via database or research center",,
1,1,1387,13,"sc",2007-03-08,,2007-02-13,"Rochester","NY",2,"Internal via database or research center",,
1,1,1391,20,"sc",2007-03-15,,2007-03-12,"Stamford","CT",2,"Internal via database or research center",,
1,1,1395,41,"f",2007-04-18,,2007-04-17,"Jamaica Plain","MA",2,"Doctor's office",,
1,1,1397,41,"sc",2007-04-18,,2007-04-17,"Townsend","MA",2,"Doctor's office",,
1,1,1398,41,"sc",2007-04-23,,2007-04-23,"Swampscott","MA",2,"Doctor's office",,
1,1,1399,12,"f",2007-05-08,,2007-04-26,"Pittsburgh","PA",2,"Internal via database or research center",,
1,1,1400,12,"sc",2007-05-03,,2007-04-27,"pittsburgh","PA",2,"Internal via database or research center",,
1,1,1406,115,"sc",2007-05-25,,2007-05-18,"Orange","CA",2,"Other (specify below)",,"Site Flyer"
1,1,1407,115,"sc",2007-05-23,,2007-05-21,"Orange","CA",2,"Other (specify below)",,"Memory screening @ local senior center"
1,1,1408,115,"sc",2007-06-13,,2007-06-06,"Orange","CA",2,"Other (specify below)",,"Flyer left at senior center"
1,1,1409,115,"sc",2007-06-15,,2007-06-07,"Orange","CA",2,"Internal via database or research center",,
1,1,1411,20,"sc",2007-06-15,,2007-06-12,"New Haven","CT",2,"Major newspaper",,
1,1,1412,20,"sc",2007-06-15,,2007-06-14,"New Haven","CT",2,"Doctor's office",,
1,1,1414,124,"sc",2007-07-10,,2007-07-09,"WINSTON-SALEM","NC",2,"Community newspaper",,
1,1,1417,41,"sc",2007-07-19,,2007-07-19,"Scituate","MA",2,"Doctor's office",,
1,1,1418,20,"sc",2007-07-30,,2007-06-29,"orange","CT",2,"Internal via database or research center",,
1,1,1419,114,"sc",2007-07-18,,2007-07-18,"Madison","WI",2,"Internal via database or research center",,
1,1,1420,20,"sc",2007-08-03,,2007-07-09,"New Haven","CT",2,"Internal via database or research center",,
1,1,1421,18,"sc",2007-08-15,,2007-08-15,"indianapolis","IN",2,"Doctor's office",,
1,1,1423,20,"sc",2007-08-06,,2007-07-02,"New Haven","CT",2,"Web site",,
1,1,1425,20,"sc",2007-08-03,,2007-08-01,"New Haven","CT",2,"Other organization",,
1,1,1426,124,"sc",2007-08-14,,2007-08-13,"North Wilkesboro","NC",2,"Internal via database or research center",,
1,1,1427,114,"sc",2007-08-16,,2007-08-16,"Madison","WI",2,"Doctor's office",,
1,1,1431,41,"f",2007-09-10,,2007-08-15,"Boston","MA",2,"Doctor's office",,
1,1,1435,20,"sc",2007-09-05,,2007-09-04,"New Haven","CT",2,"Internal via database or research center",,
