1,4,1280,1,"m120",2017-03-03,2017-03-03,,,77,"Yes","No","Female","Same biological mother and father",,1940
1,4,1280,1,"m120",2017-03-03,2017-03-03,,,67,"No","No","Male","Same biological mother and father",,1934
1,4,1280,1,"m120",2017-03-03,2017-03-03,,,71,"Yes","No","Male","Same biological mother and father",,1946
1,4,1280,1,"m120",2017-03-03,2017-03-03,,,62,"Yes","No","Female","Same biological mother and father",,1955
1,4,1280,1,"m120",2017-03-03,2017-03-03,,,65,"Yes","No","Male","Same biological mother and father",,1952
3,4,4473,1,"m60",2017-03-13,2017-03-13,,"Yes",83,"Yes","Yes","Male","Same biological mother and father",,1934
3,4,4473,1,"m60",2017-03-13,2017-03-13,,"Yes",78,"Yes","Yes","Female","Same biological mother and father",,1939
3,4,4951,12,"m48",2017-03-14,2017-03-14,,"Yes",78,"No","Yes","Female","Same biological mother and father",70,1936
3,4,4951,12,"m48",2017-03-14,2017-03-21,,,73,"Yes","No","Male","Same biological mother and father",,1944
3,4,4951,12,"m48",2017-03-21,2017-03-21,,,73,"Yes","No","Female","Same biological mother and father",,1943
3,4,4952,12,"m48",2017-03-21,2017-03-21,,"Yes",78,"No","Yes","Female","Same biological mother and father",70,1936
3,4,4952,12,"m48",2017-03-21,2017-03-21,,,77,"Yes","No","Female","Same biological mother and father",,1940
3,4,4952,12,"m48",2017-03-21,2017-03-21,,,72,"Yes","No","Male","Same biological mother and father",,1944
4,4,6002,20,"sc",2017-01-25,2017-01-25,,,65,"No","No","Male","Same biological mother and father",,1949
4,4,6002,20,"sc",2017-01-25,2017-01-25,,,62,"No","No","Female","Same biological mother and father",,1953
4,4,6002,20,"sc",2017-01-25,2017-01-25,,,54,"Yes","No","Female","Same biological mother and father",,1953
4,4,6002,20,"sc",2017-01-25,2017-01-25,,,50,"Yes","No","Female","Same biological mother and father",,1957
4,4,6002,20,"sc",2017-01-25,2017-01-25,,,57,"Yes","No","Male","Same biological mother and father",,1960
4,4,6002,20,"sc",2017-01-25,2017-01-25,,,55,"Yes","No","Male","Same biological mother and father",,1962
4,4,6004,19,"sc",2017-02-14,2017-02-14,,,83,"Yes","No","Female","Same biological mother and father",,1933
4,4,6004,19,"sc",2017-02-14,2017-02-14,,,80,"Yes","No","Female","Same biological mother and father",,1937
4,4,6004,19,"sc",2017-02-14,2017-02-14,,,78,"Yes","No","Male","Same biological mother and father",,1938
4,4,6004,19,"sc",2017-02-14,2017-02-14,,,76,"Yes","No","Female","Same biological mother and father",,1940
4,4,6004,19,"sc",2017-02-14,2017-02-14,,,73,"Yes","No","Female","Same biological mother and father",,1943
4,4,6004,19,"sc",2017-02-14,2017-02-14,,,71,"Yes","No","Female","Same biological mother and father",,1945
4,4,6004,19,"sc",2017-02-14,2017-02-14,,,69,"Yes","No","Male","Same biological mother and father",,1947
4,4,6004,19,"sc",2017-02-14,2017-02-14,,,67,"Yes","No","Female","Same biological mother and father",,1949
4,4,6004,19,"sc",2017-02-14,2017-02-14,,,64,"Yes","No","Female","Same biological mother and father",,1952
4,4,6005,19,"sc",2017-02-23,2017-02-23,,,82,"Yes","No","Female","Same biological mother and father",,1934
4,4,6005,19,"sc",2017-02-23,2017-02-23,,,81,"Yes","No","Female","Same biological mother and father",,1935
4,4,6005,19,"sc",2017-02-23,2017-02-23,,,79,"Yes","No","Female","Same biological mother and father",,1937
4,4,6005,19,"sc",2017-02-23,2017-02-23,,,78,"Yes","No","Male","Same biological mother and father",,1938
4,4,6005,19,"sc",2017-02-23,2017-02-23,,,76,"Yes","No","Female","Same biological mother and father",,1940
4,4,6005,19,"sc",2017-02-23,2017-02-23,,,74,"Yes","No","Female","Same biological mother and father",,1943
4,4,6005,19,"sc",2017-02-23,2017-02-23,,,72,"Yes","No","Female","Same biological mother and father",,1944
4,4,6005,19,"sc",2017-02-23,2017-02-23,,,71,"Yes","No","Male","Same biological mother and father",,1946
4,4,6005,19,"sc",2017-02-23,2017-02-23,,,65,"Yes","No","Female","Same biological mother and father",,1951
4,4,6006,1,"sc",2017-03-17,2017-03-17,,,83,"Yes","No","Male","Same biological mother and father",,1933
4,4,6006,1,"sc",2017-03-17,2017-03-17,,,81,"Yes","No","Male","Same biological mother and father",,1935
4,4,6006,1,"sc",2017-03-17,2017-03-17,,,77,"No","No","Male","Same biological mother and father",,1939
4,4,6007,1,"sc",2017-03-23,2017-03-23,,,76,"No","No","Male","Same biological mother and father",,1938
4,4,6009,1,"sc",2017-04-03,2017-04-03,,,68,"Yes","No","Male","Same biological mother and father",,1948
4,4,6009,1,"sc",2017-04-03,2017-04-03,,,66,"Yes","No","Male","Same biological mother and father",,1950
4,4,6010,49,"sc",2017-04-04,2017-04-04,,,68,"Yes","No","Male","Same biological mother and father",,1948
4,4,6010,49,"sc",2017-04-04,2017-04-04,,,65,"Yes","No","Male","Same biological mother and father",,1952
4,4,6010,49,"sc",2017-04-04,2017-04-04,,,58,"No","No","Male","Same biological mother and father",,1953
4,4,6010,49,"sc",2017-04-04,2017-04-04,,,61,"Yes","No","Male","Same biological mother and father",,1956
4,4,6011,1,"sc",2017-04-26,2017-04-26,,,76,"Yes","No","Male","Same biological mother and father",,1941
4,4,6011,1,"sc",2017-04-26,2017-04-26,,,75,"No","No","Male","Same biological mother and father",,1939
4,4,6011,1,"sc",2017-04-26,2017-04-26,,,80,"Yes","No","Female","Same biological mother and father",,1937
4,4,6012,1,"sc",2017-05-04,2017-05-04,,"Yes",84,"No","Yes","Male","Same biological mother and father",76,1928
4,4,6013,17,"sc",2017-04-14,2017-04-20,,,64,"Yes","No","Female","Same biological mother",,1953
4,4,6013,17,"sc",2017-04-14,2017-04-14,,,58,"Yes","No","Female","Same biological mother and father",,1958
4,4,6013,17,"sc",2017-04-14,2017-04-14,,,65,"Yes","No","Male","Same biological mother and father",,1954
4,4,6014,2,"sc",2018-02-16,2018-02-16,,,71,"Yes","No","Female","Same biological mother and father",,1947
4,4,6014,2,"sc",2018-02-16,2018-02-16,,,73,"Yes","No","Female","Same biological mother and father",,1945
4,4,6015,55,"sc",2017-05-04,2017-05-04,,,,"Yes","No","Male","Same biological mother and father",,1946
4,4,6016,40,"sc",2017-05-09,2017-05-09,,,63,"No","No","Male","Same biological mother and father",,1940
4,4,6016,40,"sc",2017-05-09,2017-05-09,,,74,"Yes","No","Female","Same biological mother and father",,1942
4,4,6016,40,"sc",2017-05-09,2017-05-09,,,67,"Yes","No","Female","Same biological mother and father",,1949
4,4,6017,59,"sc",2017-05-04,2017-05-04,,,53,"No","No","Female","Same biological mother and father",,1944
4,4,6017,59,"sc",2017-05-04,2017-05-04,,,69,"Yes","No","Male","Same biological mother and father",,1947
4,4,6019,50,"sc",2017-05-17,2017-05-17,,,77,"Yes","No","Female","Same biological mother and father",,1939
4,4,6021,1,"sc",2017-05-24,2017-05-24,,,65,"No","No","Male","Same biological mother and father",,1945
4,4,6023,50,"sc",2017-05-19,2017-05-19,,,80,"Yes","No","Female","Same biological mother and father",,1936
4,4,6024,47,"sc",2017-11-09,2017-11-09,,,26,"No","No","Male","Same biological father",,
4,4,6024,47,"sc",2017-11-09,2017-11-09,,,21,"No","No","Male","Same biological mother and father",,1949
4,4,6024,47,"sc",2017-11-09,2017-11-09,,,51,"No","No","Male","Same biological mother and father",,1951
4,4,6024,47,"sc",2017-11-09,2017-11-09,,,65,"Yes","No","Female","Same biological mother and father",,1952
4,4,6024,47,"sc",2017-11-09,2017-11-09,,,62,"Yes","No","Female","Same biological mother and father",,1954
4,4,6024,47,"sc",2017-11-09,2017-11-09,,,59,"Yes","No","Female","Same biological mother and father",,1956
4,4,6024,47,"sc",2017-11-09,2017-11-09,,,57,"Yes","No","Female","Same biological mother and father",,1958
4,4,6024,47,"sc",2017-11-09,2017-11-09,,,57,"Yes","No","Male","Same biological mother and father",,1960
4,4,6025,40,"sc",2017-05-23,2017-05-23,,"No",79,"No","Yes","Female","Same biological mother and father",77,1922
4,4,6025,40,"sc",2017-05-23,2017-05-23,,,93,"Yes","No","Female","Same biological mother and father",,1924
4,4,6025,40,"sc",2017-05-23,2017-05-23,,"No",88,"Yes","Yes","Male","Same biological mother and father",85,1929
4,4,6027,50,"sc",2017-05-24,2017-05-24,,,72,"Yes","No","Male","Same biological mother and father",,1945
4,4,6028,50,"sc",2017-05-24,2017-05-24,,,75,"Yes","No","Male","Same biological mother and father",,1940
4,4,6028,50,"sc",2017-05-24,2017-05-24,,,76,"No","No","Female","Same biological mother and father",,1936
4,4,6029,27,"sc",2017-06-14,2017-06-14,,,,"Yes","No","Male","Same biological mother and father",,1962
4,4,6029,27,"sc",2017-06-14,2017-06-14,,,,"Yes","No","Male","Same biological mother and father",,1964
4,4,6029,27,"sc",2017-06-14,2017-06-14,,,,"Yes","No","Male","Same biological mother and father",,1966
4,4,6030,1,"sc",2017-06-09,2017-06-09,,,61,"No","No","Male","Same biological mother and father",,1954
4,4,6030,1,"sc",2017-06-09,2017-06-09,,,61,"Yes","No","Male","Same biological mother and father",,1956
4,4,6031,27,"sc",2017-06-24,2017-06-24,,,,"Yes","No","Female","Same biological mother and father",,1952
4,4,6031,27,"sc",2017-06-24,2017-06-24,,"No",,"No","Yes","Male","Same biological mother and father",,1955
4,4,6031,27,"sc",2017-06-24,2017-06-24,,,,"Yes","No","Female","Same biological mother and father",,1958
4,4,6032,27,"sc",2017-06-09,2017-06-09,,,,"Yes","No","Male","Same biological mother and father",,1947
4,4,6032,27,"sc",2017-06-09,2017-06-09,,,,"Yes","No","Female","Same biological mother and father",,1949
4,4,6032,27,"sc",2017-06-09,2017-06-09,,"Yes",59,"No","Yes","Male","Same biological mother and father",55,1956
4,4,6032,27,"sc",2017-06-09,2017-06-09,,,,"Yes","No","Female","Same biological mother and father",,1958
4,4,6033,19,"sc",2017-06-16,2017-06-16,,,48,"Yes","No","Female","Same biological mother and father",,1969
4,4,6033,19,"sc",2017-06-16,2017-06-16,,,46,"Yes","No","Male","Same biological mother and father",,1967
4,4,6034,20,"sc",2017-06-05,2017-06-05,,,,"Yes","No","Female","Same biological mother and father",,1957
4,4,6035,50,"sc",2017-09-28,2017-09-28,,,65,"No","No","Male","Same biological mother and father",,1917
4,4,6035,50,"sc",2017-09-28,2017-09-28,,,65,"No","No","Male","Same biological mother and father",,1920
4,4,6035,50,"sc",2017-09-28,2017-09-28,,,85,"No","No","Male","Same biological mother and father",,1923
4,4,6035,50,"sc",2017-09-28,2017-09-28,,"No",84,"No","Yes","Male","Same biological mother and father",80,1926
4,4,6035,50,"sc",2017-09-28,2017-09-28,,"No",88,"Yes","Yes","Female","Same biological mother and father",80,1926
4,4,6035,50,"sc",2017-09-28,2017-09-28,,,90,"No","No","Female","Same biological mother and father",,1915
4,4,6036,2,"sc",2017-06-28,2017-06-28,,,,"Yes","No","Female","Same biological mother and father",,1948
4,4,6037,50,"sc",2017-06-12,2017-06-12,,,63,"Yes","No","Female","Same biological mother and father",,1954
4,4,6037,50,"sc",2017-06-12,2017-06-12,,,63,"Yes","No","Female","Same biological mother and father",,1954
4,4,6039,43,"sc",2017-06-14,2017-06-14,,,60,"Yes","No","Male","Same biological mother and father",,1957
4,4,6039,43,"sc",2017-06-14,2017-06-14,,,58,"Yes","No","Male","Same biological mother and father",,1959
4,4,6039,43,"sc",2017-06-14,2017-08-23,,,52,"Yes","No","Female","Same biological mother and father",,1965
4,4,6040,1,"sc",2017-07-07,2017-07-07,,,95,"Yes","No","Male","Same biological mother and father",,1922
4,4,6040,1,"sc",2017-07-07,2017-07-07,,,92,"Yes","No","Female","Same biological mother and father",,1925
4,4,6043,50,"sc",2017-08-09,2017-08-09,,,75,"Yes","No","Male","Same biological mother and father",,1940
4,4,6043,50,"sc",2017-08-09,2017-08-09,,,76,"No","No","Female","Same biological mother and father",,1936
4,4,6044,59,"sc",2017-06-26,2017-06-26,,,80,"No","No","Male","Same biological father",,1926
4,4,6044,59,"sc",2017-06-26,2017-06-26,,,84,"No","No","Female","Same biological father",,1928
4,4,6045,33,"sc",2017-07-14,2017-07-14,,,62,"Yes","No","Female","Same biological mother and father",,1957
4,4,6045,33,"sc",2017-07-14,2017-07-24,,,33,"No","No","Male","Same biological mother and father",,1959
4,4,6046,27,"sc",2017-07-10,2017-07-10,,,49,"No","No","Female","Same biological mother and father",,1945
4,4,6046,27,"sc",2017-07-10,2017-07-10,,,,"Yes","No","Male","Same biological mother and father",,1943
4,4,6047,50,"sc",2017-07-24,2017-07-24,,"Yes",78,"Yes","Yes","Female","Same biological mother and father",70,1938
4,4,6048,55,"sc",2017-08-01,2017-08-01,,,74,"No","No","Male","Same biological mother and father",,1930
4,4,6048,55,"sc",2017-08-01,2017-08-01,,,37,"No","No","Male","Same biological mother and father",,1933
4,4,6048,55,"sc",2017-08-01,2017-08-01,,,81,"Yes","No","Female","Same biological mother and father",,1934
4,4,6048,55,"sc",2017-08-01,2017-08-01,,,80,"Yes","No","Female","Same biological mother and father",,1936
4,4,6048,55,"sc",2017-08-01,2017-08-01,,,75,"Yes","No","Female","Same biological mother and father",,1942
4,4,6049,58,"sc",2017-06-30,2017-06-30,,,62,"No","No","Male","Same biological mother and father",,1946
4,4,6049,58,"sc",2017-06-30,2017-06-30,,"No",69,"Yes","Yes","Female","Same biological mother and father",61,1948
4,4,6050,33,"sc",2017-09-27,2017-09-27,,,67,"Yes","No","Female","Same biological mother and father",,1950
4,4,6050,33,"sc",2017-09-27,2017-09-27,,,64,"Yes","No","Male","Same biological mother and father",,1953
4,4,6051,58,"sc",2017-07-10,2017-07-10,,,67,"Yes","No","Male","Same biological mother and father",,1950
4,4,6051,58,"sc",2017-07-10,2017-07-10,,,63,"Yes","No","Male","Same biological mother and father",,1954
4,4,6051,58,"sc",2017-07-10,2017-07-10,,,59,"No","No","Female","Same biological mother and father",,1957
4,4,6052,59,"sc",2017-07-13,2017-07-13,,,92,"Yes","No","Female","Same biological mother and father",,1925
4,4,6052,59,"sc",2017-07-13,2017-07-13,,,81,"Yes","No","Male","Same biological mother and father",,1936
4,4,6053,1,"sc",2017-07-21,2017-07-21,,,62,"Yes","No","Male","Same biological mother and father",,1953
4,4,6053,1,"sc",2017-07-21,2017-07-21,,,60,"Yes","No","Female","Same biological mother and father",,1955
4,4,6053,1,"sc",2017-07-21,2017-07-21,,,57,"Yes","No","Female","Same biological mother and father",,1958
4,4,6053,1,"sc",2017-07-21,2017-07-21,,,52,"Yes","No","Female","Same biological mother and father",,1962
4,4,6054,59,"sc",2017-07-19,2017-07-19,,,66,"No","No","Female","Same biological mother and father",,1940
4,4,6054,59,"sc",2017-07-19,2017-07-19,,,73,"Yes","No","Female","Same biological mother and father",,1944
4,4,6054,59,"sc",2017-07-19,2017-07-19,,,70,"Yes","No","Female","Same biological mother and father",,1947
4,4,6055,23,"sc",2017-07-24,2017-07-24,"paternal grandfather had dementia in his late 80s/early 90s; paternal uncle had dementia in his late 70s",,21,"No","No","Male","Same biological mother and father",,1946
4,4,6056,61,"sc",2017-07-26,2017-08-09,,,76,"Yes","No","Female","Same biological mother and father",,1940
4,4,6057,43,"sc",2017-08-04,2017-08-04,,,73,"Yes","No","Female","Same biological mother and father",,1944
4,4,6057,43,"sc",2017-08-04,2017-08-04,,,69,"Yes","No","Male","Same biological mother and father",,1948
4,4,6057,43,"sc",2017-08-04,2017-08-04,,,66,"Yes","No","Male","Same biological mother and father",,1951
4,4,6057,43,"sc",2017-08-04,2017-08-04,,,56,"Yes","No","Male","Same biological mother and father",,1961
4,4,6058,59,"sc",2017-07-31,2017-07-31,,,65,"Yes","No","Female","Same biological mother and father",,1952
4,4,6058,59,"sc",2017-07-31,2017-07-31,,,64,"Yes","No","Female","Same biological mother and father",,1953
4,4,6058,59,"sc",2017-07-31,2017-07-31,,,62,"Yes","No","Female","Same biological mother and father",,1955
4,4,6058,59,"sc",2017-07-31,2017-07-31,,,58,"Yes","No","Male","Same biological mother and father",,1959
4,4,6058,59,"sc",2017-07-31,2017-07-31,,,55,"Yes","No","Male","Same biological mother and father",,1963
4,4,6058,59,"sc",2017-07-31,2017-07-31,,,50,"Yes","No","Male","Same biological mother and father",,1967
4,4,6059,58,"sc",2017-07-31,2017-07-31,,,57,"Yes","No","Male","Same biological mother and father",,1960
4,4,6060,54,"sc",2017-08-02,2017-08-02,,"Yes",83,"Yes","Yes","Female","Same biological mother and father",70,1934
4,4,6060,54,"sc",2017-08-02,2017-08-02,,"Yes",76,"Yes","Yes","Male","Same biological mother and father",76,1941
4,4,6061,55,"sc",2017-08-08,2017-08-08,,,75,"Yes","No","Female","Same biological mother and father",,1942
4,4,6061,55,"sc",2017-08-08,2017-08-08,,,71,"Yes","No","Male","Same biological mother and father",,1946
4,4,6061,55,"sc",2017-08-08,2017-08-08,,,43,"No","No","Male","Same biological mother and father",,1963
4,4,6062,58,"sc",2017-08-14,2017-08-14,,,69,"Yes","No","Female","Same biological mother and father",,1947
4,4,6063,43,"sc",2017-08-11,2017-08-11,,"No",70,"Yes","Yes","Male","Same biological mother and father",54,1947
4,4,6063,43,"sc",2017-08-11,2017-08-11,,,27,"No","No","Male","Same biological mother and father",,1949
4,4,6063,43,"sc",2017-08-11,2017-08-11,,,58,"Yes","No","Female","Same biological mother and father",,1959
4,4,6064,58,"sc",2017-10-10,2017-10-10,,,,,,,,,
4,4,6065,58,"sc",2017-08-24,2017-08-24,,,67,"No","No","Female","Same biological mother and father",,1935
4,4,6065,58,"sc",2017-08-24,2017-08-24,,,47,"No","No","Female","Same biological mother and father",,1949
4,4,6066,1,"sc",2017-08-22,2017-08-22,,,81,"Yes","No","Female","Same biological mother and father",,1936
4,4,6066,1,"sc",2017-08-22,2017-08-22,,"No",79,"Yes","Yes","Male","Same biological mother and father",71,1938
4,4,6066,1,"sc",2017-08-22,2017-08-22,,,78,"Yes","No","Male","Same biological mother and father",,1939
4,4,6067,2,"sc",2017-09-29,2017-09-29,,,,"Yes","No","Female","Same biological mother and father",,1947
4,4,6067,2,"sc",2017-09-29,2017-09-29,,,,"Yes","No","Male","Same biological mother and father",,1948
4,4,6067,2,"sc",2017-09-29,2017-09-29,,,,"Yes","No","Male","Same biological mother and father",,1950
4,4,6067,2,"sc",2017-09-29,2017-09-29,,,,"Yes","No","Male","Same biological mother and father",,1951
4,4,6067,2,"sc",2017-09-29,2017-09-29,,,,"Yes","No","Male","Same biological mother and father",,1953
4,4,6068,59,"sc",2017-08-21,2017-08-21,,,88,"No","Yes","Female","Same biological mother and father",85,1924
4,4,6068,59,"sc",2017-08-21,2017-08-21,,,79,"No","No","Female","Same biological mother and father",,1927
4,4,6068,59,"sc",2017-08-21,2017-08-21,,,89,"Yes","No","Male","Same biological mother and father",,1928
4,4,6068,59,"sc",2017-08-21,2017-08-21,,,83,"No","Yes","Female","Same biological mother and father",78,1930
4,4,6068,59,"sc",2017-08-21,2017-08-21,,,86,"Yes","Yes","Female","Same biological mother and father",81,1931
4,4,6068,59,"sc",2017-08-21,2017-08-21,,,82,"No","Yes","Male","Same biological mother and father",76,1933
4,4,6068,59,"sc",2017-08-21,2017-08-21,,,80,"No","Yes","Male","Same biological mother and father",74,1936
4,4,6068,59,"sc",2017-08-21,2017-08-21,,,78,"Yes","No","Male","Same biological mother and father",,1939
4,4,6069,17,"sc",2017-08-18,2017-08-18,,,76,"Yes","No","Male","Same biological mother and father",,1941
4,4,6069,17,"sc",2017-08-18,2017-08-18,,,76,"Yes","No","Male","Same biological mother and father",,1941
4,4,6069,17,"sc",2017-08-18,2017-08-18,,,73,"Yes","No","Male","Same biological mother and father",,1944
4,4,6070,1,"sc",2017-08-22,2017-08-22,,,69,"Yes","No","Male","Same biological mother and father",,1948
4,4,6072,50,"sc",2017-08-22,2017-08-22,,"Yes",91,"No","Yes","Female","Same biological mother and father",88,1914
4,4,6072,50,"sc",2017-08-22,2017-08-22,,"Yes",90,"No","Yes","Female","Same biological mother and father",85,1917
4,4,6072,50,"sc",2017-08-22,2017-08-22,,,75,"No","No","Male","Same biological mother and father",,1921
4,4,6072,50,"sc",2017-08-22,2017-08-22,,,95,"No","No","Male","Same biological mother and father",,1919
4,4,6073,9,"sc",2017-09-18,2017-09-18,,,66,"Yes","No","Female","Same biological mother and father",,1951
4,4,6074,44,"sc",2017-09-29,2017-09-29,,,69,"Yes","No","Female","Same biological mother and father",,1948
4,4,6074,44,"sc",2017-09-29,2017-09-29,,,54,"Yes","No","Male","Same biological mother and father",,1963
4,4,6075,55,"sc",2017-09-19,2017-09-19,,,71,"Yes","No","Female","Same biological mother and father",,1946
4,4,6077,40,"sc",2017-10-11,2017-10-11,,,,"Yes","No","Male","Same biological mother and father",,1950
4,4,6077,40,"sc",2017-10-11,2017-10-11,,,,"Yes","No","Male","Same biological mother and father",,1956
4,4,6077,40,"sc",2017-10-11,2017-10-11,,,,"Yes","No","Male","Same biological mother and father",,1960
4,4,6078,33,"sc",2017-09-29,2017-09-29,,,23,"No","No","Male","Same biological mother and father",,1945
4,4,6078,33,"sc",2017-09-29,2017-09-29,,,70,"Yes","No","Male","Same biological mother and father",,1947
4,4,6078,33,"sc",2017-09-29,2017-09-29,,,69,"Yes","No","Female","Same biological mother and father",,1948
4,4,6078,33,"sc",2017-09-29,2017-09-29,,,68,"Yes","No","Male","Same biological mother and father",,1949
4,4,6078,33,"sc",2017-09-29,2017-09-29,,,0,"No","No","Male","Same biological mother and father",,1951
4,4,6078,33,"sc",2017-09-29,2017-09-29,,,65,"Yes","No","Female","Same biological mother and father",,1952
4,4,6078,33,"sc",2017-09-29,2017-09-29,,,63,"Yes","No","Female","Same biological mother and father",,1954
4,4,6078,33,"sc",2017-09-29,2017-09-29,,,62,"Yes","No","Female","Same biological mother and father",,1955
4,4,6078,33,"sc",2017-09-29,2017-09-29,,,61,"Yes","No","Male","Same biological mother and father",,1956
4,4,6078,33,"sc",2017-09-29,2017-09-29,,,59,"Yes","No","Female","Same biological mother and father",,1958
4,4,6078,33,"sc",2017-09-29,2017-09-29,,,58,"No","No","Female","Same biological mother and father",,1959
4,4,6078,33,"sc",2017-09-29,2017-09-29,,,0,"No","No","Male","Same biological mother and father",,1962
4,4,6078,33,"sc",2017-09-29,2017-09-29,,,53,"Yes","No","Female","Same biological mother and father",,1964
4,4,6079,49,"sc",2017-09-20,2017-09-20,,,83,"Yes","No","Male","Same biological mother and father",,1934
4,4,6079,49,"sc",2017-09-20,2017-09-20,,"No",81,"Yes","Yes","Male","Same biological mother and father",75,1936
4,4,6079,49,"sc",2017-09-20,2017-09-20,,,76,"Yes","No","Male","Same biological mother and father",,1941
4,4,6080,59,"sc",2017-09-28,2017-09-28,,,75,"Yes","No","Male","Same biological mother and father",,1942
4,4,6081,20,"sc",2017-09-26,2017-09-26,,,65,"Yes","No","Female","Same biological mother and father",,1952
4,4,6081,20,"sc",2017-09-26,2017-09-26,,,63,"Yes","No","Female","Same biological mother and father",,1954
4,4,6081,20,"sc",2017-09-26,2017-09-26,,,63,"Yes","No","Female","Same biological mother and father",,1954
4,4,6081,20,"sc",2017-09-26,2017-09-26,,,61,"Yes","No","Female","Same biological mother and father",,1956
4,4,6082,49,"sc",2017-09-27,2017-09-27,,,75,"Yes","No","Male","Same biological mother and father",,1942
4,4,6082,49,"sc",2017-09-27,2017-09-27,,,74,"Yes","No","Male","Same biological mother and father",,1943
4,4,6082,49,"sc",2017-09-27,2017-09-27,,,67,"No","No","Male","Same biological mother and father",,1944
4,4,6082,49,"sc",2017-09-27,2017-09-27,,,71,"Yes","No","Female","Same biological mother and father",,1946
4,4,6082,49,"sc",2017-09-27,2017-09-27,,,69,"Yes","No","Female","Same biological mother and father",,1948
4,4,6082,49,"sc",2017-09-27,2017-09-27,,,63,"Yes","No","Female","Same biological mother and father",,1953
4,4,6082,49,"sc",2017-09-27,2017-10-16,,,54,"Yes","No","Male","Same biological mother and father",,1963
4,4,6082,49,"sc",2017-09-27,2017-09-27,"Data recorded from comments field on first page of log. Page was not immediately available when meeting with participant due to filling up first page.",,52,"Yes","No","Female","Same biological mother and father",,1965
4,4,6083,27,"sc",2017-10-06,2017-10-06,,,82,"No","No","Male","Same biological mother and father",,1935
4,4,6083,27,"sc",2017-10-06,2017-10-06,,,,"Yes","No","Female","Same biological mother and father",,1938
4,4,6083,27,"sc",2017-10-06,2017-10-06,,,,"Yes","No","Male","Same biological mother and father",,1942
4,4,6084,3,"sc",2017-09-28,2017-09-28,,,80,"Yes","No","Female","Same biological mother and father",,1936
4,4,6084,3,"sc",2017-09-28,2017-09-28,"Sibling #2 had schizophrenia.",,71,"No","No","Female","Same biological mother and father",,1943
4,4,6084,3,"sc",2017-09-28,2017-09-28,,,68,"Yes","No","Female","Same biological mother and father",,1948
4,4,6085,58,"sc",2017-10-03,2017-10-03,,,56,"Yes","No","Male","Same biological mother and father",,1960
4,4,6085,58,"sc",2017-10-03,2017-10-03,,,54,"Yes","No","Male","Same biological mother and father",,1963
4,4,6085,58,"sc",2017-10-03,2017-10-03,,,50,"Yes","No","Female","Same biological mother and father",,1967
4,4,6085,58,"sc",2017-10-03,2017-10-03,,,49,"Yes","No","Male","Same biological mother and father",,1968
4,4,6086,58,"sc",2017-10-04,2017-10-04,,,62,"No","No","Male","Same biological mother and father",,1941
4,4,6087,11,"sc",2017-10-10,2017-10-10,,,69,"Yes","No","Female","Same biological mother and father",,1948
4,4,6087,11,"sc",2017-10-10,2017-10-10,,,65,"Yes","No","Male","Same biological mother and father",,1951
4,4,6087,11,"sc",2017-10-10,2017-10-10,,,64,"Yes","No","Female","Same biological mother and father",,1953
4,4,6087,11,"sc",2017-10-10,2017-10-10,,,58,"Yes","No","Male","Same biological mother and father",,1959
4,4,6087,11,"sc",2017-10-10,2017-10-10,,,53,"Yes","No","Male","Same biological mother and father",,1964
4,4,6087,11,"sc",2017-10-10,2017-10-10,,,55,"Yes","No","Female","Same biological mother and father",,1962
4,4,6088,26,"sc",2017-10-11,2017-10-11,,,73,"Yes","No","Male","Same biological mother and father",,1944
4,4,6088,26,"sc",2017-10-11,2017-10-11,,,72,"Yes","No","Male","Same biological mother and father",,1945
4,4,6089,49,"sc",2017-10-11,2017-10-11,,,20,"No","No",,"Same biological mother and father",,1954
4,4,6089,49,"sc",2017-10-11,2017-10-11,,,59,"Yes","No","Male","Same biological mother and father",,1957
4,4,6089,49,"sc",2017-10-11,2017-10-11,,,57,"Yes","No","Male","Same biological mother and father",,1960
4,4,6089,49,"sc",2017-10-11,2017-10-11,,,0,"No","No","Female","Same biological mother and father",,1962
4,4,6091,2,"sc",2017-10-19,2017-10-19,,,87,"Yes","No","Female","Same biological mother and father",,1930
4,4,6091,2,"sc",2017-10-19,2017-10-19,,,80,"Yes","No","Male","Same biological mother and father",,1937
4,4,6092,2,"sc",2017-12-05,2017-12-05,,,62,"Yes","No","Female","Same biological mother and father",,1955
4,4,6093,3,"sc",2017-10-26,2017-10-26,"Brother died of cystic fibrosis",,8,"No","No","Male","Same biological mother and father",,1960
4,4,6093,3,"sc",2017-10-26,2017-10-26,,,56,"Yes","No","Female","Same biological mother and father",,1961
4,4,6094,59,"sc",2017-10-13,2017-10-13,,,48,"No","No","Female","Same biological mother and father",,1943
4,4,6094,59,"sc",2017-10-13,2017-10-13,,,75,"Yes","No","Female","Same biological mother and father",,1942
4,4,6094,59,"sc",2017-10-13,2017-10-13,,,65,"Yes","No","Female","Same biological mother and father",,1952
4,4,6094,59,"sc",2017-10-13,2017-10-13,,,60,"Yes","No","Male","Same biological mother and father",,1958
4,4,6095,14,"sc",2017-10-17,2017-10-17,,,55,"No","No","Male","Same biological mother and father",,1947
4,4,6095,14,"sc",2017-10-17,2017-10-17,,,57,"Yes","No","Male","Same biological mother and father",,1960
4,4,6095,14,"sc",2017-10-17,2017-10-17,,,50,"Yes","No","Male","Same biological mother and father",,1967
4,4,6097,40,"sc",2017-11-07,2017-11-07,,,50,"No","No","Male","Same biological mother and father",,1949
4,4,6097,40,"sc",2017-11-07,2017-11-07,,,55,"No","No","Male","Same biological mother and father",,1957
4,4,6098,58,"sc",2017-10-18,2017-10-18,,,67,"No","No","Male","Same biological mother and father",,1945
4,4,6098,58,"sc",2017-10-18,2017-10-18,,,20,"No","No","Male","Same biological mother and father",,1947
4,4,6098,58,"sc",2017-10-18,2017-10-18,,,68,"Yes","No","Male","Same biological mother and father",,1949
4,4,6099,26,"sc",2017-10-19,2017-10-19,,,78,"Yes","No","Female","Same biological mother and father",,1939
4,4,6100,44,"sc",2017-10-19,2017-10-19,,,40,"No","No","Female","Same biological mother",,1946
4,4,6100,44,"sc",2017-10-19,2017-10-19,"One of the twin brothers",,67,"Yes","No","Male","Same biological mother",,1950
4,4,6100,44,"sc",2017-10-19,2017-10-19,"One of the twin brothers",,40,"No","No","Male","Same biological mother",,1950
4,4,6101,49,"sc",2017-10-19,2017-10-19,"Unknown if sibling had dementia",,70,"No",,"Female","Same biological father",,1920
4,4,6101,49,"sc",2017-10-19,2017-10-19,,,24,"No","No","Male","Same biological father",,1921
4,4,6101,49,"sc",2017-10-19,2017-10-19,,,95,"Yes","No","Female","Same biological father",,1922
4,4,6101,49,"sc",2017-10-19,2017-10-19,,,78,"Yes","No","Female","Same biological mother and father",,1939
4,4,6103,1,"sc",2017-10-25,2017-10-25,,,46,"No","No","Male","Same biological mother and father",,1945
4,4,6103,1,"sc",2017-10-25,2017-10-25,,,64,"Yes","No","Female","Same biological mother and father",,1953
4,4,6104,52,"sc",2017-10-26,2017-10-30,,"Yes",70,"Yes","Yes","Male","Same biological mother and father",66,1946
4,4,6104,52,"sc",2017-10-26,2017-10-30,,,42,"No","No","Male","Same biological mother and father",,1958
4,4,6105,50,"sc",2017-10-26,2017-10-26,,,73,"Yes","No","Female","Same biological mother and father",,1944
4,4,6105,50,"sc",2017-10-26,2017-10-26,,,49,"No","No","Male","Same biological mother and father",,1945
4,4,6105,50,"sc",2017-10-26,2017-10-26,,,65,"No","No","Male","Same biological mother and father",,1947
4,4,6106,54,"sc",2017-11-06,2017-11-06,,,65,"Yes","No","Male","Same biological mother and father",,1952
4,4,6106,54,"sc",2017-11-06,2017-11-06,,,59,"Yes","No","Male","Same biological mother and father",,1958
4,4,6106,54,"sc",2017-11-06,2017-11-06,,,67,"Yes","No","Female","Same biological mother and father",,1950
4,4,6106,54,"sc",2017-11-06,2017-11-06,,,63,"Yes","No","Female","Same biological mother and father",,1954
4,4,6106,54,"sc",2017-11-06,2017-11-06,,,61,"Yes","No","Female","Same biological mother and father",,1956
4,4,6106,54,"sc",2017-11-06,2017-11-06,,,58,"Yes","No","Female","Same biological mother and father",,1959
4,4,6107,58,"sc",2017-10-30,2017-10-30,,,59,"Yes","No","Female","Same biological mother and father",,1958
4,4,6107,58,"sc",2017-10-30,2017-10-30,,,57,"Yes","No","Female","Same biological mother and father",,1960
4,4,6108,58,"sc",2017-11-03,2017-11-03,,,76,"Yes","No","Male","Same biological mother and father",,1941
4,4,6108,58,"sc",2017-11-03,2017-11-03,,,69,"Yes","No","Male","Same biological mother and father",,1948
4,4,6108,58,"sc",2017-11-03,2017-11-03,,,66,"Yes","No","Male","Same biological mother and father",,1951
4,4,6109,11,"sc",2018-01-04,2018-01-04,,,64,"Yes","No","Male","Same biological mother and father",,1953
4,4,6109,11,"sc",2018-01-04,2018-01-04,,,56,"Yes","No","Female","Same biological mother and father",,1961
4,4,6110,52,"sc",2017-10-31,2017-10-31,,,60,"No","No","Female","Same biological mother and father",,1947
4,4,6110,52,"sc",2017-10-31,2017-10-31,,,56,"No","No","Male","Same biological mother and father",,1950
4,4,6110,52,"sc",2017-10-31,2017-10-31,,,21,"No","No","Male","Same biological mother and father",,1955
4,4,6110,52,"sc",2017-10-31,2017-10-31,,,61,"Yes","No","Male","Same biological mother and father",,1956
4,4,6110,52,"sc",2017-10-31,2017-10-31,,,62,"Yes","No","Male","Same biological mother and father",,1957
4,4,6111,50,"sc",2018-03-02,2018-03-02,,"Yes",78,"Yes","Yes","Female","Same biological mother and father",72,1940
4,4,6111,50,"sc",2018-03-02,2018-03-02,,,80,"Yes","No","Female","Same biological mother and father",,1938
4,4,6111,50,"sc",2018-03-02,2018-03-02,,,60,"No","No","Male","Same biological mother and father",,1938
4,4,6112,17,"sc",2017-11-01,2017-11-01,,"Yes",79,"Yes","Yes","Male","Same biological father",64,1938
4,4,6112,17,"sc",2017-11-01,2017-11-01,,,75,"Yes",,"Female","Same biological father",,1942
4,4,6112,17,"sc",2017-11-01,2017-11-01,,"No",71,"Yes","Yes","Female","Same biological father",69,1946
4,4,6113,43,"sc",2017-10-30,2017-10-30,,,71,"Yes","No","Male","Same biological mother and father",,1946
4,4,6113,43,"sc",2017-10-30,2017-10-30,,,66,"Yes","No","Female","Same biological mother and father",,1951
4,4,6114,50,"sc",2017-11-06,2017-11-06,,,69,"Yes","No","Female","Same biological mother and father",,1948
4,4,6114,50,"sc",2017-11-06,2017-11-06,,,63,"Yes","No","Male","Same biological mother and father",,1953
4,4,6115,27,"sc",2017-11-23,2017-11-23,,,,"Yes","No","Female","Same biological mother and father",,1946
4,4,6116,55,"sc",2017-11-03,2017-11-03,,,61,"Yes","No","Male","Same biological mother and father",,1956
4,4,6116,55,"sc",2017-11-03,2017-11-03,,,67,"Yes","No","Female","Same biological mother and father",,1950
4,4,6117,33,"sc",2017-12-05,2017-12-05,,,69,"Yes","No","Male","Same biological mother and father",,1948
4,4,6119,44,"sc",2017-11-06,2017-11-06,,,67,"Yes","No","Female","Same biological mother and father",,1949
4,4,6119,44,"sc",2017-11-06,2017-11-06,,,60,"Yes","No","Male","Same biological mother and father",,1956
4,4,6120,5,"sc",2017-11-14,2017-11-14,,,63,"Yes","No","Female","Same biological mother and father",,1954
4,4,6121,58,"sc",2017-11-08,2017-11-08,,,72,"Yes","No","Male","Same biological mother",,1945
4,4,6121,58,"sc",2017-11-08,2017-11-08,,,74,"Yes","No","Female","Same biological mother",,1943
4,4,6121,58,"sc",2017-11-08,2017-11-08,,,66,"Yes","No","Female","Same biological mother and father",,1951
4,4,6122,38,"sc",2017-11-17,2017-11-17,,"Yes",75,"Yes","Yes","Female","Same biological mother and father",68,1942
4,4,6122,38,"sc",2017-11-17,2017-11-17,,,78,"Yes","No","Female","Same biological mother and father",,1939
4,4,6125,27,"sc",2017-11-23,2017-11-23,,,,"Yes",,"Female","Same biological mother and father",,1946
4,4,6126,17,"sc",2017-11-27,2017-11-27,,,68,"Yes","No","Female","Same biological mother and father",,1949
4,4,6126,17,"sc",2017-11-27,2017-11-27,,,66,"Yes","No","Male","Same biological mother and father",,1951
4,4,6126,17,"sc",2017-11-27,2017-11-27,,,64,"Yes","No","Male","Same biological mother and father",,1953
4,4,6126,17,"sc",2017-11-27,2017-11-27,,,62,"Yes","No","Male","Same biological mother and father",,1955
4,4,6126,17,"sc",2017-11-27,2017-11-27,,,30,"No",,"Male","Same biological mother and father",,1957
4,4,6126,17,"sc",2017-11-27,2017-11-27,,,58,"Yes","No","Female","Same biological mother and father",,1959
4,4,6127,51,"sc",2017-12-05,2017-12-05,,,71,"Yes","No","Female","Same biological mother and father",,1946
4,4,6127,51,"sc",2017-12-05,2017-12-05,,,69,"Yes","No","Female","Same biological mother and father",,1948
4,4,6127,51,"sc",2017-12-05,2017-12-05,,,65,"Yes","No","Male","Same biological mother and father",,1952
4,4,6127,51,"sc",2017-12-05,2017-12-05,,,58,"Yes","No","Male","Same biological mother and father",,1959
4,4,6127,51,"sc",2017-12-05,2017-12-05,,,56,"Yes","No","Female","Same biological mother and father",,1961
4,4,6128,58,"sc",2017-11-28,2017-11-28,,,76,"Yes","No","Female","Same biological mother and father",,1941
4,4,6128,58,"sc",2017-11-28,2017-11-28,,,73,"Yes","No","Female","Same biological mother and father",,1944
4,4,6128,58,"sc",2017-11-28,2017-11-28,,,67,"Yes","No","Female","Same biological mother and father",,1950
4,4,6128,58,"sc",2017-11-28,2017-11-28,,,57,"Yes","No","Male","Same biological mother and father",,1960
4,4,6129,44,"sc",2017-11-30,2017-11-30,,,63,"Yes","No","Male","Same biological mother and father",,1954
4,4,6129,44,"sc",2017-11-30,2017-11-30,,,59,"Yes","No","Male","Same biological mother and father",,1957
4,4,6130,8,"sc",2017-11-21,2017-11-21,,"Yes",79,"No","Yes","Male","Same biological mother and father",74,1929
4,4,6130,8,"sc",2017-11-21,2017-11-21,,,85,"Yes","No","Female","Same biological mother and father",,1931
4,4,6131,58,"sc",2017-12-01,2017-12-01,,,69,"Yes","No","Female","Same biological mother and father",,1948
4,4,6131,58,"sc",2017-12-01,2017-12-01,,,65,"Yes","No","Female","Same biological mother and father",,1951
4,4,6131,58,"sc",2017-12-01,2017-12-01,,,63,"Yes","No","Female","Same biological mother and father",,1953
4,4,6132,58,"sc",2017-12-01,2017-12-01,,,67,"Yes","No","Male","Same biological mother and father",,1950
4,4,6132,58,"sc",2017-12-01,2017-12-01,,,64,"Yes","No","Female","Same biological mother and father",,1953
4,4,6132,58,"sc",2017-12-01,2017-12-01,,,63,"Yes","No","Male","Same biological mother and father",,1954
4,4,6132,58,"sc",2017-12-01,2017-12-01,,,57,"Yes","No","Female","Same biological mother and father",,1960
4,4,6132,58,"sc",2017-12-01,2017-12-01,,,55,"Yes","No","Male","Same biological mother and father",,1962
4,4,6133,44,"sc",2017-11-28,2017-11-28,,,56,"No","No","Male","Same biological mother and father",,1950
4,4,6133,44,"sc",2017-11-28,2017-11-28,,,63,"Yes","No","Male","Same biological mother and father",,1954
4,4,6133,44,"sc",2017-11-28,2017-11-28,,,51,"Yes","No","Male","Same biological mother and father",,1966
4,4,6134,26,"sc",2017-12-12,2017-12-12,,,66,"Yes","No","Female","Same biological mother and father",,1951
4,4,6134,26,"sc",2017-12-12,2017-12-12,,,64,"Yes","No","Male","Same biological mother and father",,1953
4,4,6135,54,"sc",2017-11-28,2017-11-28,,,71,"Yes","No","Female","Same biological mother and father",,1946
4,4,6135,54,"sc",2017-11-28,2017-11-28,,,65,"No","No","Female","Same biological mother and father",,1949
4,4,6136,28,"sc",2017-11-28,2017-11-28,,,65,"Yes","No","Male","Same biological mother and father",,1952
4,4,6136,28,"sc",2017-11-28,2017-11-28,,,57,"Yes","No","Female","Same biological mother and father",,1960
4,4,6136,28,"sc",2017-11-28,2017-11-28,,,55,"Yes","No","Female","Same biological mother and father",,1962
4,4,6137,50,"sc",2018-03-02,2018-03-02,,,70,"Yes","No","Female","Same biological mother and father",,1948
4,4,6139,1,"sc",2017-12-06,2017-12-06,,,58,"Yes","No","Female","Same biological mother and father",,1958
4,4,6139,1,"sc",2017-12-06,2017-12-06,,,55,"Yes","No","Female","Same biological mother and father",,1961
4,4,6139,1,"sc",2017-12-06,2017-12-06,,,59,"Yes","No","Male","Same biological mother and father",,1957
4,4,6139,1,"sc",2017-12-06,2017-12-06,"Worried that this sister might have dementia but she has not been to the doctor for a diagnosis. This sister also abuses alcohol.",,62,"Yes","No","Female","Same biological mother and father",,1955
4,4,6140,15,"sc",2017-11-29,2017-11-29,,,56,"Yes","No","Female","Same biological mother and father",,1961
4,4,6141,27,"sc",2018-01-02,2018-01-02,,,49,"Yes","No","Female","Same biological mother",,1968
4,4,6141,27,"sc",2018-01-02,2018-01-02,,,52,"Yes","No","Male","Same biological mother",,1965
4,4,6141,27,"sc",2018-01-02,2018-01-02,,,53,"Yes","No","Male","Same biological mother",,1964
4,4,6141,27,"sc",2018-01-02,2018-01-02,,,54,"Yes","No","Male","Same biological mother",,1963
4,4,6141,27,"sc",2018-01-02,2018-01-02,,,58,"Yes","No","Female","Same biological mother",,1959
4,4,6141,27,"sc",2018-01-02,2018-01-02,,,30,"No","No","Male","Same biological mother",,1958
4,4,6142,58,"sc",2017-12-05,2017-12-05,,,89,"Yes","No","Female","Same biological mother and father",,1928
4,4,6142,58,"sc",2017-12-05,2017-12-05,"Subject and study partner can not remember the year/age of death for subject's deceased sister",,,"No","No","Female","Same biological mother and father",,1930
4,4,6142,58,"sc",2017-12-05,2017-12-05,,,85,"Yes","No","Female","Same biological mother and father",,1932
4,4,6143,51,"sc",2018-01-02,2018-01-16,"Patient is adopted unknown sibling HX",,,,,,,,
4,4,6144,27,"sc",2017-12-07,2017-12-07,,,,"Yes","No","Female","Same biological mother and father",,1955
4,4,6144,27,"sc",2017-12-07,2017-12-07,,,,"Yes","No","Male","Same biological father",,1958
4,4,6144,27,"sc",2017-12-07,2017-12-07,,,,"Yes","No","Male","Same biological father",,1960
4,4,6144,27,"sc",2017-12-07,2017-12-07,,,,"Yes","No","Male","Same biological father",,1979
4,4,6144,27,"sc",2017-12-07,2017-12-07,,,,"Yes","No","Female","Same biological father",,1962
4,4,6145,11,"sc",2017-12-19,2017-12-19,,,67,"Yes","No","Male","Same biological mother and father",,1950
4,4,6146,49,"sc",2017-12-07,2017-12-07,,,74,"Yes","No","Female","Same biological father",,1943
4,4,6146,49,"sc",2017-12-07,2017-12-07,,,67,"Yes","No","Female","Same biological mother and father",,1950
4,4,6147,47,"sc",2018-02-12,2018-02-12,,,,"Yes","No","Female","Same biological mother",,1934
4,4,6147,47,"sc",2018-02-12,2018-02-12,,,,"Yes","No","Female","Same biological mother and father",,1954
4,4,6147,47,"sc",2018-02-12,2018-02-12,"Brother thinks some cognitive impairment",,,"Yes","No","Male","Same biological mother and father",,1954
4,4,6147,47,"sc",2018-02-12,2018-02-12,,,,"Yes","No","Male","Same biological mother and father",,1947
4,4,6148,11,"sc",2018-01-08,2018-01-08,,,76,"Yes","No","Female","Same biological mother and father",,1941
4,4,6148,11,"sc",2018-01-08,2018-01-08,,,70,"Yes","No","Male","Same biological mother and father",,1947
4,4,6149,6,"sc",2017-12-12,2017-12-12,,,72,"Yes","No","Female","Same biological mother and father",,1945
4,4,6149,6,"sc",2017-12-12,2017-12-12,,,71,"Yes","No","Female","Same biological mother and father",,1946
4,4,6149,6,"sc",2017-12-12,2017-12-12,,,69,"Yes","No","Female","Same biological mother and father",,1948
4,4,6149,6,"sc",2017-12-12,2017-12-12,,,69,"Yes","No","Male","Same biological mother and father",,1950
4,4,6149,6,"sc",2017-12-12,2017-12-12,"Age of death: 18 months",,1,"No","No","Female","Same biological mother and father",,1960
4,4,6150,55,"sc",2018-01-10,2018-01-10,,,63,"Yes","No","Male","Same biological mother and father",,1955
4,4,6150,55,"sc",2018-01-10,2018-01-10,,,60,"Yes","No","Male","Same biological mother and father",,1957
4,4,6150,55,"sc",2018-01-10,2018-01-10,,,55,"Yes","No","Male","Same biological mother and father",,1964
4,4,6150,55,"sc",2018-01-10,2018-01-10,,,55,"Yes","No","Male","Same biological mother and father",,1964
4,4,6151,58,"sc",2017-12-15,2017-12-15,,,66,"Yes","No","Female","Same biological mother and father",,1951
4,4,6151,58,"sc",2017-12-15,2018-01-03,,,64,"Yes","No","Female","Same biological mother and father",,1953
4,4,6151,58,"sc",2017-12-15,2017-12-15,,,63,"Yes","No","Male","Same biological mother and father",,1954
4,4,6151,58,"sc",2017-12-15,2017-12-15,,,61,"Yes","No","Male","Same biological mother and father",,1956
4,4,6152,38,"sc",2017-12-22,2017-12-22,,,68,"Yes","No","Male","Same biological mother and father",,1949
4,4,6152,38,"sc",2017-12-22,2017-12-22,"sibling 1 and 2 are twins",,68,"Yes","No","Male","Same biological mother and father",,1949
4,4,6152,38,"sc",2017-12-22,2017-12-22,,,62,"Yes","No","Female","Same biological mother and father",,1954
4,4,6152,38,"sc",2017-12-22,2017-12-22,,,58,"Yes","No","Female","Same biological mother and father",,1958
4,4,6154,51,"sc",2017-12-27,2017-12-27,,,71,"Yes","No","Female","Same biological mother and father",,1947
4,4,6155,39,"sc",2017-12-14,2017-12-14,,,70,"Yes","No","Female","Same biological mother and father",,1947
4,4,6155,39,"sc",2017-12-14,2017-12-14,"Because of the age of onset, not sure if it is AD, has not been diagnosed","No",68,"Yes","Yes","Male","Same biological mother and father",46,1949
4,4,6155,39,"sc",2017-12-14,2017-12-14,,,63,"Yes","No","Female","Same biological mother and father",,1954
4,4,6155,39,"sc",2017-12-14,2017-12-14,,,61,"Yes","No","Female","Same biological mother and father",,1956
4,4,6155,39,"sc",2017-12-14,2017-12-14,,,57,"Yes","No","Male","Same biological mother and father",,1960
4,4,6156,25,"sc",2017-12-14,2017-12-14,,,73,"Yes","No","Male","Same biological mother and father",,1944
4,4,6156,25,"sc",2017-12-14,2017-12-14,,,69,"Yes","No","Male","Same biological mother and father",,1948
4,4,6156,25,"sc",2017-12-14,2017-12-14,,,69,"Yes","No","Male","Same biological mother and father",,1948
4,4,6156,25,"sc",2017-12-14,2017-12-14,,,68,"Yes","No","Male","Same biological mother and father",,1949
4,4,6157,62,"sc",2018-01-26,2018-01-26,,,85,"Yes","Yes","Female","Same biological mother and father",81,1932
4,4,6157,62,"sc",2018-01-26,2018-01-26,,,83,"Yes","No","Male","Same biological mother and father",,1934
4,4,6157,62,"sc",2018-01-31,2018-01-31,,,75,"Yes","Yes","Male","Same biological mother and father",74,1942
4,4,6157,62,"sc",2018-01-31,2018-01-31,,,73,"Yes","No","Female","Same biological mother and father",,1944
4,4,6157,62,"sc",2018-01-31,2018-01-31,,,56,"No","No","Male","Same biological mother and father",,1937
4,4,6157,62,"sc",2018-01-31,2018-01-31,,,56,"No","No","Female","Same biological mother and father",,1939
4,4,6157,62,"sc",2018-01-31,2018-01-31,,,70,"Yes","No","Male","Same biological mother and father",,1947
4,4,6157,62,"sc",2018-01-31,2018-01-31,,,64,"Yes","No","Male","Same biological mother and father",,1954
4,4,6158,2,"sc",2018-02-09,2018-02-09,,,62,"Yes","No","Female","Same biological mother and father",,1955
4,4,6159,28,"sc",2017-12-19,2017-12-19,,,71,"Yes","No","Female","Same biological mother and father",,1946
4,4,6160,25,"sc",2017-12-21,2017-12-21,,,58,"Yes","No","Female","Same biological mother and father",,1959
4,4,6160,25,"sc",2017-12-21,2017-12-21,,,56,"Yes","No","Female","Same biological mother and father",,1961
4,4,6160,25,"sc",2017-12-21,2017-12-21,,,52,"Yes","No","Female","Same biological mother and father",,1965
4,4,6161,50,"sc",2018-01-09,2018-01-09,,,63,"Yes","No","Female","Same biological mother and father",,1955
4,4,6162,38,"sc",2018-01-12,2018-01-12,,,69,"Yes","No","Female","Same biological mother and father",,1949
4,4,6162,38,"sc",2018-01-12,2018-01-12,,,68,"Yes","No","Male","Same biological mother and father",,1950
4,4,6162,38,"sc",2018-01-12,2018-01-12,,,61,"Yes","No","Male","Same biological mother and father",,1951
4,4,6163,6,"sc",2018-02-01,2018-02-01,,,65,"Yes","No","Male","Same biological mother and father",,1952
4,4,6164,41,"sc",2018-01-12,2018-01-12,,,71,"Yes","No","Male","Same biological mother and father",,1946
4,4,6164,41,"sc",2018-01-12,2018-01-12,,,72,"Yes","No","Female","Same biological mother and father",,1945
4,4,6165,41,"sc",2018-02-13,2018-02-13,,,74,"Yes","No","Male","Same biological mother and father",,1943
4,4,6167,47,"sc",2018-02-06,2018-02-06,,,65,"Yes","No","Male","Same biological mother and father",,1952
4,4,6167,47,"sc",2018-02-06,2018-02-06,,,70,"Yes","No","Male","Same biological mother and father",,1947
4,4,6167,47,"sc",2018-02-06,2018-02-06,,,67,"No","No","Male","Same biological mother and father",,1948
4,4,6167,47,"sc",2018-02-06,2018-02-06,,,60,"No","No","Male","Same biological mother",,1931
4,4,6168,47,"sc",2018-02-08,2018-02-09,"Unknown if AD",,75,"No","Yes","Female","Same biological mother and father",69,1940
4,4,6168,47,"sc",2018-02-08,2018-02-08,,,82,"Yes","No","Male","Same biological mother and father",,1936
4,4,6168,47,"sc",2018-02-08,2018-02-08,,,81,"Yes","No","Male","Same biological mother and father",,1937
4,4,6170,51,"sc",2018-02-15,2018-02-15,,,70,"Yes","Yes","Female","Same biological mother and father",64,1947
4,4,6170,51,"sc",2018-02-15,2018-02-15,,,69,"Yes","No","Male","Same biological mother and father",,1949
4,4,6170,51,"sc",2018-02-15,2018-02-15,,,67,"Yes","No","Female","Same biological mother and father",,1950
4,4,6170,51,"sc",2018-02-15,2018-02-15,,,65,"Yes","No","Female","Same biological mother and father",,1952
4,4,6170,51,"sc",2018-02-15,2018-02-15,,,50,"No","No","Male","Same biological mother and father",,1954
4,4,6170,51,"sc",2018-02-15,2018-02-15,,,61,"Yes","No","Male","Same biological mother and father",,1956
4,4,6171,55,"sc",2018-01-11,2018-01-11,,,50,"No","No","Male","Same biological mother and father",,1925
4,4,6171,55,"sc",2018-01-11,2018-01-11,,,82,"No","No","Male","Same biological mother and father",,1929
4,4,6171,55,"sc",2018-01-11,2018-01-11,,,40,"No","No","Male","Same biological mother and father",,1935
4,4,6172,55,"sc",2018-01-12,2018-01-12,,,78,"Yes","No","Female","Same biological mother and father",,1939
4,4,6172,55,"sc",2018-01-12,2018-01-12,,,74,"No","No","Male","Same biological mother and father",,1943
4,4,6173,47,"sc",2018-01-24,2018-01-24,,,72,"Yes","No","Male","Same biological mother and father",,1945
4,4,6173,47,"sc",2018-01-24,2018-01-24,,,68,"Yes","No","Male","Same biological mother and father",,1950
4,4,6173,47,"sc",2018-01-24,2018-01-24,,,55,"Yes","No","Male","Same biological mother and father",,1962
4,4,6175,40,"sc",2018-03-05,2018-03-05,,,71,"Yes","No","Male","Same biological mother and father",,1943
4,4,6176,55,"sc",2018-01-15,2018-01-15,,,57,"Yes","No","Female","Same biological mother and father",,1960
4,4,6176,55,"sc",2018-01-15,2018-01-15,,,54,"Yes","No","Male","Same biological mother and father",,1964
4,4,6176,55,"sc",2018-01-15,2018-01-15,,,50,"Yes","No","Female","Same biological mother and father",,1968
4,4,6177,55,"sc",2018-01-16,2018-01-16,,,60,"Yes","No","Male","Same biological mother and father",,1958
4,4,6177,55,"sc",2018-01-16,2018-01-16,,,58,"Yes","No","Male","Same biological mother and father",,1960
4,4,6178,55,"sc",2018-01-16,2018-01-16,,,67,"Yes","No","Female","Same biological mother and father",,1949
4,4,6178,55,"sc",2018-01-16,2018-01-16,,,58,"Yes","No","Female","Same biological mother and father",,1960
4,4,6179,26,"sc",2018-01-16,2018-01-16,,,87,"Yes","No","Female","Same biological mother and father",,1930
4,4,6180,58,"sc",2018-01-19,2018-01-19,,,80,"Yes","No","Female","Same biological mother and father",,1936
4,4,6180,58,"sc",2018-01-19,2018-01-19,,,78,"Yes","No","Female","Same biological mother and father",,1938
4,4,6181,55,"sc",2018-01-17,2018-01-17,,,62,"Yes","No","Male","Same biological mother and father",,1955
4,4,6181,55,"sc",2018-01-17,2018-01-17,,,28,"No","No","Female","Same biological mother and father",,1956
4,4,6181,55,"sc",2018-01-17,2018-01-17,,,0,"No","No","Female","Same biological mother and father",,1959
4,4,6183,20,"sc",2018-01-23,2018-01-23,,,63,"Yes","No","Male","Same biological mother and father",,1955
4,4,6183,20,"sc",2018-01-23,2018-01-23,,,53,"Yes","No","Female","Same biological mother and father",,1965
4,4,6184,19,"sc",2018-01-19,2018-01-19,,,66,"Yes","No","Male","Same biological mother and father",,1951
4,4,6184,19,"sc",2018-01-19,2018-01-19,,,59,"Yes","No","Female","Same biological mother and father",,1958
4,4,6184,19,"sc",2018-01-19,2018-01-19,,,49,"Yes","No","Female","Same biological mother and father",,1968
4,4,6186,14,"sc",2018-01-22,2018-01-22,,,59,"No","No","Female","Same biological mother and father",,1921
4,4,6186,14,"sc",2018-01-22,2018-01-22,,,62,"No","No","Male","Same biological mother and father",,1923
4,4,6186,14,"sc",2018-01-22,2018-01-22,,,45,"No","No","Male","Same biological mother and father",,1931
4,4,6188,62,"sc",2018-03-02,2018-03-02,,,67,"Yes","No","Male","Same biological mother and father",,1950
4,4,6188,62,"sc",2018-03-02,2018-03-02,,,64,"Yes","No","Female","Same biological mother and father",,1953
4,4,6188,62,"sc",2018-03-02,2018-03-02,,,62,"Yes","No","Male","Same biological mother and father",,1955
4,4,6188,62,"sc",2018-03-02,2018-03-02,,,59,"Yes","No","Male","Same biological mother and father",,1958
4,4,6188,62,"sc",2018-03-02,2018-03-02,,,57,"Yes","No","Female","Same biological mother and father",,1960
4,4,6189,26,"sc",2018-01-29,2018-01-29,,"Yes",69,"No","Yes","Male","Same biological mother and father",59,1944
4,4,6190,38,"sc",2018-03-07,2018-03-07,,,55,"Yes","No","Male","Same biological mother and father",,1963
4,4,6190,38,"sc",2018-03-07,2018-03-07,,,60,"Yes","No","Male","Same biological mother and father",,1958
4,4,6190,38,"sc",2018-03-07,2018-03-07,,,65,"No","No","Male","Same biological mother and father",,1952
4,4,6191,34,"sc",2018-01-23,2018-01-23,,,61,"Yes","No","Female","Same biological mother and father",,1956
4,4,6191,34,"sc",2018-01-23,2018-01-23,,,57,"Yes","No","Female","Same biological mother and father",,1960
4,4,6192,28,"sc",2018-01-30,2018-01-30,,,,"Yes","No","Female","Same biological mother and father",,1942
4,4,6192,28,"sc",2018-01-30,2018-01-30,,,,"Yes","No","Female","Same biological mother and father",,1952
4,4,6192,28,"sc",2018-01-30,2018-01-30,,,80,"Yes","No","Female","Same biological mother and father",,1937
4,4,6192,28,"sc",2018-01-30,2018-01-30,,,,"Yes","No","Female","Same biological mother and father",,1944
4,4,6193,49,"sc",2018-01-24,2018-01-24,,,68,"Yes","No","Male","Same biological mother and father",,1949
4,4,6193,49,"sc",2018-01-24,2018-01-24,,,66,"Yes","No","Female","Same biological mother and father",,1951
4,4,6193,49,"sc",2018-01-24,2018-01-24,,,64,"Yes","No","Male","Same biological mother and father",,1953
4,4,6194,58,"sc",2018-01-30,2018-01-30,,,81,"Yes","No","Male","Same biological mother and father",,1937
4,4,6194,58,"sc",2018-01-30,2018-01-30,,,,"No","No","Male","Same biological mother and father",,1941
4,4,6195,25,"sc",2018-01-26,2018-01-26,,"Yes",80,"Yes","Yes","Female","Same biological mother and father",75,1937
4,4,6195,25,"sc",2018-01-26,2018-01-26,,,77,"Yes","No","Male","Same biological mother and father",,1941
4,4,6195,25,"sc",2018-01-26,2018-01-26,,,73,"Yes","No","Male","Same biological mother and father",,1945
4,4,6195,25,"sc",2018-01-26,2018-01-26,,,74,"Yes","No","Male","Same biological mother and father",,1942
4,4,6196,4,"sc",2018-01-26,2018-01-26,"Sibling had ALS",,55,"No","No","Male","Same biological mother and father",,1940
4,4,6196,4,"sc",2018-01-26,2018-01-26,,,75,"Yes","No","Female","Same biological mother and father",,1942
4,4,6196,4,"sc",2018-01-26,2018-01-26,,,63,"Yes","No","Male","Same biological mother and father",,1954
4,4,6197,37,"sc",2018-02-15,2018-02-15,,,74,"Yes","No","Male","Same biological mother and father",,1943
4,4,6198,55,"sc",2018-01-29,2018-01-29,,,67,"Yes","No","Male","Same biological mother and father",,1950
4,4,6198,55,"sc",2018-01-29,2018-01-29,,,65,"Yes","No","Female","Same biological mother and father",,1952
4,4,6198,55,"sc",2018-01-29,2018-01-29,,,59,"Yes","No","Male","Same biological mother and father",,1958
4,4,6198,55,"sc",2018-01-29,2018-01-29,,,63,"Yes","No","Female","Same biological mother and father",,1954
4,4,6199,11,"sc",2018-02-05,2018-02-05,,"Yes",79,"No","Yes","Female","Same biological mother and father",69,1940
4,4,6199,11,"sc",2018-02-05,2018-02-05,,"Yes",75,"Yes","Yes","Male","Same biological mother and father",72,1943
4,4,6199,11,"sc",2018-02-05,2018-02-05,,,2,"No","No","Male","Same biological mother and father",,1956
4,4,6200,25,"sc",2018-02-01,2018-02-01,,,77,"Yes","No","Female","Same biological mother and father",,1940
4,4,6200,25,"sc",2018-02-01,2018-02-01,,,76,"Yes","No","Male","Same biological mother and father",,1941
4,4,6200,25,"sc",2018-02-01,2018-02-01,,,70,"Yes","No","Female","Same biological mother and father",,1947
4,4,6200,25,"sc",2018-02-01,2018-02-01,,,63,"Yes","No","Male","Same biological mother and father",,1952
4,4,6200,25,"sc",2018-02-01,2018-02-01,,,35,"No","No","Male","Same biological mother and father",,1952
4,4,6200,25,"sc",2018-02-01,2018-02-01,,,64,"Yes","No","Female","Same biological mother and father",,1954
4,4,6202,19,"sc",2018-02-02,2018-02-02,,,75,"Yes","No","Male","Same biological mother and father",,1942
4,4,6207,13,"sc",2018-02-07,2018-02-07,"brother had a stroke in 2014. Has had 3 strokes in total between 2014-present. Cognitive impairment related to this.","No",77,"Yes","Yes","Male","Same biological mother and father",74,1940
4,4,6208,45,"sc",2018-02-06,2018-02-06,,,61,"Yes","No","Male","Same biological mother and father",,1955
4,4,6208,45,"sc",2018-02-06,2018-02-06,,,69,"Yes","No","Female","Same biological mother and father",,1948
4,4,6209,4,"sc",2018-02-07,2018-02-07,"cannot see/hear well, so unknown",,76,"Yes","No","Female","Same biological mother and father",,1941
4,4,6210,11,"sc",2018-02-15,2018-02-15,,,71,"No","No","Female","Same biological mother",,1937
4,4,6210,11,"sc",2018-02-15,2018-02-15,,,71,"No","No","Female","Same biological mother",,1943
4,4,6210,11,"sc",2018-02-15,2018-02-15,,,68,"Yes","No","Female","Same biological mother and father",,1950
4,4,6210,11,"sc",2018-02-15,2018-02-15,,,56,"Yes","No","Female","Same biological mother and father",,1961
4,4,6211,23,"sc",2018-02-08,2018-02-08,,,74,"No","No","Male","Same biological mother",,1933
4,4,6212,6,"sc",2018-02-14,2018-02-14,,,69,"Yes","No","Female","Same biological mother and father",,1948
4,4,6213,42,"sc",2018-02-22,2018-03-06,"1. 1951 brother living - but has bipolar -n no dementia
2. 1943 died at age 73 (drinking problem) on nov 2016",,66,"Yes","No","Male","Same biological mother and father",,1951
4,4,6213,42,"sc",2018-02-22,2018-02-23,"she had drinking problem",,73,"No","No","Female","Same biological mother and father",,1943
4,4,6214,42,"sc",2018-02-23,2018-02-23,,,68,"Yes","No","Female","Same biological mother and father",,1950
4,4,6214,42,"sc",2018-02-23,2018-02-23,,,62,"Yes","No","Male","Same biological mother and father",,1954
4,4,6214,42,"sc",2018-02-23,2018-02-23,,,58,"Yes","No","Male","Same biological mother and father",,1960
4,4,6215,42,"sc",2018-02-26,2018-02-26,,,75,"Yes","No","Female","Same biological mother and father",,1943
4,4,6215,42,"sc",2018-02-26,2018-02-26,,,72,"Yes","No","Female","Same biological mother and father",,1946
4,4,6215,42,"sc",2018-02-26,2018-02-26,,,71,"Yes","No","Female","Same biological mother and father",,1947
4,4,6215,42,"sc",2018-02-26,2018-02-26,,,70,"Yes","No","Female","Same biological mother",,1948
4,4,6215,42,"sc",2018-02-26,2018-02-26,,,62,"Yes","No","Female","Same biological mother",,1956
4,4,6215,42,"sc",2018-02-26,2018-02-26,,,58,"No","No","Female","Same biological mother",,1960
4,4,6224,61,"sc",2018-02-13,2018-02-13,,,77,"Yes","No","Female","Same biological mother and father",,1940
4,4,6224,61,"sc",2018-02-13,2018-02-13,,,72,"Yes","No","Female","Same biological mother and father",,1945
4,4,6224,61,"sc",2018-02-13,2018-02-13,,,57,"No","No","Female","Same biological mother and father",,1950
4,4,6225,55,"sc",2018-02-12,2018-02-12,,,81,"Yes","No","Male","Same biological father",,1936
4,4,6226,28,"sc",2018-02-16,2018-02-16,,,60,"Yes","No","Male","Same biological mother and father",,1956
4,4,6227,15,"sc",2018-02-12,2018-02-12,,,57,"Yes","No","Female","Same biological mother and father",,1960
4,4,6228,49,"sc",2018-02-16,2018-02-16,,,62,"No","No","Male","Same biological mother and father",,1927
4,4,6228,49,"sc",2018-02-16,2018-02-16,,,86,"No","No","Female","Same biological mother and father",,1930
4,4,6228,49,"sc",2018-02-16,2018-02-16,,,83,"Yes","No","Female","Same biological mother and father",,1934
4,4,6228,49,"sc",2018-02-16,2018-02-16,,,49,"Yes","No","Male","Same biological mother and father",,1938
4,4,6228,49,"sc",2018-02-16,2018-02-16,,,71,"Yes","No","Male","Same biological mother and father",,1946
4,4,6229,34,"sc",2018-02-13,2018-02-13,,,77,"Yes","No","Male","Same biological mother and father",,1940
4,4,6229,34,"sc",2018-02-13,2018-02-13,,,75,"Yes","No","Male","Same biological mother and father",,1942
4,4,6231,26,"sc",2018-02-22,2018-02-22,,,78,"Yes","No","Female","Same biological mother and father",,1939
4,4,6231,26,"sc",2018-02-22,2018-02-22,,,72,"No","No","Female","Same biological mother and father",,1944
4,4,6233,58,"sc",2018-02-14,2018-02-14,,,,"Yes","No","Male","Same biological mother",,1949
4,4,6233,58,"sc",2018-02-14,2018-02-14,,,,"Yes","No","Female","Same biological mother",,1951
4,4,6233,58,"sc",2018-02-14,2018-02-14,,,,"Yes","No","Male","Same biological mother",,1953
4,4,6233,58,"sc",2018-02-14,2018-02-14,,,,"Yes","No","Female","Same biological mother",,1954
4,4,6234,4,"sc",2018-02-14,2018-02-14,,,66,"Yes","No","Male","Same biological mother and father",,1951
4,4,6234,4,"sc",2018-02-14,2018-02-14,,,64,"Yes","No","Female","Same biological mother and father",,1954
4,4,6235,55,"sc",2018-02-15,2018-02-15,,,73,"Yes","No","Male","Same biological mother and father",,1944
4,4,6235,55,"sc",2018-02-15,2018-02-15,,,69,"Yes","No","Male","Same biological mother and father",,1948
4,4,6236,34,"sc",2018-02-15,2018-02-15,,,86,"Yes","No","Male","Same biological mother and father",,1932
4,4,6237,57,"sc",2018-02-15,2018-02-15,,,,"Yes","No","Male","Same biological mother and father",,1958
4,4,6237,57,"sc",2018-02-15,2018-02-15,,,,"Yes","No","Male","Same biological mother and father",,1959
4,4,6237,57,"sc",2018-02-15,2018-02-15,,,,"Yes","No","Female","Same biological mother and father",,1966
4,4,6239,41,"sc",2018-02-21,2018-02-21,"Subject adopted.  Knows her bio mom had 3 children before her (1/2 sibs) 2 older brothers, 1 older sister.  No other details on their age/living or dead, etc.",,,,,"Male","Same biological mother",,
4,4,6239,41,"sc",2018-02-21,2018-02-21,"Subject adopted.  Knows her bio mom had 3 children before her (1/2 sibs) 2 older brothers, 1 older sister.  No other details on their age/living or dead, etc.",,,,,"Male","Same biological mother",,
4,4,6239,41,"sc",2018-02-21,2018-02-21,"Subject adopted.  Knows her bio mom had 3 children before her (1/2 sibs) 2 older brothers, 1 older sister.  No other details on their age/living or dead, etc.",,,,,"Female","Same biological mother",,
4,4,6240,55,"sc",2018-02-16,2018-02-16,,,64,"Yes","No","Female","Same biological mother and father",,1953
4,4,6240,55,"sc",2018-02-16,2018-02-16,,,51,"Yes","No","Female","Same biological mother and father",,1966
4,4,6240,55,"sc",2018-02-16,2018-02-16,,,51,"Yes","No","Female","Same biological mother and father",,1955
4,4,6242,38,"sc",2018-03-07,2018-03-07,,,59,"Yes","No","Male","Same biological mother and father",,1959
4,4,6242,38,"sc",2018-03-07,2018-03-07,,,56,"Yes","No","Female","Same biological mother and father",,1961
4,4,6243,4,"sc",2018-02-22,2018-02-22,,,65,"Yes","No","Male","Same biological mother and father",,1953
4,4,6243,4,"sc",2018-02-22,2018-02-22,,,59,"Yes","No","Male","Same biological mother and father",,1958
4,4,6243,4,"sc",2018-02-22,2018-02-22,,,49,"Yes","No","Male","Same biological mother and father",,1967
4,4,6244,49,"sc",2018-02-23,2018-02-23,,,68,"Yes","No","Female","Same biological mother and father",,1949
4,4,6244,49,"sc",2018-02-23,2018-02-23,,,57,"Yes","No","Male","Same biological mother and father",,1959
4,4,6244,49,"sc",2018-02-23,2018-02-23,,,15,"No","No","Female","Same biological mother and father",,1963
4,4,6244,49,"sc",2018-02-23,2018-02-23,,,53,"Yes","No","Female","Same biological mother",,1965
4,4,6245,49,"sc",2018-02-23,2018-02-23,,,53,"Yes","No","Female","Same biological mother and father",,1964
4,4,6245,49,"sc",2018-02-23,2018-02-23,,,55,"Yes","No","Female","Same biological mother and father",,1962
4,4,6245,49,"sc",2018-02-23,2018-02-23,,,58,"Yes","No","Male","Same biological mother and father",,1959
4,4,6245,49,"sc",2018-02-23,2018-02-23,,,61,"Yes","No","Male","Same biological mother and father",,1956
4,4,6245,49,"sc",2018-02-23,2018-02-23,,,63,"Yes","No","Female","Same biological mother and father",,1954
4,4,6245,49,"sc",2018-02-23,2018-02-23,,,65,"Yes","No","Female","Same biological mother and father",,1952
4,4,6245,49,"sc",2018-02-23,2018-02-23,,,64,"No","No","Female","Same biological mother and father",,1949
4,4,6249,41,"sc",2018-03-02,2018-03-02,,,67,"Yes","No","Male","Same biological mother and father",,1950
4,4,6252,4,"sc",2018-02-28,2018-02-28,,,69,"Yes","No","Female","Same biological mother and father",,1948
4,4,6252,4,"sc",2018-02-28,2018-02-28,,,67,"Yes","No","Male","Same biological mother and father",,1950
4,4,6252,4,"sc",2018-02-28,2018-02-28,,,62,"Yes","No","Female","Same biological mother and father",,1955
4,4,6253,55,"sc",2018-03-01,2018-03-01,,,64,"Yes","No","Female","Same biological mother and father",,1953
4,4,6253,55,"sc",2018-03-01,2018-03-01,,,64,"Yes","No","Female","Same biological mother and father",,1953
4,4,6253,55,"sc",2018-03-01,2018-03-01,,,63,"Yes","No","Female","Same biological mother and father",,1954
4,4,6253,55,"sc",2018-03-01,2018-03-01,,,61,"Yes","No","Female","Same biological mother and father",,1956
4,4,6253,55,"sc",2018-03-01,2018-03-01,,,60,"No","No","Female","Same biological mother and father",,1957
4,4,6253,55,"sc",2018-03-01,2018-03-01,,,59,"Yes","No","Male","Same biological mother and father",,1958
4,4,6253,55,"sc",2018-03-01,2018-03-01,,,57,"Yes","No","Male","Same biological mother and father",,1960
4,4,6253,55,"sc",2018-03-01,2018-03-01,,,57,"Yes","No","Female","Same biological mother and father",,1960
4,4,6253,55,"sc",2018-03-01,2018-03-01,,,55,"Yes","No","Male","Same biological mother and father",,1962
4,4,6256,2,"sc",2018-03-06,2018-03-06,,"Yes",73,"Yes","Yes","Female","Same biological mother",72,1945
4,4,6256,2,"sc",2018-03-06,2018-03-06,,,70,"Yes","No","Female","Same biological mother",,1947
4,4,6256,2,"sc",2018-03-06,2018-03-06,,"Yes",61,"Yes","Yes","Female","Same biological mother",61,1955
4,4,6256,2,"sc",2018-03-06,2018-03-06,,,54,"Yes","No","Female","Same biological mother",,1958
4,4,6256,2,"sc",2018-03-06,2018-03-06,,,54,"Yes","No","Male","Same biological mother",,1963
4,4,6262,59,"sc",2018-03-05,2018-03-05,,,61,"Yes","No","Female","Same biological mother and father",,1956
4,4,6262,59,"sc",2018-03-05,2018-03-05,,,66,"Yes","No","Female","Same biological mother and father",,1951
4,4,6262,59,"sc",2018-03-05,2018-03-05,,,69,"Yes","No","Female","Same biological mother and father",,1949
4,4,6262,59,"sc",2018-03-05,2018-03-05,,,71,"Yes","No","Male","Same biological mother and father",,1947
4,4,6262,59,"sc",2018-03-05,2018-03-05,,,72,"Yes","No","Male","Same biological mother and father",,1946
4,4,6262,59,"sc",2018-03-05,2018-03-05,"MCI at age 68",,73,"Yes","No","Female","Same biological mother and father",,1944
4,4,6262,59,"sc",2018-03-05,2018-03-05,,,76,"Yes","No","Female","Same biological mother and father",,1941
