1,1,2,107,"sc",2008-04-02,2009-09-27,1,1,2008-01-11,,1,2008-01-11,"Memory and Aging Project brain donation program at Washington University"
1,1,3,107,"sc",2008-04-02,2009-09-27,1,2,,"Clarified with spouse.  Participant has not given consent for brain donation at this time.",,,
1,1,5,107,"sc",2009-05-26,2009-09-27,1,2,,"No reason given per spouse - just ""no.""",,,
1,1,8,107,"sc",2008-04-02,2009-09-27,1,1,2003-04-09,,1,2003-04-09,"Memory and Aging Project Brain autopsy program at Washington University"
1,1,10,107,"sc",2009-05-12,2009-09-27,1,2,,"Son refuses to allow her to participate any any brain or body donation programs after death.",,,
1,1,15,4,"sc",2008-04-09,2009-09-27,1,1,2007-09-13,,,,
1,1,21,107,"sc",2009-05-12,2009-09-27,1,1,2008-10-22,,1,2008-10-22,"Memory and Aging Project brain donation program at Washington University School of Medicine"
1,1,22,107,"sc",2008-04-02,2009-09-27,1,1,2005-05-19,,1,2005-05-19,"Memory and Aging Project brain donation at Washington University School of Medicine"
1,1,23,107,"sc",2009-05-11,2009-09-27,1,2,,"Subject reports that his wife is uncomfortable with brain autopsy.",,,
1,1,53,107,"sc",2008-04-02,2009-09-27,1,1,2008-01-02,,1,2008-01-02,"Memory and Aging Project brain donation program through Washington University School of Medicine"
1,1,68,2,"sc",2010-01-18,,1,2,,"Signed as part of ADPR",1,2005-11-13,"Alzheimer's Disease Patient Registry"
1,1,69,4,"sc",2008-04-09,2009-09-27,1,1,2007-08-02,,,,
1,1,128,2,"sc",2010-02-24,,1,2,,"Signed as part of another study",1,2004-12-02,"Mayo ADRC"
1,1,158,124,"sc",2009-03-24,2009-09-27,1,1,2009-03-24,,,,
1,1,183,107,"sc",2009-05-12,2009-09-27,1,1,2008-04-09,,1,2008-04-09,"Memory and Aging Project brain donation program at Washington University School of Medicine"
1,1,190,4,"sc",2008-04-09,2009-09-27,1,1,2007-08-09,,,,
1,1,214,16,"sc",2010-07-02,,1,2,,,1,2010-07-02,"Emory Alzheimer's Disease Research Center"
1,1,241,107,"sc",2009-04-30,2009-09-27,1,2,,"Subject and daughter are ""not comfortable"" with brain autopsy.",,,
1,1,283,124,"sc",2009-04-24,2009-09-27,1,2,,"Participant does not want to participate.",,,
1,1,293,2,"sc",2010-12-22,,1,2,,"Previously signed autopsy consent for other study.",1,1997-10-25,"Alzheimer's Disease Patient Registry"
1,1,296,4,"sc",2008-04-09,2009-09-27,1,1,2008-01-10,,,,
1,1,301,124,"sc",2009-08-20,2009-09-27,1,1,2009-04-22,,,,
1,1,326,107,"sc",2009-05-12,2009-09-27,1,1,2009-05-06,,1,2009-05-06,"Memory and Aging Project brain donation program at Washington University School of Medicine"
1,1,344,2,"sc",2009-06-04,2009-09-27,1,2,,"Autopsy consent signed for another study",1,2007-12-03,"ADRC"
1,1,362,107,"sc",2008-04-02,2009-09-27,1,1,2003-08-26,,1,2003-08-26,"Memory and Aging Project brain donation program at Washington University."
1,1,443,124,"sc",2009-08-19,2009-09-27,1,2,,"Participant not interested",,,
1,1,459,124,"sc",2009-05-05,2009-09-27,1,2,,"Participant hasn't decided if he would like to participate.",,,
1,1,479,16,"sc",2010-07-02,2010-07-02,1,2,,,1,2009-06-25,"Emory Alzheimer's Disease Research Center"
1,1,481,124,"sc",2009-06-11,2009-09-27,1,2,,"Pt doesn't want to commit to this portion of ADNI-he is unsure of his plans to remain in this state.",,,
1,1,631,124,"sc",2009-08-19,2009-09-27,1,1,2009-04-22,,,,
1,1,668,124,"sc",2009-09-24,2009-09-27,1,2,,"Participant chose not to participate at this time.",,,
1,1,747,4,"sc",2008-06-23,2009-09-27,1,1,2008-01-09,,,,
1,1,803,108,"sc",2008-10-01,2009-09-27,1,2,,"The pt/ son took info and will notify site of decision.",,,
1,1,856,107,"sc",2009-05-11,2009-09-27,1,2,,"Spouse ""uncomfortable"" with brain autopsy.",,,
1,1,861,107,"sc",2008-04-02,2009-09-27,1,1,2005-09-30,,1,2005-09-30,"Memory and Aging Project Brain donation program at Washington University"
1,1,892,4,"sc",2008-04-09,2009-09-27,1,1,2007-08-24,,,,
1,1,932,108,"sc",2008-10-22,2009-09-27,1,2,,"Pt wanted to discuss with his children.",,,
1,1,972,124,"sc",2009-12-02,,2,,,,,,
1,1,1009,108,"sc",2008-12-14,2009-09-27,1,2,,"Patient is not interested in participating in the autopsy program at this time.",,,
1,1,1041,124,"sc",2008-12-18,2009-09-27,1,2,,"Wife refused at this time",,,
1,1,1080,107,"sc",2009-12-16,,1,1,2007-05-23,,,,
1,1,1169,16,"sc",2010-01-07,,1,2,,"Consented to brain donation through Neuropathology Core of Emory Alzheimer's Disease Research Center",,,
1,1,1206,2,"sc",2010-02-10,,1,2,,"Signed autopsy consent for other study.",1,2005-06-18,"Advance Directive for Autopsy Mayo Alzheimer's Disease Center"
1,1,1226,4,"sc",2008-04-09,2009-09-27,1,1,2008-02-28,,,,
1,1,1282,107,"sc",2008-04-02,2009-09-27,1,1,2003-12-05,,1,2003-12-05,"Memory and Aging Project brain donation program at Washington University"
1,1,1286,4,"sc",2008-04-09,2009-09-27,1,1,2008-03-20,,,,
1,1,1304,2,"sc",2010-04-14,,1,2,,"signed as part of ADRC study",1,2010-03-30,"Alzheimer's Disease Research Center"
1,1,1321,108,"sc",2008-10-13,2009-09-27,1,2,,"Wanted to take info,read, review, and discuss with family",,,
1,1,1339,2,"sc",2009-05-21,2009-09-27,1,2,,"ADRC Consent Obtained",1,2009-05-18,"ADRC"
1,1,1414,124,"sc",2009-08-28,2009-09-27,1,1,2009-08-26,,,,
