1,4,298,45,"m132",2017-10-19,2017-10-19,,"Participant was supposed to have their blood drawn on 10/17/2017 before his appointment with his neurologist. Participant no showed. The study coordinator contacted him to set up another appointment and the participant declined participation for sample storage.","Sample storage and future use (only for early discontinuations, when participant revokes consent in writing)","2017-10-19",,"Participant unwilling or unable to participate",
1,4,684,47,"m132",2017-12-18,2017-12-18,,"She does not want to continue with the Cogstate portion of the study due to her poor vision (her eyes became quite fatigued during the in-person session and she does not want to continue with the Cogstate portion of the study","Cogstate Brief Battery","2017-12-18",,"Participant unwilling or unable to participate",
1,4,802,58,"m132",2017-08-21,2017-08-21,,"Subject had bad experience with FDG PET scan (machine had to be reset while she was in machine) and withdrew consent for further PET scans.","Amyloid PET Imaging","2017-07-31",,"Participant unwilling or unable to participate",
1,4,802,58,"m132",2017-08-21,2017-08-21,,"Subject had bad experience with FDG PET scan (machine had to be reset while she was in machine) and withdrew consent for further PET scans.","Tau PET Imaging","2017-07-31",,"Participant unwilling or unable to participate",
2,4,2061,25,"m84",2017-09-14,2017-09-14,,"Pt. chose not to participate in the Tau PET scan at the time of Initial consenting on 9/13/2017.","Tau PET Imaging","2017-09-13",,"Participant unwilling or unable to participate",
2,4,2061,25,"m84",2017-09-14,2017-09-14,,"Pt. chose not to provide consent for lumbar puncture at time of initial consent for ADNI3.","Lumbar Puncture","2017-09-13",,"Participant unwilling or unable to participate",
2,4,2183,20,"m72",2018-02-07,2018-02-07,,"Patient is unwilling to complete scans at this time","Amyloid PET Imaging","2017-08-09",,"Participant unwilling or unable to participate",
2,4,2183,20,"m72",2018-02-07,2018-02-07,,"Patient is unwilling to complete scans at this time","Tau PET Imaging","2017-08-09",,"Participant unwilling or unable to participate",
2,4,2183,20,"m72",2018-02-07,2018-02-07,,"Patient is unwilling to complete scans at this time","FDG PET Imaging","2018-08-09",,"Participant unwilling or unable to participate",
2,4,2183,20,"m72",2018-02-07,2018-02-07,,"Patient is unwilling to complete scans at this time","MRI","2017-08-09",,"Participant unwilling or unable to participate",
2,4,2183,20,"m84",2018-02-07,2018-02-07,,"Patient is unwilling to complete scans at this time","Amyloid PET Imaging","2018-01-11",,"Participant unwilling or unable to participate",
2,4,2183,20,"m84",2018-02-07,2018-02-07,,"Patient is unwilling to complete scans at this time","Tau PET Imaging","2018-01-11",,"Participant unwilling or unable to participate",
2,4,2183,20,"m84",2018-02-07,2018-02-07,,"Patient is unwilling to complete scans at this time","FDG PET Imaging","2018-01-11",,"Participant unwilling or unable to participate",
2,4,2183,20,"m84",2018-02-07,2018-02-07,,"Patient is unwilling to complete scans at this time","MRI","2018-01-11",,"Participant unwilling or unable to participate",
2,4,2183,20,"m84",2018-02-07,2018-02-07,,"Patient is unwilling to complete LP at this time","Lumbar Puncture","2018-01-11",,"Study partner unwilling or unable to participate",
3,4,4061,58,"m72",2017-12-04,2017-12-04,,"Subject is scheduled for back surgery and does not want to have PET scan done in addition to the current risks involved in her health care.","Amyloid PET Imaging","2017-12-04",,"Participant unwilling or unable to participate",
3,4,4072,33,"m72",2018-01-16,2018-01-16,,"Participant has had a lot of trouble logging in to the website to complete the battery, and experienced difficulty while completing the initial in-clinic battery at her initial visit. Due to her frustrations with the test, as well as the log in credentials that don't seem to work at sign in (even though they have been verified) have caused this participant to want to withdraw from this part of the study. She will no longer be completing remote or in-clinic CBBs.","Cogstate Brief Battery","2018-01-12",,"Participant unwilling or unable to participate",
3,4,4340,58,"m72",2017-10-26,2017-10-26,,"Subject decided having PET scans did not provide enough benefit to her and withdrew consent","Amyloid PET Imaging","2017-10-04",,"Participant unwilling or unable to participate",
3,4,4340,58,"m72",2017-10-26,2017-10-26,,"Subject decided having PET scans did not provide enough benefit to her and withdrew consent","FDG PET Imaging","2017-10-04",,"Participant unwilling or unable to participate",
3,4,4340,58,"m72",2017-10-26,2017-10-26,,"Subject decided having PET scans did not provide enough benefit to her and withdrew consent","Tau PET Imaging","2017-10-04",,"Participant unwilling or unable to participate",
3,4,4340,58,"m72",2018-02-28,2018-02-28,,"Subject originally scheduled for Initial Visit LP on 16-Nov-2017, but had to be out of town on that date due to a family emergency. Attempted to re-schedule, but on 07-Feb-2018, subject decided not to participate this year. Subject said she might be willing in the future if allowed.","Lumbar Puncture","2018-02-07",,"Study partner unwilling or unable to participate",
3,4,4420,59,"m72",2018-02-21,2018-02-21,,"Subject has moved quite a distance from our site and is not willing to travel","Full Clinic Visits (agrees to only telephone follow-up)","2017-10-31",,"Participant unwilling or unable to participate",
3,4,4876,28,"m60",2017-10-20,2017-10-20,3,"Death due to cardiac arrest","Other","2017-08-11",,"Adverse event","Discontinuation due to death"
3,4,4926,20,"m48",2017-12-28,2017-12-28,,"Participant unwilling to complete scans","FDG PET Imaging","2017-03-30",,"Participant unwilling or unable to participate",
3,4,4926,20,"m48",2017-12-28,2018-02-06,,"Participant unwilling to complete scans","MRI","2017-03-30",,"Participant unwilling or unable to participate",
3,4,4926,20,"m48",2017-12-28,2018-02-06,,"Participant unwilling to complete scans","Tau PET Imaging","2017-03-30",,"Participant unwilling or unable to participate",
3,4,4926,20,"m48",2017-12-28,2017-12-28,,"Participant unwilling to complete scans","Amyloid PET Imaging","2017-03-30",,"Participant unwilling or unable to participate",
3,4,5236,16,"m48",2017-10-11,2017-10-11,1,"death on 9-12-17","Other","2017-09-12",,"Adverse event","entire study"
4,4,6042,55,"bl",2017-09-26,2017-09-26,,"Participant Screen Fail, unwilling to commit to study schedule given constraints with personal schedule visits way out of window, site not granted anymore approvals to move forward out of window with patient.","Other","2017-09-18",,"Participant unwilling or unable to participate","Complete study withdrawal"
4,4,6048,55,"sc",2017-11-08,2017-11-08,,"MRI report showed evidence of RT temporal hemispheric infarct, per medical monitor, patient excluded from study.","MRI","2017-08-25",,"Safety risk",
4,4,6050,33,"sc",2017-09-28,2017-09-28,,"The participant decided to withdraw because of the the cumulative radiation she would receive from all the PET scans throughout the study.","Amyloid PET Imaging","2017-07-14",,"Participant unwilling or unable to participate",
4,4,6087,11,"sc",2018-02-07,2018-02-07,1,"Anemia requiring blood transfusion.","Other","2018-02-07",,"Adverse event","Medical issues"
4,4,6092,2,"sc",2018-02-09,2018-02-09,,"Subject got at screening a 8 in the delayed score of the LM assessment. subject was approved to be re screened per re screening protocol.","Other","2018-02-01","non inclusive LMII","Other","screen failure"
4,4,6099,26,"sc",2017-11-03,2017-11-03,,"Subject completed the screening visit and realized that there are too many assessments to be completed for participation in the study and has opted not to move forward.","Other","2017-11-02",,"Participant unwilling or unable to participate","Subject has opted not to continue with the study"
4,4,6112,17,"sc",2017-11-27,2017-11-27,,"Study participant has major family circumstances at this time. She cannot commit as her husband and sister are both very ill.","Other","2017-11-13",,"Participant unwilling or unable to participate","Study withdrawal"
4,4,6156,25,"sc",2018-01-03,2018-01-03,,"subject was an A4 screen fail, and for that reason he is not eligible to continue in ADNI3 study.","Other","2018-01-03","subject was an A4 screen fail, and for that reason he is not eligible to continue in study.","Other",
4,4,6166,5,"sc",2018-01-08,2018-01-08,,"MMSE = 15  Screen Fail","Other","2018-01-08","Screen Fail","Other","Screen Fail"
4,4,6205,5,"sc",2018-02-06,2018-02-06,,"Screen Fail with MMSE of 11","Other","2018-02-05","Screen Fail","Other","Screen Fail"
4,4,6238,26,"sc",2018-02-26,2018-02-26,,"Patient informed site during the Screening Visit that she will be traveling to her second home in the Midwest on March 7th and will not be returning until June 2018. Due to this new information, and lack of time to complete the Screening or Baseline Visit, site has discussed with the subject that it would be best to try and re-screen her during a time that she will be in Jacksonville long enough to complete a visit.","Other","2018-02-15","Unable to complete Screening","Other","All remaining Screening Visit assessments"
