1,4,156,25,"m144",2018-01-18,2018-01-18,,,,,,"Mild cognitive impairment","Participant",,,,,"With original application","Yes","A standardized letter providing MMSE and MOCA scores.",,"In the letter, the participant invited to request a follow-up conversation with study physician.","The purpose and nature of the limited results available were discussed at consenting.","Did not request follow-up information, though invited to do so in the letter.","To guide therapy",,"No","No","No",,"No","Yes","No","Participant",,"In writing","Michelle Craig mailed the letter.","Study clinician","Approximately one month after visit.",,,"Cognitive data",,,,
1,4,156,25,"m144",2018-01-18,2018-01-18,,,,,,"Mild cognitive impairment","Participant",,,,,"With original study application","Yes","A standardized letter providing local radiologist's read of MRI.",,"In the letter, the participant invited to request a follow-up conversation with the study physician.","The purpose and nature of the limited results available were discussed at consenting.","Did not request follow-up information, though invited to do so in the letter","To guide therapy",,"No","No","No",,"No","Yes","No","Participant",,"In writing","Michelle Craig mailed the letter","Study clinician","Approximately one month after study visit",,,"Structural MRI imaging",,,,
1,3,671,29,"m72",2013-08-28,,,,,,,,,,,,,,,,,,,,,,,,,,,,,,,,,,,,,,,,,""
1,3,778,49,"m66",2013-05-20,,,,,,"Study team was blinded to participant's response or the response of any other individual who received the results.","Mild cognitive impairment","Participant",,,,,"IRB submission for board review","Yes","Results would be shared with treating clinician would would then share them with the participant",,"Treating clinician continues to monitor care and study team remains blinded.","Treating clinician managed care and support","Study team was blinded to participant's response or the response of any other individual who received the results.","To clarify diagnosis",,,,,,,,,"Participant",,"Verbally","Neurologist/treating clinician","Sub-investigator","two months",,"Study team was blinded to participant's response or the response of any other individual who received the results.","FDG PET imaging",,,1,"Participant;Study partner;Treating clinician"
1,3,1419,47,"m66",2013-04-16,2013-05-09,,,,,,"Mild cognitive impairment","Participant",,,,,"This was covered in our site consent form, and this specific case was reviewed by our IRB at a meeting.","Yes",,,"Through the patient's clinician.  The patient is aware that they or the clinician can contact us for further clarification.","We informed the patient that these were research results, and have some limitations.  We also informed them that they could contact us (Dr. Johnson or a coordinator) on any questions.",,"To clarify diagnosis",,,,,,,,,"Participant",,"In writing","Senior Research Specialist (study coordinator)","Study coordinator","2 weeks",,,"Cognitive data",,,1,"Treating clinician"
2,4,2061,25,"m84",2018-01-18,2018-01-18,,,,,,"Mild cognitive impairment","Participant",,,,,"With original application","Yes","A standardized letter providing MMSE score.",,"In the letter, the participant invited to request a follow-up conversation with study physician.","The purpose and nature of the limited results available were discussed at consenting.","Did not request follow-up conversation, though invited to do so in the letter.","To guide therapy",,"No","No","No",,"No","Yes","No","Participant",,"In writing","Michelle Craig mailed the letter","Study clinician","Approximately one month after study visit",,,"Cognitive data",,,,
3,3,4096,45,"m24",2013-10-25,,,,,,,,,,,,,,,,,,,,,,,,,,,,,,,,,,,,,,,,,""
3,3,4349,13,"m18",2013-05-23,,,,,,,,,,,,,,,,,,,,,,,,,,,,,,,,,,,,,,,,,""
3,4,4414,25,"m60",2018-03-01,2018-03-01,,,,,,"Dementia","Family member/friend/study partner",,,,,"With initial IRB application","Yes","A letter including scores of MMSE and MOCA.",,"Provided contact information for follow-up questions.","Return of research results discussed during consenting process.","Invited in letter to reach out with questions or concerns. Did not reach out.","To guide therapy",,"No","No","No",,"No","Yes","No","Participant",,"In writing","Study physician","Study clinician","Within 2 weeks",,,"Cognitive data",,,,
3,4,4414,25,"m60",2018-03-01,2018-03-01,,,,,,"Dementia","Family member/friend/study partner",,,,,"At initial IRB application submission","Yes","Letter containing local radiologist's read of MRI scan.",,"Invited to reach out with follow-up questions or concerns; did not reach out.","Discussed nature of results available at consenting process.","Invited to reach out with follow-up questions or concerns; did not reach out.","To guide therapy",,"No","No","No",,"No","Yes","No","Participant",,"In writing","Study physician","Study clinician","within 2 weeks",,,"Structural MRI imaging",,,,
3,3,4616,10,"m12",2013-05-23,,,,,,,"Cognitively normal","Participant",,2,,,,"No",,,,,,"Other (please specify)","Participant's personal interest",,,,,,,,"Participant",,"In writing","Clinical Research Coordinator","Study coordinator","5 days",,,"Structural MRI imaging",,2,1,"Participant"
3,3,4780,45,"m18",2014-01-31,,,,,,,,,,,,,,,,,,,,,,,,,,,,,,,,,,,,,,,,,""
3,3,4798,61,"bl",2014-04-02,,,,,,,,,,,,,,,,,,,,,,,,,,,,,,,,,,,,,,,,,""
3,3,4817,50,"m12",2013-07-31,,,,,,,,,,,,,,,,,,,,,,,,,,,,,,,,,,,,,,,,,""
4,4,6160,25,"sc",2018-03-01,2018-03-01,,,,,,"Cognitively normal","Participant",,,,,"At initial IRB application","Yes","Local radiologist interpretation of MRI in letter format",,"Scheduled follow-up phone call. Discussed implication and made herself available for questions and guidance.","Discussed disclosure during consenting process","Spoke with PI over the phone. Thanked her and said he would be interested in participating in any other studies for which he qualifies.","To provide risk assessment",,"No","No","No",,"No","Yes","No","Participant",,"In writing","PI","Principal Investigator","One month",,,"Structural MRI imaging",,,,
4,4,6160,25,"sc",2018-03-01,2018-03-01,,,,,,"Cognitively normal","Participant",,,,,"With initial IRB application","Yes","MMSE and MOCA scores in letter format",,"Dr. Kremen scheduled follow-up  phone call and discussed implications and offered herself for questions.","Discussed disclosure during consenting process.","Thanked Dr. Kremen over the phone and expressed interest in participating in future studies.","To provide risk assessment",,"No","No","No",,"No","Yes","No","Participant",,"In writing","PI","Principal Investigator","One month",,,"Cognitive data",,,,
