1,3,127,"m60",33,2016-09-30,,1,1,63,"v21",33,,,"PI site transfer to another facility",
1,3,200,"m120",48,2017-07-27,,1,1,48,"v01:v02:v03:v04:v05:v06:v07:v11:v12:v21:v22:v31:v41",20,,,"Site closing.",
1,3,210,"m108",33,2016-09-30,,1,1,63,"v11",33,,,"PI site transfer to another facility",
1,3,272,"m120",48,2017-07-27,,1,1,48,"v01:v02:v03:v04:v05:v06:v07:v11:v12:v21:v22:v31:v41",20,,,"Site closing.",
1,3,473,"m84",33,2016-09-30,,1,1,63,"v11",33,,,"PI site transfer to another facility",
1,3,802,"m84",33,2016-09-30,,1,1,63,"v21",33,,,"PI site transfer to another facility",
2,3,2002,"m72",48,2017-07-27,,1,1,48,"v01:v02:v03:v04:v05:v06:v07:v11:v12:v21:v22:v31:v41",20,,,"Site closing.",
2,3,2123,"m60",48,2017-07-28,,1,1,48,"v01:v02:v03:v04:v05:v06:v07:v11:v12:v21:v22:v31:v41",20,,,"Site closing.",
2,3,2130,"m60",48,2017-07-27,,1,1,48,"v01:v02:v03:v04:v05:v06:v07:v11:v12:v21:v22:v31:v41",20,,,"Site closing.",
2,3,2146,"m24",47,2016-05-02,,1,1,39,"v01:v02:v03:v04:v05:v06:v07",47,,,"Participant will most likely be in WI,  not AZ,  when he is due for his annual visit",
2,3,2168,"m36",33,2016-09-30,,1,1,63,"v21",33,,,"PI site transfer to another facility",
2,3,2184,"m48",33,2016-09-30,,1,1,63,"v31",33,,,"PI site transfer to another facility",
2,3,2187,"m24",33,2016-09-30,,1,1,63,"v11",33,,,"PI site transfer to another facility",
2,3,2220,"m60",48,2017-07-27,,1,1,48,"v01:v02:v03:v04:v05:v06:v07:v11:v12:v21:v22:v31:v41",20,,,"Site closing.",
2,3,2248,"m24",33,2016-09-30,,1,1,63,"v06",33,,,"PI site transfer to another facility",
2,3,2315,"m12",33,2016-09-30,,1,1,63,"v06",33,,,"PI site transfer to another facility",
2,3,2316,"m12",33,2016-09-30,,1,1,63,"v06",33,,,"PI site transfer to another facility",
3,3,4061,"m24",33,2016-09-30,,1,1,63,"v21",33,,,"PI site transfer to another facility",
3,3,4067,"m12",33,2016-09-30,,1,1,63,"v06",33,,,"PI site transfer to another facility",
3,3,4134,"bl",33,2016-09-30,,1,1,63,"v01:v02",33,,,"PI site transfer to another facility",
3,3,4171,"bl",27,2016-04-11,,1,1,1,"v01:v02:v03:v04:v05:v11:v12",27,,,"Subject moved to",
3,3,4174,"m24",33,2016-09-30,,1,1,63,"v11",33,,,"PI site transfer to another facility",
3,3,4217,"m24",33,2016-09-30,,1,1,63,"v11",33,,,"PI site transfer to another facility",
3,3,4274,"m12",33,2016-09-30,,1,1,63,"v04",33,,,"PI site transfer to another facility",
3,3,4332,"bl",33,2016-09-30,,1,1,63,"v03",33,,,"PI site transfer to another facility",
3,3,4340,"m12",33,2016-09-30,,1,1,63,"v11",33,,,"PI site transfer to another facility",
3,3,4424,"m24",33,2016-09-30,,1,1,63,"v05",33,,,"PI site transfer to another facility",
3,3,4431,"m24",33,2016-09-30,,1,1,63,"v03",33,,,"PI site transfer to another facility",
3,3,4653,"m48",48,2017-07-27,,1,1,48,"v01:v02:v03:v04:v05:v06:v07:v11:v12:v21:v22:v31:v41",20,,,"Site closing.",
3,3,4757,"m24",50,2016-08-03,,1,1,19,"v01:v02:v03:v04:v05",50,,,"participant moved to Columbus Ohio",
3,3,4842,"m48",48,2017-07-28,,1,1,48,"v01:v02:v03:v04:v05:v06:v07:v11:v12:v21:v31:v41",20,,,"Site closing.",
3,3,4968,"bl",33,2016-09-30,,1,1,63,"v01:v02",33,,,"PI site transfer to another facility",
3,3,5026,"m12",50,2016-08-03,,1,1,27,"v01:v02:v03:v04:v05",50,,,"participant moved to Columbus, Ohio",
