RID,Image.ID,PTID,Screen.Diagnosis,Visit,Scan.Date,Sequence,Study.ID,Series.ID
2,35475,011_S_0002,NL,Screening,8/26/05,MPR; GradWarp; B1 Correction; N3; Scaled,1945,9107
3,32237,011_S_0003,AD,Screening,9/1/05,MPR-R; GradWarp; B1 Correction; N3; Scaled,1948,9127
4,64631,022_S_0004,MCI,Screening,9/22/05,MPR-R; GradWarp; B1 Correction; N3; Scaled,1990,9234
5,32246,011_S_0005,NL,Screening,9/2/05,MPR-R; GradWarp; B1 Correction; N3; Scaled,1950,9136
6,33025,100_S_0006,MCI,Screening,11/15/05,MPR; ; N3; Scaled,2674,10145
7,59366,022_S_0007,AD,Screening,9/13/05,MPR; GradWarp; B1 Correction; N3; Scaled,1972,9024
8,32264,011_S_0008,NL,Screening,9/13/05,MPR-R; GradWarp; B1 Correction; N3; Scaled,1978,9195
10,32270,011_S_0010,AD,Screening,11/7/05,MPR; GradWarp; B1 Correction; N3; Scaled,2626,8800
14,59375,022_S_0014,NL,Screening,9/29/05,MPR; GradWarp; B1 Correction; N3; Scaled,2003,9271
15,33066,100_S_0015,NL,Screening,9/26/05,MPR-R; ; N3; Scaled,1993,9246
16,32306,011_S_0016,NL,Screening,9/27/05,MPR; GradWarp; B1 Correction; N3; Scaled,1997,9253
19,45228,067_S_0019,NL,Screening,10/12/05,MPR; GradWarp; B1 Correction; N3; Scaled,2224,9539
19,119178,067_S_0019,NL,Screening,10/12/05,MPR; GradWarp; B1 Correction; N3; Scaled_2,2224,9539
21,32332,011_S_0021,NL,Screening,10/10/05,MPR; GradWarp; B1 Correction; N3; Scaled,2260,9581
22,32389,011_S_0022,NL,Screening,10/10/05,MPR-R; GradWarp; B1 Correction; N3; Scaled,2289,9617
23,32409,011_S_0023,NL,Screening,10/31/05,MPR; GradWarp; B1 Correction; N3; Scaled,2601,8868
29,38717,067_S_0029,AD,Screening,10/14/05,MPR; GradWarp; B1 Correction; N3; Scaled,2560,9904
29,119180,067_S_0029,AD,Screening,10/14/05,MPR; GradWarp; B1 Correction; N3; Scaled_2,2560,9904
30,31631,023_S_0030,MCI,Screening,10/10/05,MPR; GradWarp; B1 Correction; N3; Scaled,2141,9441
30,118750,023_S_0030,MCI,Screening,10/10/05,MPR; GradWarp; B1 Correction; N3; Scaled_2,2141,9441
31,69612,023_S_0031,NL,Screening,10/12/05,MPR; GradWarp; B1 Correction; N3; Scaled,2446,9785
31,118843,023_S_0031,NL,Screening,10/12/05,MPR; GradWarp; B1 Correction; N3; Scaled_2,2446,9785
33,45166,035_S_0033,MCI,Screening,11/22/05,MPR; GradWarp; B1 Correction; N3; Scaled,2739,10396
35,33074,100_S_0035,NL,Screening,10/20/05,MPR; ; N3; Scaled,2576,9959
38,35875,067_S_0038,MCI,Screening,11/10/05,MPR; GradWarp; B1 Correction; N3; Scaled,2650,10026
38,119182,067_S_0038,MCI,Screening,11/10/05,MPR; GradWarp; B1 Correction; N3; Scaled_2,2650,10026
40,34607,099_S_0040,NL,Screening,10/24/05,MPR-R; GradWarp; B1 Correction; N3; Scaled,2588,8920
41,35734,007_S_0041,MCI,Screening,10/21/05,MPR; GradWarp; B1 Correction; N3; Scaled,2583,9994
41,118672,007_S_0041,MCI,Screening,10/21/05,MPR; GradWarp; B1 Correction; N3; Scaled_2,2583,9994
42,31084,023_S_0042,MCI,Screening,10/31/05,MPR-R; GradWarp; B1 Correction; N3; Scaled,2605,8852
42,118850,023_S_0042,MCI,Screening,10/31/05,MPR-R; GradWarp; B1 Correction; N3; Scaled_2,2605,8852
43,36485,018_S_0043,NL,Screening,12/8/05,MPR; ; N3; Scaled,2762,10493
43,120056,018_S_0043,NL,Screening,12/8/05,MPR; ; N3; Scaled_2,2762,10493
44,59398,022_S_0044,MCI,Screening,11/3/05,MPR; GradWarp; B1 Correction; N3; Scaled,2624,8814
45,35888,067_S_0045,MCI,Screening,11/16/05,MPR-R; GradWarp; B1 Correction; N3; Scaled,2684,10185
45,119184,067_S_0045,MCI,Screening,11/16/05,MPR-R; GradWarp; B1 Correction; N3; Scaled_2,2684,10185
47,33086,100_S_0047,NL,Screening,11/17/05,MPR-R; ; N3; Scaled,2696,10215
48,45183,035_S_0048,NL,Screening,11/22/05,MPR; GradWarp; B1 Correction; N3; Scaled,2706,10257
50,64390,123_S_0050,MCI,Screening,11/11/05,MPR; ; N3; Scaled,2656,10053
50,119270,123_S_0050,MCI,Screening,11/11/05,MPR; ; N3; Scaled_2,2656,10053
51,35819,099_S_0051,MCI,Screening,11/15/05,MPR; GradWarp; B1 Correction; N3; Scaled,2720,10325
53,35486,011_S_0053,AD,Screening,11/14/05,MPR-R; GradWarp; B1 Correction; N3; Scaled,2659,10064
54,35825,099_S_0054,MCI,Screening,11/16/05,MPR; GradWarp; B1 Correction; N3; Scaled,2721,10329
55,86354,018_S_0055,NL,Screening,12/1/05,MPR; ; N3; Scaled,2732,10371
55,118831,018_S_0055,NL,Screening,12/1/05,MPR; ; N3; Scaled_2,2732,10371
56,35893,067_S_0056,NL,Screening,11/9/05,MPR; GradWarp; B1 Correction; N3; Scaled,2646,8723
56,119186,067_S_0056,NL,Screening,11/9/05,MPR; GradWarp; B1 Correction; N3; Scaled_2,2646,8723
57,36501,018_S_0057,MCI,Screening,11/17/05,MPR-R; ; N3; Scaled,2694,10209
57,118828,018_S_0057,MCI,Screening,11/17/05,MPR-R; ; N3; Scaled_2,2694,10209
58,108504,023_S_0058,NL,Screening,11/30/05,MPR; GradWarp; B1 Correction; N3; Scaled,2722,10335
58,118832,023_S_0058,NL,Screening,11/30/05,MPR; GradWarp; B1 Correction; N3; Scaled_2,2722,10335
59,35902,067_S_0059,NL,Screening,12/12/05,MPR; GradWarp; B1 Correction; N3; Scaled,2768,10517
59,119188,067_S_0059,NL,Screening,12/12/05,MPR; GradWarp; B1 Correction; N3; Scaled_2,2768,10517
60,35833,099_S_0060,MCI,Screening,12/7/05,MPR; GradWarp; B1 Correction; N3; Scaled,2757,10478
61,31102,023_S_0061,NL,Screening,11/29/05,MPR-R; GradWarp; B1 Correction; N3; Scaled,2717,10312
61,119062,023_S_0061,NL,Screening,11/29/05,MPR-R; GradWarp; B1 Correction; N3; Scaled_2,2717,10312
66,59446,022_S_0066,NL,Screening,11/23/05,MPR; GradWarp; B1 Correction; N3; Scaled,2710,10271
67,96211,010_S_0067,NL,Screening,11/30/05,MPR; ; N3; Scaled,2725,10344
67,118674,010_S_0067,NL,Screening,11/30/05,MPR; ; N3; Scaled_2,2725,10344
68,35790,007_S_0068,NL,Screening,11/30/05,MPR-R; GradWarp; B1 Correction; N3; Scaled,2728,10356
68,118677,007_S_0068,NL,Screening,11/30/05,MPR-R; GradWarp; B1 Correction; N3; Scaled_2,2728,10356
69,33105,100_S_0069,NL,Screening,12/13/05,MPR; ; N3; Scaled,2807,10563
70,36628,007_S_0070,NL,Screening,1/18/06,MPR-R; GradWarp; B1 Correction; N3; Scaled,2906,10950
70,118686,007_S_0070,NL,Screening,1/18/06,MPR-R; GradWarp; B1 Correction; N3; Scaled_2,2906,10950
72,64395,123_S_0072,NL,Screening,1/4/06,MPR; ; N3; Scaled,2863,10776
72,119274,123_S_0072,NL,Screening,1/4/06,MPR; ; N3; Scaled_2,2863,10776
74,34316,027_S_0074,NL,Screening,12/9/05,MPR; GradWarp; B1 Correction; N3; Scaled,2815,10605
74,119067,027_S_0074,NL,Screening,12/9/05,MPR; GradWarp; B1 Correction; N3; Scaled_2,2815,10605
76,35911,067_S_0076,AD,Screening,12/6/05,MPR; GradWarp; B1 Correction; N3; Scaled,2755,10468
76,119190,067_S_0076,AD,Screening,12/6/05,MPR; GradWarp; B1 Correction; N3; Scaled_2,2755,10468
77,68120,067_S_0077,MCI,Screening,12/21/05,MPR-R; GradWarp; B1 Correction; N3; Scaled,2954,11136
77,119192,067_S_0077,MCI,Screening,12/21/05,MPR-R; GradWarp; B1 Correction; N3; Scaled_2,2954,11136
78,51999,023_S_0078,MCI,Screening,12/16/05,MPR-R; GradWarp; B1 Correction; N3; Scaled,2818,10619
78,118861,023_S_0078,MCI,Screening,12/16/05,MPR-R; GradWarp; B1 Correction; N3; Scaled_2,2818,10619
80,88356,018_S_0080,MCI,Screening,12/29/05,MPR; ; N3; Scaled,2849,10722
80,118825,018_S_0080,MCI,Screening,12/29/05,MPR; ; N3; Scaled_2,2849,10722
81,31125,023_S_0081,NL,Screening,1/10/06,MPR; GradWarp; B1 Correction; N3; Scaled,2873,10813
81,118869,023_S_0081,NL,Screening,1/10/06,MPR; GradWarp; B1 Correction; N3; Scaled_2,2873,10813
83,31143,023_S_0083,AD,Screening,12/14/05,MPR; GradWarp; B1 Correction; N3; Scaled,2808,10568
83,118874,023_S_0083,AD,Screening,12/14/05,MPR; GradWarp; B1 Correction; N3; Scaled_2,2808,10568
84,31205,023_S_0084,AD,Screening,1/4/06,MPR-R; GradWarp; B1 Correction; N3; Scaled,2860,10764
84,118970,023_S_0084,AD,Screening,1/4/06,MPR-R; GradWarp; B1 Correction; N3; Scaled_2,2860,10764
86,66413,136_S_0086,NL,Screening,3/31/06,MPR-R; GradWarp; B1 Correction; N3; Scaled,3508,13191
86,119678,136_S_0086,NL,Screening,3/31/06,MPR-R; GradWarp; B1 Correction; N3; Scaled_2,3508,13191
87,36504,018_S_0087,MCI,Screening,12/22/05,MPR; ; N3; Scaled,2836,10687
87,118838,018_S_0087,MCI,Screening,12/22/05,MPR; ; N3; Scaled_2,2836,10687
88,64400,123_S_0088,AD,Screening,1/6/06,MPR; ; N3; Scaled,2867,10795
88,119277,123_S_0088,AD,Screening,1/6/06,MPR; ; N3; Scaled_2,2867,10795
89,49675,073_S_0089,NL,Screening,1/26/06,MPR-R; GradWarp; B1 Correction; N3; Scaled,2957,11161
89,119227,073_S_0089,NL,Screening,1/26/06,MPR-R; GradWarp; B1 Correction; N3; Scaled_2,2957,11161
90,35841,099_S_0090,NL,Screening,1/11/06,MPR; GradWarp; B1 Correction; N3; Scaled,2878,10835
91,64405,123_S_0091,AD,Screening,12/23/05,MPR; ; N3; Scaled,2844,10708
91,119288,123_S_0091,AD,Screening,12/23/05,MPR; ; N3; Scaled_2,2844,10708
93,31251,023_S_0093,AD,Screening,1/3/06,MPR; GradWarp; B1 Correction; N3; Scaled,2854,10736
93,118969,023_S_0093,AD,Screening,1/3/06,MPR; GradWarp; B1 Correction; N3; Scaled_2,2854,10736
94,64410,123_S_0094,AD,Screening,12/28/05,MPR; ; N3; Scaled,2845,10712
94,119300,123_S_0094,AD,Screening,12/28/05,MPR; ; N3; Scaled_2,2845,10712
95,63424,032_S_0095,NL,Screening,12/22/05,MPR; ; N3; Scaled,2853,10729
95,119076,032_S_0095,NL,Screening,12/22/05,MPR; ; N3; Scaled_2,2853,10729
96,59456,022_S_0096,NL,Screening,1/18/06,MPR; GradWarp; B1 Correction; N3; Scaled,2916,11006
97,64046,020_S_0097,NL,Screening,1/12/06,MPR; GradWarp; B1 Correction; N3; Scaled,2883,10858
98,35920,067_S_0098,MCI,Screening,1/30/06,MPR; GradWarp; B1 Correction; N3; Scaled,2988,11324
98,119209,067_S_0098,MCI,Screening,1/30/06,MPR; GradWarp; B1 Correction; N3; Scaled_2,2988,11324
101,36726,007_S_0101,MCI,Screening,12/20/05,MPR; GradWarp; B1 Correction; N3; Scaled,2835,10679
101,118681,007_S_0101,MCI,Screening,12/20/05,MPR; GradWarp; B1 Correction; N3; Scaled_2,2835,10679
102,39460,130_S_0102,MCI,Screening,12/28/05,MPR; GradWarp; B1 Correction; N3; Scaled,2857,10746
103,36509,018_S_0103,MCI,Screening,1/5/06,MPR; ; N3; Scaled,2866,10790
103,118798,018_S_0103,MCI,Screening,1/5/06,MPR; ; N3; Scaled_2,2866,10790
106,65478,123_S_0106,NL,Screening,1/20/06,MPR; ; N3; Scaled,2917,11010
106,119307,123_S_0106,NL,Screening,1/20/06,MPR; ; N3; Scaled_2,2917,11010
107,40445,136_S_0107,MCI,Screening,2/17/06,MPR; GradWarp; B1 Correction; N3; Scaled,3077,11707
107,119701,136_S_0107,MCI,Screening,2/17/06,MPR; GradWarp; B1 Correction; N3; Scaled_2,3077,11707
108,64417,123_S_0108,MCI,Screening,2/1/06,MPR-R; ; N3; Scaled,3001,11415
108,119310,123_S_0108,MCI,Screening,2/1/06,MPR-R; ; N3; Scaled_2,3001,11415
109,63454,068_S_0109,AD,Screening,1/3/06,MPR; ; N3; Scaled,2862,10772
109,130231,068_S_0109,AD,Screening,1/3/06,MPR; ; N3; Scaled_2,2862,10772
110,35933,067_S_0110,AD,Screening,1/25/06,MPR-R; GradWarp; B1 Correction; N3; Scaled,2960,11177
110,119194,067_S_0110,AD,Screening,1/25/06,MPR-R; GradWarp; B1 Correction; N3; Scaled_2,2960,11177
111,35849,099_S_0111,MCI,Screening,1/18/06,MPR; GradWarp; B1 Correction; N3; Scaled,2899,10933
112,35799,127_S_0112,MCI,Screening,1/13/06,MPR; GradWarp; B1 Correction; N3; Scaled,2965,11194
113,63551,123_S_0113,NL,Screening,3/8/06,MPR; ; N3; Scaled,3160,12020
113,119322,123_S_0113,NL,Screening,3/8/06,MPR; ; N3; Scaled_2,3160,12020
116,34325,027_S_0116,MCI,Screening,1/27/06,MPR; GradWarp; B1 Correction; N3; Scaled,3008,11442
116,119068,027_S_0116,MCI,Screening,1/27/06,MPR; GradWarp; B1 Correction; N3; Scaled_2,3008,11442
118,34114,027_S_0118,NL,Screening,2/24/06,MPR; GradWarp; B1 Correction; N3; Scaled,3103,11796
118,119069,027_S_0118,NL,Screening,2/24/06,MPR; GradWarp; B1 Correction; N3; Scaled_2,3103,11796
120,34332,027_S_0120,NL,Screening,2/6/06,MPR; GradWarp; B1 Correction; N3; Scaled,3028,11535
120,119070,027_S_0120,NL,Screening,2/6/06,MPR; GradWarp; B1 Correction; N3; Scaled_2,3028,11535
123,63784,131_S_0123,NL,Screening,1/19/06,MPR; GradWarp; B1 Correction; N3; Scaled,2907,10960
125,35671,041_S_0125,NL,Screening,1/13/06,MPR; GradWarp; B1 Correction; N3; Scaled,2889,10883
126,31271,023_S_0126,MCI,Screening,2/8/06,MPR-R; GradWarp; B1 Correction; N3; Scaled,3026,11525
126,118973,023_S_0126,MCI,Screening,2/8/06,MPR-R; GradWarp; B1 Correction; N3; Scaled_2,3026,11525
127,63111,068_S_0127,NL,Screening,2/14/06,MPR; ; N3; Scaled,3063,11653
127,130234,068_S_0127,NL,Screening,2/14/06,MPR; ; N3; Scaled_2,3063,11653
128,36640,007_S_0128,MCI,Screening,1/16/06,MPR; GradWarp; B1 Correction; N3; Scaled,2900,10936
128,118683,007_S_0128,MCI,Screening,1/16/06,MPR; GradWarp; B1 Correction; N3; Scaled_2,2900,10936
129,59484,022_S_0129,AD,Screening,2/6/06,MPR; GradWarp; B1 Correction; N3; Scaled,3016,11485
130,59524,022_S_0130,NL,Screening,1/23/06,MPR; GradWarp; B1 Correction; N3; Scaled,2941,11089
135,68623,128_S_0135,MCI,Screening,1/26/06,MPR; GradWarp; N3; Scaled,2967,11200
135,119364,128_S_0135,MCI,Screening,1/26/06,MPR; GradWarp; N3; Scaled_2,2967,11200
138,104521,128_S_0138,MCI,Screening,1/25/06,MPR; GradWarp; N3; Scaled,2968,11204
138,119366,128_S_0138,MCI,Screening,1/25/06,MPR; GradWarp; N3; Scaled_2,2968,11204
139,31300,023_S_0139,AD,Screening,1/24/06,MPR; GradWarp; B1 Correction; N3; Scaled,2937,11079
139,118971,023_S_0139,AD,Screening,1/24/06,MPR; GradWarp; B1 Correction; N3; Scaled_2,2937,11079
141,33396,021_S_0141,MCI,Screening,1/23/06,MPR; GradWarp; N3; Scaled,2926,11036
142,36886,018_S_0142,MCI,Screening,1/19/06,MPR; ; N3; Scaled,2913,10989
142,118792,018_S_0142,MCI,Screening,1/19/06,MPR; ; N3; Scaled_2,2913,10989
147,37210,032_S_0147,AD,Screening,1/26/06,MPR; ; N3; Scaled,2964,11186
147,119079,032_S_0147,AD,Screening,1/26/06,MPR; ; N3; Scaled_2,2964,11186
149,89429,098_S_0149,AD,Screening,1/22/06,MPR; GradWarp; B1 Correction; N3; Scaled,2923,11021
150,65130,037_S_0150,MCI,Screening,2/1/06,MPR-R; GradWarp; N3; Scaled,3006,11434
155,36892,018_S_0155,MCI,Screening,2/23/06,MPR; ; N3; Scaled,3097,11767
155,118789,018_S_0155,MCI,Screening,2/23/06,MPR; ; N3; Scaled_2,3097,11767
156,39533,035_S_0156,NL,Screening,1/31/06,MPR; GradWarp; B1 Correction; N3; Scaled,2996,11391
158,45872,137_S_0158,MCI,Screening,2/14/06,MPR; GradWarp; N3; Scaled,3061,11648
159,33489,021_S_0159,NL,Screening,1/30/06,MPR-R; GradWarp; N3; Scaled,2985,11314
160,65739,098_S_0160,MCI,Screening,1/28/06,MPR; GradWarp; B1 Correction; N3; Scaled,2972,11224
161,92666,010_S_0161,MCI,Screening,1/19/06,MPR-R; ; N3; Scaled,2912,10981
161,118670,010_S_0161,MCI,Screening,1/19/06,MPR-R; ; N3; Scaled_2,2912,10981
162,64422,123_S_0162,AD,Screening,2/8/06,MPR-R; ; N3; Scaled,3033,11551
162,119325,123_S_0162,AD,Screening,2/8/06,MPR-R; ; N3; Scaled_2,3033,11551
166,39810,114_S_0166,NL,Screening,2/10/06,MPR; GradWarp; B1 Correction; N3; Scaled,3041,11584
167,124936,128_S_0167,AD,Screening,2/16/06,MPR-R; GradWarp; N3; Scaled,3074,11692
168,35499,011_S_0168,MCI,Screening,2/10/06,MPR-R; GradWarp; B1 Correction; N3; Scaled,3048,11605
169,40858,014_S_0169,MCI,Screening,2/7/06,MPR-R; GradWarp; B1 Correction; N3; Scaled,3036,11565
171,65752,098_S_0171,NL,Screening,2/4/06,MPR-R; GradWarp; B1 Correction; N3; Scaled,3011,11460
172,65757,098_S_0172,NL,Screening,2/26/06,MPR; GradWarp; B1 Correction; N3; Scaled,3107,11812
173,96321,114_S_0173,NL,Screening,2/10/06,MPR-R; GradWarp; B1 Correction; N3; Scaled,3044,11594
176,34797,067_S_0176,MCI,Screening,4/3/06,MPR; GradWarp; B1 Correction; N3; Scaled,3391,12799
176,119195,067_S_0176,MCI,Screening,4/3/06,MPR; GradWarp; B1 Correction; N3; Scaled_2,3391,12799
177,34806,067_S_0177,NL,Screening,3/10/06,MPR; GradWarp; B1 Correction; N3; Scaled,3206,12187
177,119196,067_S_0177,NL,Screening,3/10/06,MPR; GradWarp; B1 Correction; N3; Scaled_2,3206,12187
178,33799,021_S_0178,MCI,Screening,2/10/06,MPR; GradWarp; N3; Scaled,3037,11567
179,34136,027_S_0179,MCI,Screening,2/24/06,MPR-R; GradWarp; B1 Correction; N3; Scaled,3100,11781
179,119071,027_S_0179,MCI,Screening,2/24/06,MPR-R; GradWarp; B1 Correction; N3; Scaled_2,3100,11781
182,65134,037_S_0182,MCI,Screening,2/14/06,MPR; GradWarp; N3; Scaled,3060,11644
183,32003,011_S_0183,AD,Screening,3/3/06,MPR; GradWarp; B1 Correction; N3; Scaled,3152,12000
184,40179,136_S_0184,NL,Screening,3/6/06,MPR; GradWarp; B1 Correction; N3; Scaled,3146,11974
184,119711,136_S_0184,NL,Screening,3/6/06,MPR; GradWarp; B1 Correction; N3; Scaled_2,3146,11974
186,40201,136_S_0186,NL,Screening,2/24/06,MPR; GradWarp; B1 Correction; N3; Scaled,3098,11774
186,119715,136_S_0186,NL,Screening,2/24/06,MPR; GradWarp; B1 Correction; N3; Scaled_2,3098,11774
187,37217,032_S_0187,MCI,Screening,2/13/06,MPR-R; ; N3; Scaled,3051,11617
187,119080,032_S_0187,MCI,Screening,2/13/06,MPR-R; ; N3; Scaled_2,3051,11617
188,69639,128_S_0188,MCI,Screening,2/6/06,MPR-R; GradWarp; N3; Scaled,3022,11508
188,119369,128_S_0188,MCI,Screening,2/6/06,MPR-R; GradWarp; N3; Scaled_2,3022,11508
190,33109,100_S_0190,MCI,Screening,4/24/06,MPR; ; N3; Scaled,3632,13689
194,40239,136_S_0194,AD,Screening,4/10/06,MPR-R; GradWarp; B1 Correction; N3; Scaled,3504,13178
194,119717,136_S_0194,AD,Screening,4/10/06,MPR-R; GradWarp; B1 Correction; N3; Scaled_2,3504,13178
195,40452,136_S_0195,MCI,Screening,3/13/06,MPR; GradWarp; B1 Correction; N3; Scaled,3294,12523
195,119720,136_S_0195,MCI,Screening,3/13/06,MPR; GradWarp; B1 Correction; N3; Scaled_2,3294,12523
196,40260,136_S_0196,NL,Screening,4/17/06,MPR; GradWarp; B1 Correction; N3; Scaled,3535,13253
196,119724,136_S_0196,NL,Screening,4/17/06,MPR; GradWarp; B1 Correction; N3; Scaled_2,3535,13253
200,68802,128_S_0200,MCI,Screening,2/13/06,MPR; GradWarp; N3; Scaled,3058,11638
200,119371,128_S_0200,MCI,Screening,2/13/06,MPR; GradWarp; N3; Scaled_2,3058,11638
204,39542,035_S_0204,MCI,Screening,2/14/06,MPR; GradWarp; B1 Correction; N3; Scaled,3066,11661
205,68813,128_S_0205,MCI,Screening,2/10/06,MPR-R; GradWarp; N3; Scaled,3040,11578
205,119373,128_S_0205,MCI,Screening,2/10/06,MPR-R; GradWarp; N3; Scaled_2,3040,11578
210,63114,068_S_0210,NL,Screening,2/16/06,MPR; ; N3; Scaled,3079,11713
210,130237,068_S_0210,NL,Screening,2/16/06,MPR; ; N3; Scaled_2,3079,11713
213,60600,020_S_0213,AD,Screening,3/22/06,MPR; GradWarp; B1 Correction; N3; Scaled,3255,12386
214,37224,032_S_0214,MCI,Screening,2/20/06,MPR-R; ; N3; Scaled,3088,11740
214,119084,032_S_0214,MCI,Screening,2/20/06,MPR-R; ; N3; Scaled_2,3088,11740
216,68835,128_S_0216,AD,Screening,2/14/06,MPR-R; GradWarp; N3; Scaled,3056,11633
216,119375,128_S_0216,AD,Screening,2/14/06,MPR-R; GradWarp; N3; Scaled_2,3056,11633
217,31346,023_S_0217,MCI,Screening,2/21/06,MPR-R; GradWarp; B1 Correction; N3; Scaled,3085,11731
217,118974,023_S_0217,MCI,Screening,2/21/06,MPR-R; GradWarp; B1 Correction; N3; Scaled_2,3085,11731
219,59533,022_S_0219,AD,Screening,3/17/06,MPR; GradWarp; B1 Correction; N3; Scaled,3231,12375
221,72128,005_S_0221,AD,Screening,2/22/06,MPR; GradWarp; B1 Correction; N3; Scaled,3143,11958
222,54686,005_S_0222,MCI,Screening,2/21/06,MPR; GradWarp; B1 Correction; N3; Scaled,3095,11754
223,32855,005_S_0223,NL,Screening,2/28/06,MPR; GradWarp; B1 Correction; N3; Scaled,3148,11981
225,68842,128_S_0225,MCI,Screening,2/15/06,MPR; GradWarp; N3; Scaled,3070,11679
225,119377,128_S_0225,MCI,Screening,2/15/06,MPR; GradWarp; N3; Scaled_2,3070,11679
227,68711,128_S_0227,MCI,Screening,3/2/06,MPR; GradWarp; N3; Scaled,3229,12277
227,119379,128_S_0227,MCI,Screening,3/2/06,MPR; GradWarp; N3; Scaled_2,3229,12277
228,49735,114_S_0228,AD,Screening,2/16/06,MPR; GradWarp; B1 Correction; N3; Scaled,3075,11697
229,92342,128_S_0229,NL,Screening,3/8/06,MPR; GradWarp; N3; Scaled,3214,12481
229,119381,128_S_0229,NL,Screening,3/8/06,MPR; GradWarp; N3; Scaled_2,3214,12481
230,68745,128_S_0230,NL,Screening,3/8/06,MPR; GradWarp; N3; Scaled,3178,12081
230,119383,128_S_0230,NL,Screening,3/8/06,MPR; GradWarp; N3; Scaled_2,3178,12081
231,33493,021_S_0231,MCI,Screening,2/28/06,MPR-R; GradWarp; N3; Scaled,3111,11835
232,39108,130_S_0232,NL,Screening,3/1/06,MPR; GradWarp; B1 Correction; N3; Scaled,3137,11928
240,51151,013_S_0240,MCI,Screening,3/20/06,MPR-R; GradWarp; B1 Correction; N3; Scaled,3237,12308
241,32020,011_S_0241,MCI,Screening,3/10/06,MPR-R; GradWarp; B1 Correction; N3; Scaled,3180,12088
243,34819,067_S_0243,MCI,Screening,3/9/06,MPR-R; GradWarp; B1 Correction; N3; Scaled,3163,12030
243,119197,067_S_0243,MCI,Screening,3/9/06,MPR-R; GradWarp; B1 Correction; N3; Scaled_2,3163,12030
245,68861,128_S_0245,NL,Screening,3/21/06,MPR; GradWarp; N3; Scaled,3248,12351
245,119385,128_S_0245,NL,Screening,3/21/06,MPR; GradWarp; N3; Scaled_2,3248,12351
249,36530,007_S_0249,MCI,Screening,3/2/06,MPR; GradWarp; B1 Correction; N3; Scaled,3135,11911
249,118687,007_S_0249,MCI,Screening,3/2/06,MPR; GradWarp; B1 Correction; N3; Scaled_2,3135,11911
256,34150,027_S_0256,MCI,Screening,3/21/06,MPR; GradWarp; B1 Correction; N3; Scaled,3249,12357
257,34824,067_S_0257,NL,Screening,5/19/06,MPR; GradWarp; B1 Correction; N3; Scaled,3941,14730
257,119198,067_S_0257,NL,Screening,5/19/06,MPR; GradWarp; B1 Correction; N3; Scaled_2,3941,14730
258,68879,128_S_0258,MCI,Screening,4/6/06,MPR; GradWarp; N3; Scaled,3450,12928
258,119387,128_S_0258,MCI,Screening,4/6/06,MPR; GradWarp; N3; Scaled_2,3450,12928
259,34362,127_S_0259,NL,Screening,3/13/06,MPR; GradWarp; B1 Correction; N3; Scaled,3192,12137
260,34384,127_S_0260,NL,Screening,3/23/06,MPR-R; GradWarp; B1 Correction; N3; Scaled,3263,12419
262,124897,041_S_0262,NL,Screening,3/17/06,MPR; GradWarp; B1 Correction; N3; Scaled,3233,12292
266,68898,128_S_0266,AD,Screening,3/22/06,MPR; GradWarp; N3; Scaled,3254,12381
266,119390,128_S_0266,AD,Screening,3/22/06,MPR; GradWarp; N3; Scaled_2,3254,12381
269,65257,098_S_0269,MCI,Screening,3/4/06,MPR; GradWarp; B1 Correction; N3; Scaled,3144,11964
272,68927,128_S_0272,NL,Screening,3/22/06,MPR; GradWarp; N3; Scaled,3258,12394
272,119392,128_S_0272,NL,Screening,3/22/06,MPR; GradWarp; N3; Scaled_2,3258,12394
273,33428,021_S_0273,MCI,Screening,3/14/06,MPR; GradWarp; N3; Scaled,3199,12168
276,33433,021_S_0276,MCI,Screening,3/17/06,MPR; GradWarp; N3; Scaled,3224,12260
282,39486,041_S_0282,MCI,Screening,4/19/06,MPR; GradWarp; B1 Correction; N3; Scaled,3589,13496
283,66428,137_S_0283,NL,Screening,3/15/06,MPR; GradWarp; N3; Scaled,3212,12218
284,34837,067_S_0284,MCI,Screening,3/17/06,MPR-R; GradWarp; B1 Correction; N3; Scaled,3269,12439
284,119199,067_S_0284,MCI,Screening,3/17/06,MPR-R; GradWarp; B1 Correction; N3; Scaled_2,3269,12439
285,39117,130_S_0285,MCI,Screening,3/22/06,MPR; GradWarp; B1 Correction; N3; Scaled,3276,12462
286,37007,018_S_0286,AD,Screening,3/23/06,MPR; ; N3; Scaled,3268,12435
286,118779,018_S_0286,AD,Screening,3/23/06,MPR; ; N3; Scaled_2,3268,12435
288,323256,098_S_0288,MCI,Screening,3/25/06,MPR; GradWarp; B1 Correction; N3; Scaled,3311,12607
289,39112,130_S_0289,MCI,Screening,3/13/06,MPR; GradWarp; B1 Correction; N3; Scaled,3186,12111
290,34846,067_S_0290,MCI,Screening,3/28/06,MPR-R; GradWarp; B1 Correction; N3; Scaled,3308,12592
290,119200,067_S_0290,MCI,Screening,3/28/06,MPR-R; GradWarp; B1 Correction; N3; Scaled_2,3308,12592
291,34524,099_S_0291,MCI,Screening,3/9/06,MPR; GradWarp; B1 Correction; N3; Scaled,3174,12065
292,39569,035_S_0292,MCI,Screening,3/22/06,MPR; GradWarp; B1 Correction; N3; Scaled,3261,12408
293,36549,007_S_0293,MCI,Screening,3/14/06,MPR; GradWarp; B1 Correction; N3; Scaled,3207,12193
293,118690,007_S_0293,MCI,Screening,3/14/06,MPR; GradWarp; B1 Correction; N3; Scaled_2,3207,12193
294,86206,031_S_0294,MCI,Screening,3/16/06,MPR-R; GradWarp; N3; Scaled,3219,12243
295,45108,002_S_0295,NL,Screening,4/18/06,MPR; GradWarp; B1 Correction; N3; Scaled,3566,13408
295,118671,002_S_0295,NL,Screening,4/18/06,MPR; GradWarp; B1 Correction; N3; Scaled_2,3566,13408
296,33121,100_S_0296,MCI,Screening,4/3/06,MPR-R; ; N3; Scaled,3399,12814
298,64427,123_S_0298,NL,Screening,4/11/06,MPR-R; ; N3; Scaled,3499,13153
298,119328,123_S_0298,NL,Screening,4/11/06,MPR-R; ; N3; Scaled_2,3499,13153
299,40312,136_S_0299,AD,Screening,5/1/06,MPR; GradWarp; B1 Correction; N3; Scaled,3684,13839
299,119726,136_S_0299,AD,Screening,5/1/06,MPR; GradWarp; B1 Correction; N3; Scaled_2,3684,13839
300,40328,136_S_0300,AD,Screening,5/9/06,MPR; GradWarp; B1 Correction; N3; Scaled,3775,14136
300,119728,136_S_0300,AD,Screening,5/9/06,MPR; GradWarp; B1 Correction; N3; Scaled_2,3775,14136
301,45881,137_S_0301,NL,Screening,3/30/06,MPR; GradWarp; N3; Scaled,3301,12563
303,65148,037_S_0303,NL,Screening,4/7/06,MPR-R; GradWarp; N3; Scaled,3461,12982
304,95653,082_S_0304,NL,Screening,3/21/06,MPR-R; GradWarp; B1 Correction; N3; Scaled,3300,12557
304,119236,082_S_0304,NL,Screening,3/21/06,MPR-R; GradWarp; B1 Correction; N3; Scaled_2,3300,12557
307,34159,027_S_0307,MCI,Screening,4/6/06,MPR; GradWarp; B1 Correction; N3; Scaled,3478,13072
310,68944,128_S_0310,AD,Screening,3/24/06,MPR; GradWarp; N3; Scaled,3278,12468
310,119395,128_S_0310,AD,Screening,3/24/06,MPR; GradWarp; N3; Scaled_2,3278,12468
311,39868,073_S_0311,NL,Screening,5/31/06,MPR; GradWarp; B1 Correction; N3; Scaled,4040,15069
311,119229,073_S_0311,NL,Screening,5/31/06,MPR; GradWarp; B1 Correction; N3; Scaled_2,4040,15069
312,39881,073_S_0312,NL,Screening,5/31/06,MPR; GradWarp; B1 Correction; N3; Scaled,4042,15079
312,119230,073_S_0312,NL,Screening,5/31/06,MPR; GradWarp; B1 Correction; N3; Scaled_2,4042,15079
314,34680,041_S_0314,MCI,Screening,3/28/06,MPR; GradWarp; B1 Correction; N3; Scaled,3286,12492
315,86438,072_S_0315,NL,Screening,3/29/06,MPR; ; N3; Scaled,3299,12549
315,119221,072_S_0315,NL,Screening,3/29/06,MPR; ; N3; Scaled_2,3299,12549
316,36573,007_S_0316,AD,Screening,3/29/06,MPR-R; GradWarp; B1 Correction; N3; Scaled,3306,12583
316,118693,007_S_0316,AD,Screening,3/29/06,MPR-R; GradWarp; B1 Correction; N3; Scaled_2,3306,12583
319,47984,131_S_0319,NL,Screening,3/20/06,MPR-R; GradWarp; B1 Correction; N3; Scaled,3241,12322
321,65383,031_S_0321,AD,Screening,3/21/06,MPR; GradWarp; N3; Scaled,3251,12365
324,32891,005_S_0324,MCI,Screening,3/30/06,MPR-R; GradWarp; B1 Correction; N3; Scaled,3309,12599
325,54665,013_S_0325,MCI,Screening,4/19/06,MPR; GradWarp; B1 Correction; N3; Scaled,3593,13524
326,89390,011_S_0326,MCI,Screening,3/20/06,MPR; GradWarp; B1 Correction; N3; Scaled,3245,12342
327,79732,037_S_0327,NL,Screening,4/19/06,MPR; GradWarp; N3; Scaled,3581,13473
328,39620,014_S_0328,AD,Screening,3/22/06,MPR; GradWarp; B1 Correction; N3; Scaled,3260,12402
331,31369,023_S_0331,MCI,Screening,3/23/06,MPR; GradWarp; B1 Correction; N3; Scaled,3266,12428
331,118975,023_S_0331,MCI,Screening,3/23/06,MPR; GradWarp; B1 Correction; N3; Scaled_2,3266,12428
332,33599,021_S_0332,MCI,Screening,4/4/06,MPR-R; GradWarp; N3; Scaled,3380,12756
335,35009,018_S_0335,AD,Screening,5/16/06,MPR; ; N3; Scaled,3900,14586
335,119801,018_S_0335,AD,Screening,5/16/06,MPR; ; N3; Scaled_2,3900,14586
336,34857,067_S_0336,MCI,Screening,5/4/06,MPR; GradWarp; B1 Correction; N3; Scaled,3742,14023
336,119202,067_S_0336,MCI,Screening,5/4/06,MPR; GradWarp; B1 Correction; N3; Scaled_2,3742,14023
337,33437,021_S_0337,NL,Screening,3/28/06,MPR; GradWarp; N3; Scaled,3283,12485
339,94847,132_S_0339,MCI,Screening,4/27/06,MPR; GradWarp; N3; Scaled,3686,13850
341,45213,035_S_0341,AD,Screening,4/6/06,MPR; GradWarp; B1 Correction; N3; Scaled,3455,12952
343,33444,021_S_0343,AD,Screening,4/6/06,MPR; GradWarp; N3; Scaled,3413,12836
344,36579,007_S_0344,MCI,Screening,3/31/06,MPR; GradWarp; B1 Correction; N3; Scaled,3316,12631
344,118696,007_S_0344,MCI,Screening,3/31/06,MPR; GradWarp; B1 Correction; N3; Scaled_2,3316,12631
351,65401,031_S_0351,MCI,Screening,4/18/06,MPR-R; GradWarp; N3; Scaled,3578,13461
352,34537,099_S_0352,NL,Screening,4/7/06,MPR; GradWarp; B1 Correction; N3; Scaled,3464,12992
354,92669,016_S_0354,MCI,Screening,5/5/06,MPR; GradWarp; B1 Correction; N3; Scaled,3758,14080
356,39629,014_S_0356,AD,Screening,4/5/06,MPR; GradWarp; B1 Correction; N3; Scaled,3418,12857
359,96221,016_S_0359,NL,Screening,4/6/06,MPR; GradWarp; B1 Correction; N3; Scaled,3466,13000
360,59788,116_S_0360,NL,Screening,5/2/06,MPR; GradWarp; N3; Scaled,3740,14014
361,59753,116_S_0361,MCI,Screening,4/27/06,MPR; GradWarp; N3; Scaled,3672,13809
362,89404,011_S_0362,MCI,Screening,3/28/06,MPR-R; GradWarp; B1 Correction; N3; Scaled,3323,12678
363,39730,082_S_0363,NL,Screening,3/28/06,MPR; GradWarp; B1 Correction; N3; Scaled,3469,13017
363,119238,082_S_0363,NL,Screening,3/28/06,MPR; GradWarp; B1 Correction; N3; Scaled_2,3469,13017
366,46608,137_S_0366,AD,Screening,5/10/06,MPR; GradWarp; N3; Scaled,3790,14199
369,37194,018_S_0369,NL,Screening,3/30/06,MPR; ; N3; Scaled,3313,12613
369,118772,018_S_0369,NL,Screening,3/30/06,MPR; ; N3; Scaled_2,3313,12613
370,59777,116_S_0370,AD,Screening,4/24/06,MPR-R; GradWarp; N3; Scaled,3638,13703
372,34549,099_S_0372,AD,Screening,4/21/06,MPR-R; GradWarp; B1 Correction; N3; Scaled,3625,13672
374,39817,114_S_0374,AD,Screening,4/10/06,MPR; GradWarp; B1 Correction; N3; Scaled,3472,13031
376,31384,023_S_0376,MCI,Screening,4/3/06,MPR; GradWarp; B1 Correction; N3; Scaled,3319,12652
376,118976,023_S_0376,MCI,Screening,4/3/06,MPR; GradWarp; B1 Correction; N3; Scaled_2,3319,12652
377,83094,037_S_0377,MCI,Screening,5/2/06,MPR; GradWarp; N3; Scaled,3692,13873
378,95688,114_S_0378,MCI,Screening,4/4/06,MPR; GradWarp; B1 Correction; N3; Scaled,3381,12760
382,59725,116_S_0382,NL,Screening,5/15/06,MPR; GradWarp; N3; Scaled,3877,14502
384,48002,131_S_0384,MCI,Screening,3/27/06,MPR; GradWarp; B1 Correction; N3; Scaled,3388,12790
386,49680,073_S_0386,NL,Screening,4/20/06,MPR; GradWarp; B1 Correction; N3; Scaled,3653,13746
386,119231,073_S_0386,NL,Screening,4/20/06,MPR; GradWarp; B1 Correction; N3; Scaled_2,3653,13746
388,31437,023_S_0388,MCI,Screening,4/10/06,MPR; GradWarp; B1 Correction; N3; Scaled,3479,13076
388,118853,023_S_0388,MCI,Screening,4/10/06,MPR; GradWarp; B1 Correction; N3; Scaled_2,3479,13076
389,65676,053_S_0389,MCI,Screening,4/20/06,MPR; GradWarp; B1 Correction; N3; Scaled,3599,13550
389,119140,053_S_0389,MCI,Screening,4/20/06,MPR; GradWarp; B1 Correction; N3; Scaled_2,3599,13550
390,64430,123_S_0390,MCI,Screening,4/11/06,MPR; ; N3; Scaled,3488,13099
390,119331,123_S_0390,MCI,Screening,4/11/06,MPR; ; N3; Scaled_2,3488,13099
392,59690,116_S_0392,AD,Screening,6/5/06,MPR; GradWarp; N3; Scaled,4097,15287
393,34393,127_S_0393,MCI,Screening,4/12/06,MPR-R; GradWarp; B1 Correction; N3; Scaled,3510,13200
394,34398,127_S_0394,MCI,Screening,5/17/06,MPR; GradWarp; B1 Correction; N3; Scaled,3905,14603
397,34407,127_S_0397,MCI,Screening,5/15/06,MPR; GradWarp; B1 Correction; N3; Scaled,3882,14528
400,36459,032_S_0400,AD,Screening,4/17/06,MPR; ; N3; Scaled,3532,13238
400,119087,032_S_0400,AD,Screening,4/17/06,MPR; ; N3; Scaled_2,3532,13238
401,140333,068_S_0401,MCI,Screening,4/25/06,MPR-R; ; N3; Scaled,3645,13728
403,34181,027_S_0403,NL,Screening,4/20/06,MPR-R; GradWarp; B1 Correction; N3; Scaled,3641,13717
404,34204,027_S_0404,AD,Screening,4/27/06,MPR; GradWarp; B1 Correction; N3; Scaled,3690,13866
405,38827,126_S_0405,NL,Screening,5/16/06,MPR-R; GradWarp; B1 Correction; N3; Scaled,3914,14635
406,37199,018_S_0406,MCI,Screening,4/20/06,MPR; ; N3; Scaled,3614,13623
406,118769,018_S_0406,MCI,Screening,4/20/06,MPR; ; N3; Scaled_2,3614,13623
407,34693,041_S_0407,MCI,Screening,4/28/06,MPR-R; GradWarp; B1 Correction; N3; Scaled,3669,13803
408,37548,027_S_0408,MCI,Screening,5/10/06,MPR; GradWarp; B1 Correction; N3; Scaled,3797,14231
409,48011,131_S_0409,MCI,Screening,4/25/06,MPR; GradWarp; B1 Correction; N3; Scaled,3662,13775
410,39824,114_S_0410,MCI,Screening,4/18/06,MPR; GradWarp; B1 Correction; N3; Scaled,3541,13289
413,45117,002_S_0413,NL,Screening,5/2/06,MPR; GradWarp; B1 Correction; N3; Scaled,3697,13893
413,118673,002_S_0413,NL,Screening,5/2/06,MPR; GradWarp; B1 Correction; N3; Scaled_2,3697,13893
414,36599,007_S_0414,MCI,Screening,5/22/06,MPR; GradWarp; B1 Correction; N3; Scaled,3968,14826
414,118698,007_S_0414,MCI,Screening,5/22/06,MPR; GradWarp; B1 Correction; N3; Scaled_2,3968,14826
416,39836,114_S_0416,NL,Screening,4/20/06,MPR-R; GradWarp; B1 Correction; N3; Scaled,3600,13556
417,34226,027_S_0417,MCI,Screening,5/12/06,MPR-R; GradWarp; B1 Correction; N3; Scaled,3834,14373
419,63320,010_S_0419,NL,Screening,5/16/06,MPR; ; N3; Scaled,3888,14544
419,118701,010_S_0419,NL,Screening,5/16/06,MPR; ; N3; Scaled_2,3888,14544
420,65580,010_S_0420,NL,Screening,6/15/06,MPR; ; N3; Scaled,4196,15582
420,119024,010_S_0420,NL,Screening,6/15/06,MPR; ; N3; Scaled_2,4196,15582
422,63332,010_S_0422,MCI,Screening,11/30/06,MPR; ; N3; Scaled,6106,23188
422,118703,010_S_0422,MCI,Screening,11/30/06,MPR; ; N3; Scaled_2,6106,23188
423,39132,130_S_0423,MCI,Screening,5/30/06,MPR; GradWarp; B1 Correction; N3; Scaled,4028,15030
424,33644,021_S_0424,MCI,Screening,4/20/06,MPR-R; GradWarp; N3; Scaled,3594,13531
425,63383,018_S_0425,NL,Screening,4/19/06,MPR; ; N3; Scaled,3606,13585
425,118766,018_S_0425,NL,Screening,4/19/06,MPR; ; N3; Scaled_2,3606,13585
426,40356,136_S_0426,AD,Screening,5/16/06,MPR; GradWarp; B1 Correction; N3; Scaled,3898,14581
426,119730,136_S_0426,AD,Screening,5/16/06,MPR; GradWarp; B1 Correction; N3; Scaled_2,3898,14581
429,40387,136_S_0429,MCI,Screening,6/14/06,MPR-R; GradWarp; B1 Correction; N3; Scaled,4183,15534
429,119732,136_S_0429,MCI,Screening,6/14/06,MPR-R; GradWarp; B1 Correction; N3; Scaled_2,4183,15534
431,34443,127_S_0431,AD,Screening,5/17/06,MPR; GradWarp; B1 Correction; N3; Scaled,3903,14595
433,39937,133_S_0433,NL,Screening,5/3/06,MPR; GradWarp; B1 Correction; N3; Scaled,3725,13952
433,119480,133_S_0433,NL,Screening,5/3/06,MPR; GradWarp; B1 Correction; N3; Scaled_2,3725,13952
434,39122,094_S_0434,MCI,Screening,4/20/06,MPR; GradWarp; B1 Correction; N3; Scaled,3603,13570
436,48020,131_S_0436,NL,Screening,5/17/06,MPR; GradWarp; B1 Correction; N3; Scaled,3935,14710
438,46615,137_S_0438,AD,Screening,4/27/06,MPR; GradWarp; N3; Scaled,3659,13764
441,48029,131_S_0441,NL,Screening,4/24/06,MPR; GradWarp; B1 Correction; N3; Scaled,3627,13681
442,65727,068_S_0442,MCI,Screening,5/9/06,MPR-R; ; N3; Scaled,3772,14128
442,130241,068_S_0442,MCI,Screening,5/9/06,MPR-R; ; N3; Scaled_2,3772,14128
443,46622,137_S_0443,MCI,Screening,6/15/06,MPR; GradWarp; N3; Scaled,4188,15548
445,39899,073_S_0445,MCI,Screening,6/19/06,MPR; GradWarp; B1 Correction; N3; Scaled,4222,15683
445,119232,073_S_0445,MCI,Screening,6/19/06,MPR; GradWarp; B1 Correction; N3; Scaled_2,4222,15683
446,40433,041_S_0446,MCI,Screening,5/2/06,MPR-R; GradWarp; B1 Correction; N3; Scaled,3706,13908
448,32875,005_S_0448,MCI,Screening,5/4/06,MPR; GradWarp; B1 Correction; N3; Scaled,3744,14032
449,80930,130_S_0449,MCI,Screening,11/2/06,MPR-R; GradWarp; B1 Correction; N3; Scaled,5789,22250
449,121508,130_S_0449,MCI,Screening,5/31/06,MPR; GradWarp; B1 Correction; N3; Scaled,4053,15123
450,37206,018_S_0450,MCI,Screening,5/4/06,MPR-R; ; N3; Scaled,3735,13994
450,118763,018_S_0450,MCI,Screening,5/4/06,MPR-R; ; N3; Scaled_2,3735,13994
454,79755,037_S_0454,NL,Screening,5/9/06,MPR; GradWarp; N3; Scaled,3763,14104
457,92406,131_S_0457,AD,Screening,5/3/06,MPR; GradWarp; B1 Correction; N3; Scaled,3730,13976
458,39845,114_S_0458,MCI,Screening,5/9/06,MPR-R; GradWarp; B1 Correction; N3; Scaled,3765,14111
459,46629,137_S_0459,NL,Screening,4/25/06,MPR; GradWarp; N3; Scaled,3649,13737
461,34231,027_S_0461,MCI,Screening,6/2/06,MPR; GradWarp; B1 Correction; N3; Scaled,4069,15192
464,34707,057_S_0464,MCI,Screening,5/17/06,MPR; GradWarp; B1 Correction; N3; Scaled,3942,14736
467,108505,037_S_0467,NL,Screening,5/2/06,MPR; GradWarp; N3; Scaled,3783,14164
469,39739,082_S_0469,MCI,Screening,6/6/06,MPR; GradWarp; B1 Correction; N3; Scaled,4089,15262
469,119239,082_S_0469,MCI,Screening,6/6/06,MPR; GradWarp; B1 Correction; N3; Scaled_2,4089,15262
470,34570,099_S_0470,AD,Screening,5/10/06,MPR-R; GradWarp; B1 Correction; N3; Scaled,3795,14222
472,62630,010_S_0472,NL,Screening,11/22/06,MPR; ; N3; Scaled,6023,22912
472,118702,010_S_0472,NL,Screening,11/22/06,MPR; ; N3; Scaled_2,6023,22912
473,140334,068_S_0473,NL,Screening,5/3/06,MPR; ; N3; Scaled,3712,13925
474,34720,057_S_0474,AD,Screening,5/3/06,MPR-R; GradWarp; B1 Correction; N3; Scaled,3734,13990
476,63459,068_S_0476,MCI,Screening,5/11/06,MPR; ; N3; Scaled,3879,14509
476,130246,068_S_0476,MCI,Screening,5/11/06,MPR; ; N3; Scaled_2,3879,14509
478,130209,068_S_0478,MCI,Screening,5/16/06,MPR-R; ; N3; Scaled_2,3887,14539
479,36469,032_S_0479,NL,Screening,5/15/06,MPR; ; N3; Scaled,3867,14457
479,119090,032_S_0479,NL,Screening,5/15/06,MPR; ; N3; Scaled_2,3867,14457
481,46647,137_S_0481,MCI,Screening,5/11/06,MPR-R; GradWarp; N3; Scaled,3815,14293
484,65566,006_S_0484,NL,Screening,9/13/06,MPR; GradWarp; B1 Correction; N3; Scaled,5122,18837
485,37557,027_S_0485,MCI,Screening,5/8/06,MPR; GradWarp; B1 Correction; N3; Scaled,3791,14208
487,59686,116_S_0487,AD,Screening,6/1/06,MPR-R; GradWarp; N3; Scaled,4057,15138
488,107934,133_S_0488,NL,Screening,5/9/06,MPR; GradWarp; B1 Correction; N3; Scaled,3780,14150
488,119486,133_S_0488,NL,Screening,5/9/06,MPR; GradWarp; B1 Correction; N3; Scaled_2,3780,14150
489,47291,094_S_0489,NL,Screening,5/9/06,MPR-R; GradWarp; B1 Correction; N3; Scaled,3770,14121
492,38770,099_S_0492,AD,Screening,5/25/06,MPR; GradWarp; B1 Correction; N3; Scaled,3999,14944
493,107943,133_S_0493,NL,Screening,5/9/06,MPR; GradWarp; B1 Correction; N3; Scaled,3781,14156
493,119503,133_S_0493,NL,Screening,5/9/06,MPR; GradWarp; B1 Correction; N3; Scaled_2,3781,14156
497,48038,131_S_0497,AD,Screening,6/7/06,MPR; GradWarp; B1 Correction; N3; Scaled,4110,15315
498,55943,006_S_0498,NL,Screening,9/19/06,MPR-R; GradWarp; B1 Correction; N3; Scaled,5366,19763
500,70814,128_S_0500,NL,Screening,5/15/06,MPR; GradWarp; N3; Scaled,3880,14513
500,119397,128_S_0500,NL,Screening,5/15/06,MPR; GradWarp; N3; Scaled_2,3880,14513
501,79773,037_S_0501,MCI,Screening,5/23/06,MPR; GradWarp; N3; Scaled,3973,14854
502,51138,013_S_0502,NL,Screening,7/25/06,MPR; GradWarp; B1 Correction; N3; Scaled,4579,17232
505,39142,130_S_0505,MCI,Screening,7/25/06,MPR; GradWarp; B1 Correction; N3; Scaled,4595,17292
506,80795,126_S_0506,NL,Screening,6/14/06,MPR-R; GradWarp; B1 Correction; N3; Scaled,4214,15652
507,80199,053_S_0507,MCI,Screening,5/15/06,MPR; GradWarp; B1 Correction; N3; Scaled,3871,14483
507,119145,053_S_0507,MCI,Screening,5/15/06,MPR; GradWarp; B1 Correction; N3; Scaled_2,3871,14483
511,42240,033_S_0511,MCI,Screening,6/1/06,MPR; GradWarp; B1 Correction; N3; Scaled,4046,15101
511,119121,033_S_0511,MCI,Screening,6/1/06,MPR; GradWarp; B1 Correction; N3; Scaled_2,4046,15101
513,42258,033_S_0513,MCI,Screening,5/18/06,MPR; GradWarp; B1 Correction; N3; Scaled,3926,14673
513,119122,033_S_0513,MCI,Screening,5/18/06,MPR; GradWarp; B1 Correction; N3; Scaled_2,3926,14673
514,42276,033_S_0514,MCI,Screening,5/18/06,MPR; GradWarp; B1 Correction; N3; Scaled,3923,14663
514,119123,033_S_0514,MCI,Screening,5/18/06,MPR; GradWarp; B1 Correction; N3; Scaled_2,3923,14663
516,42308,033_S_0516,NL,Screening,5/22/06,MPR; GradWarp; B1 Correction; N3; Scaled,3964,14818
516,119125,033_S_0516,NL,Screening,5/22/06,MPR; GradWarp; B1 Correction; N3; Scaled_2,3964,14818
517,68976,128_S_0517,AD,Screening,5/26/06,MPR; GradWarp; N3; Scaled,4019,15001
517,119399,128_S_0517,AD,Screening,5/26/06,MPR; GradWarp; N3; Scaled_2,4019,15001
518,39909,073_S_0518,MCI,Screening,9/11/06,MPR; GradWarp; B1 Correction; N3; Scaled,5113,18797
518,119233,073_S_0518,MCI,Screening,9/11/06,MPR; GradWarp; B1 Correction; N3; Scaled_2,5113,18797
519,39647,014_S_0519,NL,Screening,5/12/06,MPR; GradWarp; B1 Correction; N3; Scaled,3872,14488
520,39660,014_S_0520,NL,Screening,5/12/06,MPR-R; GradWarp; B1 Correction; N3; Scaled,3870,14473
522,68983,128_S_0522,NL,Screening,5/19/06,MPR; GradWarp; N3; Scaled,3959,14792
522,119400,128_S_0522,NL,Screening,5/19/06,MPR; GradWarp; N3; Scaled_2,3959,14792
525,39980,133_S_0525,NL,Screening,5/30/06,MPR; GradWarp; B1 Correction; N3; Scaled,4016,14991
525,119510,133_S_0525,NL,Screening,5/30/06,MPR; GradWarp; B1 Correction; N3; Scaled_2,4016,14991
526,63468,094_S_0526,NL,Screening,5/16/06,MPR-R; GradWarp; B1 Correction; N3; Scaled,3894,14559
528,69679,128_S_0528,AD,Screening,5/17/06,MPR; GradWarp; N3; Scaled,3913,14629
528,119401,128_S_0528,AD,Screening,5/17/06,MPR; GradWarp; N3; Scaled_2,3913,14629
531,49666,094_S_0531,MCI,Screening,5/16/06,MPR-R; GradWarp; B1 Correction; N3; Scaled,3893,14554
533,38785,099_S_0533,NL,Screening,5/25/06,MPR-R; GradWarp; B1 Correction; N3; Scaled,3998,14938
534,34578,099_S_0534,NL,Screening,5/4/06,MPR-R; GradWarp; B1 Correction; N3; Scaled,3738,14009
535,50426,062_S_0535,AD,Screening,5/18/06,MPR; GradWarp; B1 Correction; N3; Scaled,3932,14699
538,40772,016_S_0538,NL,Screening,8/2/06,MPR; GradWarp; B1 Correction; N3; Scaled,4670,17545
539,79792,037_S_0539,MCI,Screening,6/15/06,MPR-R; GradWarp; N3; Scaled,4186,15541
543,59543,022_S_0543,AD,Screening,5/22/06,MPR; GradWarp; B1 Correction; N3; Scaled,3972,14849
544,64672,022_S_0544,MCI,Screening,5/17/06,MPR; GradWarp; B1 Correction; N3; Scaled,3927,14679
545,69000,128_S_0545,NL,Screening,5/24/06,MPR; GradWarp; N3; Scaled,4003,14959
545,119402,128_S_0545,NL,Screening,5/24/06,MPR; GradWarp; N3; Scaled_2,4003,14959
546,32681,005_S_0546,MCI,Screening,6/15/06,MPR-R; GradWarp; B1 Correction; N3; Scaled,4191,15566
547,75279,006_S_0547,AD,Screening,9/21/06,MPR-R; GradWarp; B1 Correction; N3; Scaled,5369,19779
548,39665,014_S_0548,NL,Screening,5/25/06,MPR; GradWarp; B1 Correction; N3; Scaled,3993,14921
549,39506,041_S_0549,MCI,Screening,6/13/06,MPR; GradWarp; B1 Correction; N3; Scaled,4171,15488
551,34586,099_S_0551,MCI,Screening,5/18/06,MPR-R; GradWarp; B1 Correction; N3; Scaled,3918,14645
552,79796,037_S_0552,MCI,Screening,5/24/06,MPR; GradWarp; N3; Scaled,3984,14888
553,32644,005_S_0553,NL,Screening,6/14/06,MPR; GradWarp; B1 Correction; N3; Scaled,4181,15527
554,64711,031_S_0554,AD,Screening,5/23/06,MPR-R; GradWarp; N3; Scaled,3990,14904
555,39614,035_S_0555,NL,Screening,11/14/06,MPR-R; GradWarp; B1 Correction; N3; Scaled,5875,22440
557,39674,014_S_0557,MCI,Screening,5/31/06,MPR; GradWarp; B1 Correction; N3; Scaled,4044,15094
558,39683,014_S_0558,NL,Screening,6/21/06,MPR; GradWarp; B1 Correction; N3; Scaled,4252,15789
559,40674,002_S_0559,NL,Screening,5/23/06,MPR; GradWarp; B1 Correction; N3; Scaled,3978,14875
559,118676,002_S_0559,NL,Screening,5/23/06,MPR; GradWarp; B1 Correction; N3; Scaled_2,3978,14875
563,39692,014_S_0563,MCI,Screening,7/5/06,MPR; GradWarp; B1 Correction; N3; Scaled,4329,16079
565,39919,073_S_0565,AD,Screening,6/21/06,MPR; GradWarp; B1 Correction; N3; Scaled,4245,15762
565,119234,073_S_0565,AD,Screening,6/21/06,MPR; GradWarp; B1 Correction; N3; Scaled_2,4245,15762
566,79803,037_S_0566,MCI,Screening,6/13/06,MPR; GradWarp; N3; Scaled,4163,15457
567,42370,033_S_0567,MCI,Screening,5/17/06,MPR-R; GradWarp; B1 Correction; N3; Scaled,3895,14572
567,119126,033_S_0567,MCI,Screening,5/17/06,MPR-R; GradWarp; B1 Correction; N3; Scaled_2,3895,14572
568,64922,031_S_0568,MCI,Screening,5/22/06,MPR; GradWarp; N3; Scaled,3970,14833
572,32653,005_S_0572,MCI,Screening,6/20/06,MPR; GradWarp; B1 Correction; N3; Scaled,4229,15709
575,51160,013_S_0575,NL,Screening,8/14/06,MPR-R; GradWarp; B1 Correction; N3; Scaled,4826,17859
576,36903,036_S_0576,NL,Screening,6/1/06,MPR; GradWarp; B1 Correction; N3; Scaled,4061,15156
577,36914,036_S_0577,AD,Screening,5/26/06,MPR; GradWarp; B1 Correction; N3; Scaled,4008,14974
578,50459,062_S_0578,NL,Screening,5/30/06,MPR; GradWarp; B1 Correction; N3; Scaled,4029,15035
579,40410,136_S_0579,MCI,Screening,6/29/06,MPR; GradWarp; B1 Correction; N3; Scaled,4300,15952
579,119734,136_S_0579,MCI,Screening,6/29/06,MPR; GradWarp; B1 Correction; N3; Scaled_2,4300,15952
588,79824,037_S_0588,MCI,Screening,11/28/06,MPR; GradWarp; N3; Scaled,6231,23602
590,51515,016_S_0590,MCI,Screening,6/6/06,MPR; GradWarp; B1 Correction; N3; Scaled,4149,15409
592,79144,013_S_0592,AD,Screening,8/17/06,MPR; GradWarp; B1 Correction; N3; Scaled,4995,18419
598,40037,041_S_0598,MCI,Screening,6/16/06,MPR; GradWarp; B1 Correction; N3; Scaled,4200,15604
601,39850,114_S_0601,NL,Screening,6/5/06,MPR; GradWarp; B1 Correction; N3; Scaled,4071,15201
602,32672,005_S_0602,NL,Screening,6/29/06,MPR; GradWarp; B1 Correction; N3; Scaled,4304,15966
604,31455,023_S_0604,MCI,Screening,6/2/06,MPR; GradWarp; B1 Correction; N3; Scaled,4067,15182
604,118875,023_S_0604,MCI,Screening,6/2/06,MPR; GradWarp; B1 Correction; N3; Scaled_2,4067,15182
605,38861,126_S_0605,NL,Screening,6/15/06,MPR; GradWarp; B1 Correction; N3; Scaled,4216,15665
606,38918,126_S_0606,AD,Screening,7/20/06,MPR-R; GradWarp; B1 Correction; N3; Scaled,4567,17191
607,35938,067_S_0607,MCI,Screening,6/27/06,MPR; GradWarp; B1 Correction; N3; Scaled,4283,15894
607,119203,067_S_0607,MCI,Screening,6/27/06,MPR; GradWarp; B1 Correction; N3; Scaled_2,4283,15894
608,69019,128_S_0608,MCI,Screening,6/1/06,MPR-R; GradWarp; N3; Scaled,4074,15212
608,119403,128_S_0608,MCI,Screening,6/1/06,MPR-R; GradWarp; N3; Scaled_2,4074,15212
610,32667,005_S_0610,NL,Screening,6/21/06,MPR; GradWarp; B1 Correction; N3; Scaled,4235,15727
611,69032,128_S_0611,MCI,Screening,6/8/06,MPR; GradWarp; N3; Scaled,4130,15376
611,119404,128_S_0611,MCI,Screening,6/8/06,MPR; GradWarp; N3; Scaled_2,4130,15376
613,31473,023_S_0613,MCI,Screening,6/21/06,MPR; GradWarp; B1 Correction; N3; Scaled,4240,15743
613,119027,023_S_0613,MCI,Screening,6/21/06,MPR; GradWarp; B1 Correction; N3; Scaled_2,4240,15743
618,67110,031_S_0618,NL,Screening,6/6/06,MPR-R; GradWarp; N3; Scaled,4092,15271
619,48617,002_S_0619,AD,Screening,6/1/06,MPR-R; GradWarp; N3; Scaled,4059,15145
619,118678,002_S_0619,AD,Screening,6/1/06,MPR-R; GradWarp; N3; Scaled_2,4059,15145
621,64189,053_S_0621,MCI,Screening,6/12/06,MPR; GradWarp; B1 Correction; N3; Scaled,4157,15442
621,119162,053_S_0621,MCI,Screening,6/12/06,MPR; GradWarp; B1 Correction; N3; Scaled_2,4157,15442
622,34452,127_S_0622,NL,Screening,6/13/06,MPR; GradWarp; B1 Correction; N3; Scaled,4166,15473
625,31495,023_S_0625,MCI,Screening,6/23/06,MPR-R; GradWarp; B1 Correction; N3; Scaled,4261,15820
625,119028,023_S_0625,MCI,Screening,6/23/06,MPR-R; GradWarp; B1 Correction; N3; Scaled_2,4261,15820
626,34672,021_S_0626,MCI,Screening,6/29/06,MPR; GradWarp; N3; Scaled,4306,15969
627,79831,037_S_0627,AD,Screening,7/6/06,MPR; GradWarp; N3; Scaled,4375,16313
629,40954,133_S_0629,MCI,Screening,6/23/06,MPR-R; GradWarp; B1 Correction; N3; Scaled,4290,15915
629,119520,133_S_0629,MCI,Screening,6/23/06,MPR-R; GradWarp; B1 Correction; N3; Scaled_2,4290,15915
631,46655,137_S_0631,MCI,Screening,6/16/06,MPR; GradWarp; N3; Scaled,4199,15598
633,35036,018_S_0633,AD,Screening,6/15/06,MPR-R; ; N3; Scaled,4193,15573
633,120057,018_S_0633,AD,Screening,6/15/06,MPR-R; ; N3; Scaled_2,4193,15573
634,64585,012_S_0634,MCI,Screening,6/16/06,MPR; ; N3; Scaled,4243,15751
634,118691,012_S_0634,MCI,Screening,6/16/06,MPR; ; N3; Scaled_2,4243,15751
637,59243,012_S_0637,NL,Screening,6/16/06,MPR; ; N3; Scaled,4318,16018
637,118711,012_S_0637,NL,Screening,6/16/06,MPR; ; N3; Scaled_2,4318,16018
638,67531,133_S_0638,MCI,Screening,6/26/06,MPR; GradWarp; B1 Correction; N3; Scaled,4431,16608
638,119527,133_S_0638,MCI,Screening,6/26/06,MPR; GradWarp; B1 Correction; N3; Scaled_2,4431,16608
640,49479,082_S_0640,NL,Screening,7/3/06,MPR; GradWarp; B1 Correction; N3; Scaled,4423,16562
640,119241,082_S_0640,NL,Screening,7/3/06,MPR; GradWarp; B1 Correction; N3; Scaled_2,4423,16562
641,39785,082_S_0641,MCI,Screening,6/19/06,MPR-R; GradWarp; B1 Correction; N3; Scaled,4226,15700
641,119243,082_S_0641,MCI,Screening,6/19/06,MPR-R; GradWarp; B1 Correction; N3; Scaled_2,4226,15700
642,33452,021_S_0642,AD,Screening,6/28/06,MPR; GradWarp; N3; Scaled,4296,15935
643,34725,057_S_0643,NL,Screening,6/21/06,MPR; GradWarp; B1 Correction; N3; Scaled,4251,15782
644,34240,027_S_0644,MCI,Screening,6/16/06,MPR; GradWarp; B1 Correction; N3; Scaled,4205,15630
647,33457,021_S_0647,NL,Screening,6/29/06,MPR; GradWarp; N3; Scaled,4302,15957
648,59666,116_S_0648,NL,Screening,8/3/06,MPR; GradWarp; N3; Scaled,4756,17724
649,59697,116_S_0649,MCI,Screening,7/24/06,MPR; GradWarp; N3; Scaled,4563,17166
653,55948,006_S_0653,AD,Screening,11/14/06,MPR; GradWarp; B1 Correction; N3; Scaled,5950,23255
656,36924,036_S_0656,MCI,Screening,7/7/06,MPR; GradWarp; B1 Correction; N3; Scaled,4368,16286
657,59739,116_S_0657,NL,Screening,8/24/06,MPR; GradWarp; N3; Scaled,4954,18236
658,39701,014_S_0658,MCI,Screening,7/25/06,MPR; GradWarp; B1 Correction; N3; Scaled,4648,17481
667,89495,098_S_0667,MCI,Screening,6/24/06,MPR; GradWarp; B1 Correction; N3; Scaled,4308,15980
668,43001,137_S_0668,MCI,Screening,8/7/06,MPR; GradWarp; N3; Scaled,4708,17610
669,43009,137_S_0669,MCI,Screening,7/21/06,MPR; GradWarp; N3; Scaled,4551,17100
671,64161,052_S_0671,MCI,Screening,7/5/06,MPR; GradWarp; B1 Correction; N3; Scaled,4326,16062
671,119137,052_S_0671,MCI,Screening,7/5/06,MPR; GradWarp; B1 Correction; N3; Scaled_2,4326,16062
672,36938,036_S_0672,NL,Screening,7/21/06,MPR; GradWarp; B1 Correction; N3; Scaled,4556,17131
673,36949,036_S_0673,MCI,Screening,7/21/06,MPR; GradWarp; B1 Correction; N3; Scaled,4561,17157
675,67341,006_S_0675,MCI,Screening,8/31/06,MPR; GradWarp; B1 Correction; N3; Scaled,4997,18432
677,37228,032_S_0677,NL,Screening,6/29/06,MPR; ; N3; Scaled,4325,16051
677,119102,032_S_0677,NL,Screening,6/29/06,MPR; ; N3; Scaled_2,4325,16051
679,40046,041_S_0679,MCI,Screening,7/20/06,MPR; GradWarp; B1 Correction; N3; Scaled,4543,17077
680,38926,126_S_0680,NL,Screening,7/5/06,MPR; GradWarp; B1 Correction; N3; Scaled,4336,16099
681,92305,006_S_0681,NL,Screening,8/31/06,MPR; GradWarp; B1 Correction; N3; Scaled,5000,18451
682,35044,018_S_0682,AD,Screening,7/6/06,MPR; ; N3; Scaled,4370,16293
682,119802,018_S_0682,AD,Screening,7/6/06,MPR; ; N3; Scaled_2,4370,16293
684,34458,127_S_0684,NL,Screening,7/13/06,MPR; GradWarp; B1 Correction; N3; Scaled,4458,16759
685,40683,002_S_0685,NL,Screening,7/6/06,MPR; GradWarp; B1 Correction; N3; Scaled,4374,16309
685,118680,002_S_0685,NL,Screening,7/6/06,MPR; GradWarp; B1 Correction; N3; Scaled_2,4374,16309
686,46668,137_S_0686,NL,Screening,7/3/06,MPR; GradWarp; N3; Scaled,4324,16048
689,92398,012_S_0689,AD,Screening,7/5/06,MPR-R; ; N3; Scaled,4391,16392
689,118713,012_S_0689,AD,Screening,7/5/06,MPR-R; ; N3; Scaled_2,4391,16392
690,50468,062_S_0690,AD,Screening,7/18/06,MPR; GradWarp; B1 Correction; N3; Scaled,4498,16924
691,48047,131_S_0691,AD,Screening,7/26/06,MPR; GradWarp; B1 Correction; N3; Scaled,4588,17266
692,47295,094_S_0692,NL,Screening,7/21/06,MPR; GradWarp; B1 Correction; N3; Scaled,4572,17207
695,70924,136_S_0695,MCI,Screening,9/18/06,MPR; GradWarp; B1 Correction; N3; Scaled,5167,19019
695,119736,136_S_0695,MCI,Screening,9/18/06,MPR; GradWarp; B1 Correction; N3; Scaled_2,5167,19019
696,82738,141_S_0696,AD,Screening,8/25/06,MPR; GradWarp; B1 Correction; N3; Scaled,4985,18373
697,91235,141_S_0697,MCI,Screening,8/21/06,MPR-R; GradWarp; B1 Correction; N3; Scaled,4924,18466
698,36613,007_S_0698,MCI,Screening,7/7/06,MPR-R; GradWarp; B1 Correction; N3; Scaled,4394,16403
698,119030,007_S_0698,MCI,Screening,7/7/06,MPR-R; GradWarp; B1 Correction; N3; Scaled_2,4394,16403
699,62650,013_S_0699,AD,Screening,8/28/06,MPR-R; GradWarp; B1 Correction; N3; Scaled,4984,18366
702,40781,016_S_0702,MCI,Screening,7/24/06,MPR; GradWarp; B1 Correction; N3; Scaled,4605,17341
708,38944,126_S_0708,MCI,Screening,7/17/06,MPR; GradWarp; B1 Correction; N3; Scaled,4491,16897
709,38964,126_S_0709,MCI,Screening,7/26/06,MPR; GradWarp; B1 Correction; N3; Scaled,4600,17326
711,39137,094_S_0711,NL,Screening,7/10/06,MPR; GradWarp; B1 Correction; N3; Scaled,4421,16553
712,92401,012_S_0712,AD,Screening,6/29/06,MPR; ; N3; Scaled,4451,16704
712,118712,012_S_0712,AD,Screening,6/29/06,MPR; ; N3; Scaled_2,4451,16704
715,89788,128_S_0715,MCI,Screening,7/18/06,MPR-R; GradWarp; N3; Scaled,4513,16987
715,119405,128_S_0715,MCI,Screening,7/18/06,MPR-R; GradWarp; N3; Scaled_2,4513,16987
717,98888,141_S_0717,NL,Screening,8/27/06,MPR-R; GradWarp; B1 Correction; N3; Scaled,4994,18413
718,36474,032_S_0718,MCI,Screening,7/12/06,MPR; ; N3; Scaled,4482,16859
718,119105,032_S_0718,MCI,Screening,7/12/06,MPR; ; N3; Scaled_2,4482,16859
720,92529,012_S_0720,AD,Screening,8/9/06,MPR; ; N3; Scaled,4740,17682
720,118714,012_S_0720,AD,Screening,8/9/06,MPR; ; N3; Scaled_2,4740,17682
721,40055,041_S_0721,MCI,Screening,9/14/06,MPR; GradWarp; B1 Correction; N3; Scaled,5149,18944
722,43022,137_S_0722,MCI,Screening,7/26/06,MPR; GradWarp; N3; Scaled,4596,17295
723,42384,033_S_0723,MCI,Screening,7/14/06,MPR; GradWarp; B1 Correction; N3; Scaled,4477,16845
723,119127,033_S_0723,MCI,Screening,7/14/06,MPR; GradWarp; B1 Correction; N3; Scaled_2,4477,16845
724,42400,033_S_0724,AD,Screening,7/26/06,MPR; GradWarp; B1 Correction; N3; Scaled,4604,17337
724,119128,033_S_0724,AD,Screening,7/26/06,MPR; GradWarp; B1 Correction; N3; Scaled_2,4604,17337
725,42409,033_S_0725,MCI,Screening,7/20/06,MPR; GradWarp; B1 Correction; N3; Scaled,4548,17092
725,119130,033_S_0725,MCI,Screening,7/20/06,MPR; GradWarp; B1 Correction; N3; Scaled_2,4548,17092
726,94824,141_S_0726,NL,Screening,8/27/06,MPR; GradWarp; B1 Correction; N3; Scaled,4982,18354
727,66356,133_S_0727,MCI,Screening,9/7/06,MPR-R; GradWarp; B1 Correction; N3; Scaled,5045,18620
727,119534,133_S_0727,MCI,Screening,9/7/06,MPR-R; GradWarp; B1 Correction; N3; Scaled_2,5045,18620
729,40708,002_S_0729,MCI,Screening,7/17/06,MPR; GradWarp; B1 Correction; N3; Scaled,4484,16874
729,118682,002_S_0729,MCI,Screening,7/17/06,MPR; GradWarp; B1 Correction; N3; Scaled_2,4484,16874
730,50487,062_S_0730,AD,Screening,7/19/06,MPR; GradWarp; B1 Correction; N3; Scaled,4540,17062
731,90848,006_S_0731,NL,Screening,8/28/06,MPR; GradWarp; B1 Correction; N3; Scaled,4975,18321
733,42425,033_S_0733,AD,Screening,7/18/06,MPR; GradWarp; B1 Correction; N3; Scaled,4500,16932
733,119132,033_S_0733,AD,Screening,7/18/06,MPR; GradWarp; B1 Correction; N3; Scaled_2,4500,16932
734,42434,033_S_0734,NL,Screening,7/18/06,MPR; GradWarp; B1 Correction; N3; Scaled,4502,16942
734,119134,033_S_0734,NL,Screening,7/18/06,MPR; GradWarp; B1 Correction; N3; Scaled_2,4502,16942
739,42441,033_S_0739,AD,Screening,7/19/06,MPR; GradWarp; B1 Correction; N3; Scaled,4504,16956
739,119135,033_S_0739,AD,Screening,7/19/06,MPR; GradWarp; B1 Correction; N3; Scaled_2,4504,16956
740,69048,128_S_0740,AD,Screening,7/31/06,MPR; GradWarp; N3; Scaled,4646,17472
740,119406,128_S_0740,AD,Screening,7/31/06,MPR; GradWarp; N3; Scaled_2,4646,17472
741,42450,033_S_0741,NL,Screening,7/19/06,MPR; GradWarp; B1 Correction; N3; Scaled,4520,17006
741,119136,033_S_0741,NL,Screening,7/19/06,MPR; GradWarp; B1 Correction; N3; Scaled_2,4520,17006
743,62363,100_S_0743,AD,Screening,7/24/06,MPR-R; ; N3; Scaled,4576,17224
746,63122,073_S_0746,MCI,Screening,11/30/06,MPR-R; GradWarp; B1 Correction; N3; Scaled,6135,23286
747,89761,100_S_0747,AD,Screening,8/25/06,MPR-R; ; N3; Scaled,4990,18394
748,36959,036_S_0748,MCI,Screening,8/10/06,MPR; GradWarp; B1 Correction; N3; Scaled,4748,17705
750,59552,022_S_0750,MCI,Screening,8/7/06,MPR; GradWarp; B1 Correction; N3; Scaled,4743,17695
751,101528,009_S_0751,NL,Screening,7/25/06,MPR; GradWarp; N3; Scaled,4651,17487
752,59637,116_S_0752,MCI,Screening,8/16/06,MPR; GradWarp; N3; Scaled,4911,18066
753,33461,021_S_0753,AD,Screening,8/4/06,MPR; GradWarp; N3; Scaled,4682,17580
754,80760,127_S_0754,AD,Screening,9/5/06,MPR; GradWarp; B1 Correction; N3; Scaled,5014,18515
759,36969,036_S_0759,AD,Screening,8/22/06,MPR; GradWarp; B1 Correction; N3; Scaled,4919,18094
760,38652,036_S_0760,AD,Screening,8/25/06,MPR; GradWarp; B1 Correction; N3; Scaled,4962,18264
761,39791,082_S_0761,NL,Screening,8/7/06,MPR; GradWarp; B1 Correction; N3; Scaled,4931,18119
761,119244,082_S_0761,NL,Screening,8/7/06,MPR; GradWarp; B1 Correction; N3; Scaled_2,4931,18119
767,47306,141_S_0767,NL,Screening,8/27/06,MPR-R; GradWarp; B1 Correction; N3; Scaled,4979,18337
768,50506,062_S_0768,NL,Screening,8/2/06,MPR; GradWarp; B1 Correction; N3; Scaled,4663,17527
769,48867,016_S_0769,MCI,Screening,8/2/06,MPR; GradWarp; B1 Correction; N3; Scaled,4754,17720
770,70859,128_S_0770,MCI,Screening,7/28/06,MPR; GradWarp; N3; Scaled,4628,17428
770,119407,128_S_0770,MCI,Screening,7/28/06,MPR; GradWarp; N3; Scaled_2,4628,17428
771,92286,133_S_0771,MCI,Screening,9/5/06,MPR-R; GradWarp; B1 Correction; N3; Scaled,5034,18575
771,119602,133_S_0771,MCI,Screening,9/5/06,MPR-R; GradWarp; B1 Correction; N3; Scaled_2,5034,18575
777,82576,109_S_0777,AD,Screening,9/7/06,MPR; GradWarp; B1 Correction; N3; Scaled,5060,18676
777,119258,109_S_0777,AD,Screening,9/7/06,MPR; GradWarp; B1 Correction; N3; Scaled_2,5060,18676
778,91135,129_S_0778,NL,Screening,8/14/06,MPR; GradWarp; N3; Scaled,4821,17848
779,80629,057_S_0779,NL,Screening,8/16/06,MPR-R; GradWarp; B1 Correction; N3; Scaled,4928,18109
782,40717,002_S_0782,MCI,Screening,8/14/06,MPR; GradWarp; B1 Correction; N3; Scaled,4817,17835
782,118669,002_S_0782,MCI,Screening,8/14/06,MPR; GradWarp; B1 Correction; N3; Scaled_2,4817,17835
783,39152,130_S_0783,MCI,Screening,8/17/06,MPR; GradWarp; B1 Correction; N3; Scaled,4896,18023
784,39005,126_S_0784,AD,Screening,10/5/06,MPR-R; GradWarp; B1 Correction; N3; Scaled,5362,19752
786,65597,010_S_0786,AD,Screening,9/27/06,MPR; ; N3; Scaled,5329,19638
786,118990,010_S_0786,AD,Screening,9/27/06,MPR; ; N3; Scaled_2,5329,19638
790,91253,141_S_0790,AD,Screening,9/10/06,MPR; GradWarp; B1 Correction; N3; Scaled,5104,18766
792,66373,133_S_0792,MCI,Screening,8/25/06,MPR; GradWarp; B1 Correction; N3; Scaled,4972,18306
792,119610,133_S_0792,MCI,Screening,8/25/06,MPR; GradWarp; B1 Correction; N3; Scaled_2,4972,18306
793,50524,062_S_0793,AD,Screening,8/24/06,MPR; GradWarp; B1 Correction; N3; Scaled,4945,18189
796,89979,137_S_0796,AD,Screening,8/21/06,MPR; GradWarp; N3; Scaled,4914,18077
800,43035,137_S_0800,MCI,Screening,8/14/06,MPR; GradWarp; N3; Scaled,4813,17822
802,132915,068_S_0802,MCI,Screening,8/25/06,MPR; ; N3; Scaled,4963,18266
803,59250,012_S_0803,AD,Screening,9/22/06,MPR; ; N3; Scaled,5211,19197
803,118716,012_S_0803,AD,Screening,9/22/06,MPR; ; N3; Scaled_2,5211,19197
810,47314,141_S_0810,NL,Screening,10/17/06,MPR-R; GradWarp; B1 Correction; N3; Scaled,5488,20274
812,38726,067_S_0812,AD,Screening,10/2/06,MPR; GradWarp; B1 Correction; N3; Scaled,5327,19629
813,36979,036_S_0813,NL,Screening,8/25/06,MPR; GradWarp; B1 Correction; N3; Scaled,4958,18252
814,74591,005_S_0814,AD,Screening,8/30/06,MPR; GradWarp; B1 Correction; N3; Scaled,4988,18390
816,40731,002_S_0816,AD,Screening,8/30/06,MPR; GradWarp; B1 Correction; N3; Scaled,4992,18402
816,118984,002_S_0816,AD,Screening,8/30/06,MPR; GradWarp; B1 Correction; N3; Scaled_2,4992,18402
818,121435,057_S_0818,NL,Screening,9/6/06,MPR-R; GradWarp; B1 Correction; N3; Scaled,5044,18613
821,94816,031_S_0821,MCI,Screening,8/30/06,MPR; GradWarp; N3; Scaled,4998,18439
824,96284,029_S_0824,NL,Screening,8/22/06,MPR; GradWarp; B1 Correction; N3; Scaled,4934,18139
825,43048,137_S_0825,MCI,Screening,9/28/06,MPR; GradWarp; N3; Scaled,5279,19451
828,65716,067_S_0828,AD,Screening,9/5/06,MPR; GradWarp; B1 Correction; N3; Scaled,5024,18532
828,119205,067_S_0828,AD,Screening,9/5/06,MPR; GradWarp; B1 Correction; N3; Scaled_2,5024,18532
829,63349,010_S_0829,AD,Screening,2/8/07,MPR; ; N3; Scaled,7017,26117
829,118707,010_S_0829,AD,Screening,2/8/07,MPR; ; N3; Scaled_2,7017,26117
830,79342,031_S_0830,MCI,Screening,9/13/06,MPR-R; GradWarp; N3; Scaled,5124,18847
832,82542,082_S_0832,MCI,Screening,8/30/06,MPR; GradWarp; B1 Correction; N3; Scaled,5161,19001
832,119245,082_S_0832,MCI,Screening,8/30/06,MPR; GradWarp; B1 Correction; N3; Scaled_2,5161,19001
834,59798,116_S_0834,MCI,Screening,9/29/06,MPR-R; GradWarp; N3; Scaled,5314,19568
835,35666,027_S_0835,MCI,Screening,9/11/06,MPR-R; GradWarp; B1 Correction; N3; Scaled,5102,18760
836,65013,029_S_0836,AD,Screening,8/23/06,MPR; GradWarp; B1 Correction; N3; Scaled,4939,18151
839,38670,057_S_0839,MCI,Screening,9/20/06,MPR; GradWarp; B1 Correction; N3; Scaled,5207,19188
841,49776,137_S_0841,AD,Screening,9/27/06,MPR; GradWarp; N3; Scaled,5253,19351
842,89575,009_S_0842,NL,Screening,9/7/06,MPR; GradWarp; N3; Scaled,5129,18870
843,66997,029_S_0843,NL,Screening,9/13/06,MPR; GradWarp; B1 Correction; N3; Scaled,5137,18909
844,34471,127_S_0844,AD,Screening,10/9/06,MPR-R; GradWarp; B1 Correction; N3; Scaled,5393,19874
845,64867,029_S_0845,NL,Screening,9/12/06,MPR; GradWarp; B1 Correction; N3; Scaled,5121,18829
850,48996,027_S_0850,AD,Screening,9/6/06,MPR; GradWarp; B1 Correction; N3; Scaled,5028,18554
851,47870,141_S_0851,MCI,Screening,9/26/06,MPR; GradWarp; B1 Correction; N3; Scaled,5256,19364
852,47744,141_S_0852,AD,Screening,9/25/06,MPR-R; GradWarp; B1 Correction; N3; Scaled,5261,19395
853,112292,141_S_0853,AD,Screening,8/27/06,MPR; GradWarp; B1 Correction; N3; Scaled,4981,18348
855,31509,023_S_0855,MCI,Screening,9/5/06,MPR; GradWarp; B1 Correction; N3; Scaled,5030,18561
855,118985,023_S_0855,MCI,Screening,9/5/06,MPR; GradWarp; B1 Correction; N3; Scaled_2,5030,18561
856,89408,011_S_0856,MCI,Screening,9/15/06,MPR; GradWarp; B1 Correction; N3; Scaled,5169,19031
860,51533,013_S_0860,MCI,Screening,9/21/06,MPR; GradWarp; B1 Correction; N3; Scaled,5221,19237
861,35513,011_S_0861,MCI,Screening,9/27/06,MPR; GradWarp; B1 Correction; N3; Scaled,5285,19476
862,121228,009_S_0862,NL,Screening,9/19/06,MPR; GradWarp; N3; Scaled,5254,19358
863,98875,128_S_0863,NL,Screening,9/25/06,MPR; GradWarp; B1 Correction; N3; Scaled,5230,19272
863,119408,128_S_0863,NL,Screening,9/25/06,MPR; GradWarp; B1 Correction; N3; Scaled_2,5230,19272
865,39028,126_S_0865,MCI,Screening,11/6/06,MPR-R; GradWarp; B1 Correction; N3; Scaled,5805,22295
866,65611,029_S_0866,NL,Screening,9/13/06,MPR; GradWarp; B1 Correction; N3; Scaled,5138,18917
867,67423,031_S_0867,MCI,Screening,9/20/06,MPR; GradWarp; N3; Scaled,5225,19256
869,36993,036_S_0869,MCI,Screening,10/30/06,MPR-R; GradWarp; B1 Correction; N3; Scaled,5655,21421
871,60719,029_S_0871,MCI,Screening,12/15/06,MPR; GradWarp; B1 Correction; N3; Scaled,6418,24246
872,140335,068_S_0872,MCI,Screening,10/24/06,MPR; ; N3; Scaled,5586,20977
873,96178,136_S_0873,MCI,Screening,10/2/06,MPR; GradWarp; N3; Scaled,5325,19616
873,119737,136_S_0873,MCI,Screening,10/2/06,MPR; GradWarp; N3; Scaled_2,5325,19616
874,40419,136_S_0874,MCI,Screening,11/6/06,MPR; GradWarp; B1 Correction; N3; Scaled,5785,22234
876,82594,109_S_0876,NL,Screening,9/19/06,MPR; GradWarp; B1 Correction; N3; Scaled,5196,19132
876,119259,109_S_0876,NL,Screening,9/19/06,MPR; GradWarp; B1 Correction; N3; Scaled_2,5196,19132
878,64876,029_S_0878,MCI,Screening,9/15/06,MPR; GradWarp; B1 Correction; N3; Scaled,5157,18986
880,68581,099_S_0880,MCI,Screening,10/5/06,MPR; GradWarp; B1 Correction; N3; Scaled,5360,19744
883,60673,020_S_0883,NL,Screening,9/15/06,MPR; GradWarp; B1 Correction; N3; Scaled,5281,19459
884,56026,098_S_0884,AD,Screening,12/16/06,MPR-R; GradWarp; B1 Correction; N3; Scaled,6397,24183
886,39171,130_S_0886,NL,Screening,9/29/06,MPR; GradWarp; B1 Correction; N3; Scaled,5311,19561
887,31526,023_S_0887,MCI,Screening,9/20/06,MPR; GradWarp; B1 Correction; N3; Scaled,5183,19087
887,118988,023_S_0887,MCI,Screening,9/20/06,MPR; GradWarp; B1 Correction; N3; Scaled_2,5183,19087
889,51629,033_S_0889,AD,Screening,9/25/06,MPR-R; GradWarp; B1 Correction; N3; Scaled,5237,19296
890,59781,116_S_0890,MCI,Screening,1/22/07,MPR; GradWarp; N3; Scaled,6773,25383
891,39054,126_S_0891,AD,Screening,9/25/06,MPR; GradWarp; B1 Correction; N3; Scaled,5262,19386
892,66120,100_S_0892,MCI,Screening,10/16/06,MPR; ; N3; Scaled,5475,20212
896,56031,098_S_0896,NL,Screening,9/25/06,MPR; GradWarp; B1 Correction; N3; Scaled,5274,19439
898,34698,041_S_0898,NL,Screening,10/18/06,MPR; GradWarp; B1 Correction; N3; Scaled,5489,20306
899,60618,020_S_0899,NL,Screening,9/25/06,MPR; GradWarp; B1 Correction; N3; Scaled,5246,19329
904,63357,010_S_0904,MCI,Screening,12/7/06,MPR; ; N3; Scaled,6274,23759
904,118704,010_S_0904,MCI,Screening,12/7/06,MPR; ; N3; Scaled_2,6274,23759
906,42468,033_S_0906,MCI,Screening,9/25/06,MPR; GradWarp; B1 Correction; N3; Scaled,5242,19314
907,52781,003_S_0907,NL,Screening,9/11/06,MPR; GradWarp; B1 Correction; N3; Scaled,5356,19728
908,62589,003_S_0908,MCI,Screening,9/12/06,MPR; GradWarp; B1 Correction; N3; Scaled,8958,32516
909,75485,073_S_0909,MCI,Screening,10/2/06,MPR; GradWarp; B1 Correction; N3; Scaled,5352,19716
909,119235,073_S_0909,MCI,Screening,10/2/06,MPR; GradWarp; B1 Correction; N3; Scaled_2,5352,19716
912,40000,133_S_0912,MCI,Screening,10/9/06,MPR; GradWarp; B1 Correction; N3; Scaled,5396,19884
912,119626,133_S_0912,MCI,Screening,10/9/06,MPR; GradWarp; B1 Correction; N3; Scaled_2,5396,19884
913,63819,133_S_0913,MCI,Screening,12/27/06,MPR; GradWarp; B1 Correction; N3; Scaled,6531,24646
913,119634,133_S_0913,MCI,Screening,12/27/06,MPR; GradWarp; B1 Correction; N3; Scaled_2,6531,24646
914,124879,029_S_0914,MCI,Screening,12/18/06,MPR; GradWarp; B1 Correction; N3; Scaled,6427,24287
915,48563,141_S_0915,MCI,Screening,11/19/06,MPR; GradWarp; B1 Correction; N3; Scaled,5972,22748
916,31533,023_S_0916,AD,Screening,9/22/06,MPR; GradWarp; B1 Correction; N3; Scaled,5219,19228
916,118879,023_S_0916,AD,Screening,9/22/06,MPR; GradWarp; B1 Correction; N3; Scaled_2,5219,19228
917,59207,012_S_0917,MCI,Screening,12/1/06,MPR; ; N3; Scaled,6170,23404
917,118719,012_S_0917,MCI,Screening,12/1/06,MPR; ; N3; Scaled_2,6170,23404
919,65689,053_S_0919,MCI,Screening,10/16/06,MPR-R; GradWarp; B1 Correction; N3; Scaled,5512,20422
919,119172,053_S_0919,MCI,Screening,10/16/06,MPR-R; GradWarp; B1 Correction; N3; Scaled_2,5512,20422
920,42481,033_S_0920,NL,Screening,9/22/06,MPR-R; GradWarp; B1 Correction; N3; Scaled,5235,19288
921,49510,094_S_0921,MCI,Screening,10/2/06,MPR; GradWarp; B1 Correction; N3; Scaled,5318,19582
922,42493,033_S_0922,MCI,Screening,9/26/06,MPR; GradWarp; B1 Correction; N3; Scaled,5250,19341
923,42509,033_S_0923,NL,Screening,9/29/06,MPR; GradWarp; B1 Correction; N3; Scaled,5308,19544
924,59575,022_S_0924,MCI,Screening,9/27/06,MPR; GradWarp; B1 Correction; N3; Scaled,5276,19445
925,67266,127_S_0925,MCI,Screening,10/30/06,MPR; GradWarp; B1 Correction; N3; Scaled,5681,21560
926,31547,023_S_0926,NL,Screening,9/27/06,MPR; GradWarp; B1 Correction; N3; Scaled,5263,19390
926,118892,023_S_0926,NL,Screening,9/27/06,MPR; GradWarp; B1 Correction; N3; Scaled_2,5263,19390
928,39805,082_S_0928,MCI,Screening,9/29/06,MPR-R; GradWarp; B1 Correction; N3; Scaled,5332,19648
928,119246,082_S_0928,MCI,Screening,9/29/06,MPR-R; GradWarp; B1 Correction; N3; Scaled_2,5332,19648
929,74609,005_S_0929,AD,Screening,10/2/06,MPR; GradWarp; B1 Correction; N3; Scaled,5338,19669
930,66131,100_S_0930,MCI,Screening,10/3/06,MPR; ; N3; Scaled,5334,19654
931,53390,003_S_0931,NL,Screening,10/11/06,MPR-R; GradWarp; B1 Correction; N3; Scaled,5442,20051
932,59255,012_S_0932,MCI,Screening,9/20/06,MPR; ; N3; Scaled,5259,19374
932,118715,012_S_0932,MCI,Screening,9/20/06,MPR; ; N3; Scaled_2,5259,19374
934,34734,057_S_0934,NL,Screening,10/4/06,MPR; GradWarp; B1 Correction; N3; Scaled,5422,19971
938,40980,002_S_0938,AD,Screening,10/5/06,MPR; GradWarp; B1 Correction; N3; Scaled,5382,19852
938,118685,002_S_0938,AD,Screening,10/5/06,MPR; GradWarp; B1 Correction; N3; Scaled_2,5382,19852
941,34747,057_S_0941,MCI,Screening,10/11/06,MPR-R; GradWarp; B1 Correction; N3; Scaled,5425,19985
945,36999,036_S_0945,MCI,Screening,10/25/06,MPR; GradWarp; B1 Correction; N3; Scaled,5584,20971
947,69073,128_S_0947,MCI,Screening,10/6/06,MPR; GradWarp; B1 Correction; N3; Scaled,5389,19859
947,119409,128_S_0947,MCI,Screening,10/6/06,MPR; GradWarp; B1 Correction; N3; Scaled_2,5389,19859
950,97200,109_S_0950,MCI,Screening,10/25/06,MPR-R; GradWarp; B1 Correction; N3; Scaled,5631,21165
950,119261,109_S_0950,MCI,Screening,10/25/06,MPR-R; GradWarp; B1 Correction; N3; Scaled_2,5631,21165
951,64170,052_S_0951,NL,Screening,10/19/06,MPR; GradWarp; B1 Correction; N3; Scaled,5503,20352
951,119138,052_S_0951,NL,Screening,10/19/06,MPR; GradWarp; B1 Correction; N3; Scaled_2,5503,20352
952,89952,052_S_0952,MCI,Screening,10/19/06,MPR-R; GradWarp; B1 Correction; N3; Scaled,5505,20364
952,119139,052_S_0952,MCI,Screening,10/19/06,MPR-R; GradWarp; B1 Correction; N3; Scaled_2,5505,20364
954,40744,002_S_0954,MCI,Screening,10/10/06,MPR-R; GradWarp; B1 Correction; N3; Scaled,5424,19979
954,118688,002_S_0954,MCI,Screening,10/10/06,MPR-R; GradWarp; B1 Correction; N3; Scaled_2,5424,19979
955,40754,002_S_0955,AD,Screening,10/11/06,MPR; GradWarp; B1 Correction; N3; Scaled,5431,20004
955,118689,002_S_0955,AD,Screening,10/11/06,MPR; GradWarp; B1 Correction; N3; Scaled_2,5431,20004
956,39185,130_S_0956,AD,Screening,10/20/06,MPR; GradWarp; B1 Correction; N3; Scaled,5529,20667
957,34752,057_S_0957,MCI,Screening,10/18/06,MPR; GradWarp; B1 Correction; N3; Scaled,5526,20606
958,34594,099_S_0958,MCI,Screening,10/20/06,MPR-R; GradWarp; B1 Correction; N3; Scaled,5519,20493
961,59601,022_S_0961,MCI,Screening,10/20/06,MPR-R; GradWarp; B1 Correction; N3; Scaled,5537,20711
963,89417,023_S_0963,NL,Screening,10/4/06,MPR; GradWarp; B1 Correction; N3; Scaled,5359,19740
963,118903,023_S_0963,NL,Screening,10/4/06,MPR; GradWarp; B1 Correction; N3; Scaled_2,5359,19740
967,55044,109_S_0967,NL,Screening,10/23/06,MPR; GradWarp; B1 Correction; N3; Scaled,5628,21137
967,119260,109_S_0967,NL,Screening,10/23/06,MPR; GradWarp; B1 Correction; N3; Scaled_2,5628,21137
969,39275,130_S_0969,NL,Screening,10/18/06,MPR-R; GradWarp; B1 Correction; N3; Scaled,5507,20385
972,45933,137_S_0972,NL,Screening,12/4/06,MPR; GradWarp; N3; Scaled,6165,23389
973,43060,137_S_0973,MCI,Screening,11/15/06,MPR; GradWarp; N3; Scaled,5916,22528
976,65091,036_S_0976,MCI,Screening,12/12/06,MPR; GradWarp; B1 Correction; N3; Scaled,6297,23852
978,37238,032_S_0978,MCI,Screening,10/16/06,MPR; ; N3; Scaled,5469,20184
978,119112,032_S_0978,MCI,Screening,10/16/06,MPR; ; N3; Scaled_2,5469,20184
979,39859,114_S_0979,AD,Screening,11/1/06,MPR; GradWarp; B1 Correction; N3; Scaled,5748,21933
981,52776,003_S_0981,NL,Screening,10/19/06,MPR-R; GradWarp; B1 Correction; N3; Scaled,5540,20753
982,47703,141_S_0982,MCI,Screening,11/15/06,MPR; GradWarp; B1 Correction; N3; Scaled,5946,22644
984,33476,021_S_0984,NL,Screening,10/23/06,MPR; GradWarp; N3; Scaled,5531,20680
985,62715,024_S_0985,NL,Screening,10/20/06,MPR-R; GradWarp; B1 Correction; N3; Scaled,5625,21112
987,83166,132_S_0987,MCI,Screening,3/21/07,MPR-R; GradWarp; N3; Scaled,7783,28506
989,64179,052_S_0989,MCI,Screening,11/14/06,MPR; GradWarp; B1 Correction; N3; Scaled,5893,22476
991,40794,016_S_0991,AD,Screening,11/1/06,MPR-R; GradWarp; B1 Correction; N3; Scaled,5698,21737
994,45943,137_S_0994,MCI,Screening,11/1/06,MPR; GradWarp; N3; Scaled,5690,21634
995,138912,100_S_0995,MCI,Screening,10/27/06,MPR; ; N3; Scaled,5763,22114
996,51183,013_S_0996,AD,Screening,11/6/06,MPR; GradWarp; B1 Correction; N3; Scaled,5786,22240
997,62908,035_S_0997,MCI,Screening,11/29/06,MPR; GradWarp; B1 Correction; N3; Scaled,6105,23184
999,64898,029_S_0999,AD,Screening,11/30/06,MPR-R; GradWarp; B1 Correction; N3; Scaled,6120,23248
1001,38661,036_S_1001,AD,Screening,11/20/06,MPR; GradWarp; B1 Correction; N3; Scaled,5955,22691
1002,65220,041_S_1002,NL,Screening,12/8/06,MPR; GradWarp; B1 Correction; N3; Scaled,6255,23705
1004,95705,141_S_1004,MCI,Screening,12/2/06,MPR; GradWarp; N3; Scaled,6141,23305
1007,47765,057_S_1007,MCI,Screening,10/25/06,MPR; GradWarp; B1 Correction; N3; Scaled,5645,21339
1009,64717,012_S_1009,NL,Screening,11/1/06,MPR; ; N3; Scaled,5685,21610
1009,118717,012_S_1009,NL,Screening,11/1/06,MPR; ; N3; Scaled_2,5685,21610
1010,65230,041_S_1010,MCI,Screening,12/12/06,MPR; GradWarp; B1 Correction; N3; Scaled,6305,23880
1013,66149,109_S_1013,NL,Screening,11/8/06,MPR; GradWarp; B1 Correction; N3; Scaled,5930,22585
1013,119262,109_S_1013,NL,Screening,11/8/06,MPR; GradWarp; B1 Correction; N3; Scaled_2,5930,22585
1014,63479,109_S_1014,NL,Screening,12/28/06,MPR; GradWarp; B1 Correction; N3; Scaled,6579,24818
1014,119264,109_S_1014,NL,Screening,12/28/06,MPR; GradWarp; B1 Correction; N3; Scaled_2,6579,24818
1015,40763,094_S_1015,MCI,Screening,10/30/06,MPR; GradWarp; B1 Correction; N3; Scaled,5658,21457
1016,42772,033_S_1016,NL,Screening,11/1/06,MPR; GradWarp; B1 Correction; N3; Scaled,5716,21817
1018,40817,002_S_1018,AD,Screening,11/29/06,MPR; GradWarp; B1 Correction; N3; Scaled,6093,23128
1021,73506,003_S_1021,NL,Screening,11/1/06,MPR-R; GradWarp; B1 Correction; N3; Scaled,5708,21771
1023,65104,036_S_1023,NL,Screening,12/20/06,MPR-R; GradWarp; B1 Correction; N3; Scaled,6441,24338
1024,47748,141_S_1024,AD,Screening,11/19/06,MPR; GradWarp; B1 Correction; N3; Scaled,5957,22699
1027,49527,094_S_1027,AD,Screening,10/26/06,MPR-R; GradWarp; B1 Correction; N3; Scaled,5637,21207
1028,40799,016_S_1028,MCI,Screening,11/2/06,MPR; GradWarp; B1 Correction; N3; Scaled,5753,22058
1030,54651,009_S_1030,MCI,Screening,11/1/06,MPR; GradWarp; N3; Scaled,5718,21823
1031,40019,133_S_1031,MCI,Screening,10/31/06,MPR; GradWarp; B1 Correction; N3; Scaled,5679,21552
1031,119640,133_S_1031,MCI,Screening,10/31/06,MPR; GradWarp; B1 Correction; N3; Scaled_2,5679,21552
1032,63632,127_S_1032,MCI,Screening,11/8/06,MPR-R; GradWarp; B1 Correction; N3; Scaled,5791,22259
1033,59219,012_S_1033,MCI,Screening,11/16/06,MPR; ; N3; Scaled,5943,22635
1033,118718,012_S_1033,MCI,Screening,11/16/06,MPR; ; N3; Scaled_2,5943,22635
1034,47953,099_S_1034,MCI,Screening,11/2/06,MPR; GradWarp; B1 Correction; N3; Scaled,5704,21759
1035,51165,013_S_1035,NL,Screening,11/2/06,MPR; GradWarp; B1 Correction; N3; Scaled,5750,21984
1037,36482,032_S_1037,AD,Screening,11/2/06,MPR; ; N3; Scaled,5749,22208
1037,119114,032_S_1037,AD,Screening,11/2/06,MPR; ; N3; Scaled_2,5749,22208
1038,60732,029_S_1038,MCI,Screening,11/21/06,MPR-R; GradWarp; B1 Correction; N3; Scaled,5996,22851
1040,58038,051_S_1040,MCI,Screening,10/31/06,MPR-R; GradWarp; B1 Correction; N3; Scaled,5702,21751
1041,43071,137_S_1041,AD,Screening,11/9/06,MPR-R; GradWarp; N3; Scaled,5803,22310
1043,69091,128_S_1043,MCI,Screening,11/15/06,MPR; GradWarp; B1 Correction; N3; Scaled,5925,22562
1043,119410,128_S_1043,MCI,Screening,11/15/06,MPR; GradWarp; B1 Correction; N3; Scaled_2,5925,22562
1044,64203,053_S_1044,AD,Screening,10/26/06,MPR-R; GradWarp; B1 Correction; N3; Scaled,5643,21256
1044,119175,053_S_1044,AD,Screening,10/26/06,MPR-R; GradWarp; B1 Correction; N3; Scaled_2,5643,21256
1045,47210,027_S_1045,MCI,Screening,11/3/06,MPR; GradWarp; B1 Correction; N3; Scaled,5766,22174
1046,46396,023_S_1046,MCI,Screening,11/6/06,MPR-R; GradWarp; B1 Correction; N3; Scaled,5772,22199
1046,118907,023_S_1046,MCI,Screening,11/6/06,MPR-R; GradWarp; B1 Correction; N3; Scaled_2,5772,22199
1051,47716,141_S_1051,MCI,Screening,12/28/06,MPR-R; GradWarp; B1 Correction; N3; Scaled,6498,24535
1052,47722,141_S_1052,MCI,Screening,11/26/06,MPR; GradWarp; B1 Correction; N3; Scaled,6026,22923
1054,62234,052_S_1054,MCI,Screening,11/28/06,MPR-R; GradWarp; B1 Correction; N3; Scaled,6034,22955
1055,40028,133_S_1055,AD,Screening,11/13/06,MPR; GradWarp; B1 Correction; N3; Scaled,5844,22386
1055,119646,133_S_1055,AD,Screening,11/13/06,MPR; GradWarp; B1 Correction; N3; Scaled_2,5844,22386
1056,60741,029_S_1056,AD,Screening,11/27/06,MPR-R; GradWarp; B1 Correction; N3; Scaled,6041,22977
1057,52821,003_S_1057,MCI,Screening,12/4/06,MPR; GradWarp; B1 Correction; N3; Scaled,6155,23345
1059,52816,003_S_1059,AD,Screening,11/9/06,MPR-R; GradWarp; B1 Correction; N3; Scaled,5807,22300
1062,62353,100_S_1062,AD,Screening,11/13/06,MPR; ; N3; Scaled,5898,22492
1063,63392,024_S_1063,NL,Screening,10/31/06,MPR-R; GradWarp; B1 Correction; N3; Scaled,5674,21525
1066,67434,031_S_1066,MCI,Screening,11/10/06,MPR; GradWarp; N3; Scaled,5845,22389
1070,40831,002_S_1070,MCI,Screening,11/28/06,MPR; GradWarp; B1 Correction; N3; Scaled,6091,23120
1072,58011,051_S_1072,MCI,Screening,11/24/06,MPR; GradWarp; B1 Correction; N3; Scaled,6003,22884
1073,65022,029_S_1073,MCI,Screening,11/21/06,MPR; GradWarp; B1 Correction; N3; Scaled,5991,22828
1074,53395,003_S_1074,MCI,Screening,12/4/06,MPR; GradWarp; B1 Correction; N3; Scaled,6217,23536
1075,92554,068_S_1075,MCI,Screening,12/14/06,MPR; ; N3; Scaled,6363,24082
1075,130252,068_S_1075,MCI,Screening,12/14/06,MPR; ; N3; Scaled_2,6363,24082
1077,48880,126_S_1077,MCI,Screening,12/6/06,MPR-R; GradWarp; B1 Correction; N3; Scaled,6204,23496
1078,79838,037_S_1078,MCI,Screening,11/29/06,MPR; GradWarp; N3; Scaled,6103,23178
1079,49490,082_S_1079,AD,Screening,11/16/06,MPR; GradWarp; B1 Correction; N3; Scaled,5947,22650
1080,35591,011_S_1080,MCI,Screening,11/22/06,MPR; GradWarp; B1 Correction; N3; Scaled,6098,23159
1081,47168,027_S_1081,AD,Screening,1/22/07,MPR; GradWarp; B1 Correction; N3; Scaled,6761,25357
1082,47204,027_S_1082,AD,Screening,11/27/06,MPR-R; GradWarp; B1 Correction; N3; Scaled,6029,22938
1083,67244,116_S_1083,AD,Screening,11/9/06,MPR-R; GradWarp; N3; Scaled,5841,22374
1086,42785,033_S_1086,NL,Screening,12/6/06,MPR; GradWarp; B1 Correction; N3; Scaled,6219,23547
1088,69104,128_S_1088,MCI,Screening,12/7/06,MPR-R; GradWarp; B1 Correction; N3; Scaled,6279,23787
1090,63176,094_S_1090,AD,Screening,12/4/06,MPR; GradWarp; B1 Correction; N3; Scaled,6162,23375
1092,101411,016_S_1092,MCI,Screening,12/11/06,MPR-R; GradWarp; B1 Correction; N3; Scaled,6290,23827
1094,47732,141_S_1094,NL,Screening,11/21/06,MPR; GradWarp; B1 Correction; N3; Scaled,6138,23294
1095,45740,014_S_1095,AD,Screening,12/3/06,MPR; GradWarp; B1 Correction; N3; Scaled,6145,23323
1097,59610,022_S_1097,MCI,Screening,11/30/06,MPR-R; GradWarp; B1 Correction; N3; Scaled,6150,23337
1098,42832,033_S_1098,NL,Screening,11/21/06,MPR-R; GradWarp; B1 Correction; N3; Scaled,5984,22792
1099,50557,062_S_1099,NL,Screening,11/20/06,MPR; GradWarp; B1 Correction; N3; Scaled,5961,22713
1101,63442,032_S_1101,AD,Screening,11/21/06,MPR; ; N3; Scaled,5982,22783
1101,119116,032_S_1101,AD,Screening,11/21/06,MPR; ; N3; Scaled_2,5982,22783
1102,63186,094_S_1102,AD,Screening,11/24/06,MPR; GradWarp; B1 Correction; N3; Scaled,6020,22905
1103,49757,114_S_1103,MCI,Screening,11/30/06,MPR; GradWarp; B1 Correction; N3; Scaled,6118,23239
1104,48851,023_S_1104,MCI,Screening,11/15/06,MPR-R; GradWarp; B1 Correction; N3; Scaled,5928,22579
1104,118911,023_S_1104,MCI,Screening,11/15/06,MPR-R; GradWarp; B1 Correction; N3; Scaled_2,5928,22579
1106,49910,114_S_1106,MCI,Screening,11/21/06,MPR; GradWarp; B1 Correction; N3; Scaled,5999,22859
1109,62695,021_S_1109,AD,Screening,12/5/06,MPR; GradWarp; N3; Scaled,6187,23446
1113,66134,100_S_1113,AD,Screening,12/14/06,MPR; ; N3; Scaled,6366,24092
1114,63489,109_S_1114,MCI,Screening,12/27/06,MPR; GradWarp; B1 Correction; N3; Scaled,6545,24702
1114,119263,109_S_1114,MCI,Screening,12/27/06,MPR; GradWarp; B1 Correction; N3; Scaled_2,6545,24702
1116,42844,033_S_1116,MCI,Screening,11/21/06,MPR; GradWarp; B1 Correction; N3; Scaled,5986,22799
1117,46384,016_S_1117,MCI,Screening,12/1/06,MPR; GradWarp; B1 Correction; N3; Scaled,6148,23327
1118,49768,114_S_1118,MCI,Screening,12/8/06,MPR; GradWarp; B1 Correction; N3; Scaled,6285,23803
1119,63147,082_S_1119,MCI,Screening,12/7/06,MPR; GradWarp; B1 Correction; N3; Scaled,6265,23733
1120,51494,013_S_1120,MCI,Screening,11/22/06,MPR; GradWarp; B1 Correction; N3; Scaled,5989,22815
1121,96234,016_S_1121,MCI,Screening,12/6/06,MPR-R; GradWarp; B1 Correction; N3; Scaled,6269,23742
1122,52799,003_S_1122,MCI,Screening,12/6/06,MPR; GradWarp; B1 Correction; N3; Scaled,6218,23542
1123,58043,051_S_1123,NL,Screening,12/15/06,MPR; GradWarp; B1 Correction; N3; Scaled,6368,24099
1126,128366,023_S_1126,MCI,Screening,12/5/06,MPR; GradWarp; B1 Correction; N3; Scaled_2,6183,23440
1130,55972,006_S_1130,MCI,Screening,11/30/06,MPR-R; GradWarp; B1 Correction; N3; Scaled,6190,23457
1131,62943,051_S_1131,MCI,Screening,12/15/06,MPR; GradWarp; B1 Correction; N3; Scaled,6365,24089
1133,59224,012_S_1133,NL,Screening,1/12/07,MPR; ; N3; Scaled,6652,25016
1133,118741,012_S_1133,NL,Screening,1/12/07,MPR; ; N3; Scaled_2,6652,25016
1135,65109,036_S_1135,MCI,Screening,12/27/06,MPR; GradWarp; B1 Correction; N3; Scaled,6492,24501
1137,48581,141_S_1137,AD,Screening,12/19/06,MPR; GradWarp; B1 Correction; N3; Scaled,6430,24301
1138,86045,016_S_1138,MCI,Screening,12/28/06,MPR; GradWarp; B1 Correction; N3; Scaled,6566,24779
1140,63637,127_S_1140,MCI,Screening,12/14/06,MPR; GradWarp; B1 Correction; N3; Scaled,6425,24278
1144,102040,099_S_1144,AD,Screening,12/19/06,MPR-R; GradWarp; B1 Correction; N3; Scaled,6410,24218
1148,69113,128_S_1148,MCI,Screening,12/18/06,MPR-R; GradWarp; B1 Correction; N3; Scaled,6402,24199
1149,95615,016_S_1149,MCI,Screening,1/4/07,MPR; GradWarp; B1 Correction; N3; Scaled,6568,24786
1152,48590,141_S_1152,AD,Screening,12/26/06,MPR; GradWarp; B1 Correction; N3; Scaled,6487,24487
1154,66141,100_S_1154,MCI,Screening,12/21/06,MPR; ; N3; Scaled,6481,24471
1155,40845,002_S_1155,MCI,Screening,12/14/06,MPR; GradWarp; B1 Correction; N3; Scaled,6383,24144
1157,66158,109_S_1157,AD,Screening,1/3/07,MPR; GradWarp; B1 Correction; N3; Scaled,6547,24711
1157,119265,109_S_1157,AD,Screening,1/3/07,MPR; GradWarp; B1 Correction; N3; Scaled_2,6547,24711
1161,51485,013_S_1161,AD,Screening,12/20/06,MPR; GradWarp; B1 Correction; N3; Scaled,6462,24399
1164,67223,094_S_1164,AD,Screening,12/11/06,MPR; GradWarp; B1 Correction; N3; Scaled,6303,23871
1165,59229,012_S_1165,MCI,Screening,12/28/06,MPR; ; N3; Scaled,6511,24576
1165,118729,012_S_1165,MCI,Screening,12/28/06,MPR; ; N3; Scaled_2,6511,24576
1168,65667,052_S_1168,MCI,Screening,12/8/06,MPR; GradWarp; B1 Correction; N3; Scaled,6251,23688
1169,65052,032_S_1169,NL,Screening,12/21/06,MPR-R; ; N3; Scaled,6473,24442
1169,119118,032_S_1169,NL,Screening,12/21/06,MPR-R; ; N3; Scaled_2,6473,24442
1170,89957,133_S_1170,AD,Screening,12/29/06,MPR; GradWarp; B1 Correction; N3; Scaled,6537,24674
1170,119651,133_S_1170,AD,Screening,12/29/06,MPR; GradWarp; B1 Correction; N3; Scaled_2,6537,24674
1171,63406,024_S_1171,AD,Screening,1/4/07,MPR; GradWarp; B1 Correction; N3; Scaled,6534,24659
1175,59232,012_S_1175,MCI,Screening,1/5/07,MPR; ; N3; Scaled,6558,24756
1175,118738,012_S_1175,MCI,Screening,1/5/07,MPR; ; N3; Scaled_2,6558,24756
1182,50566,062_S_1182,MCI,Screening,1/17/07,MPR; GradWarp; B1 Correction; N3; Scaled,6699,25166
1183,66167,109_S_1183,MCI,Screening,1/3/07,MPR; GradWarp; B1 Correction; N3; Scaled,6548,24718
1183,119266,109_S_1183,MCI,Screening,1/3/07,MPR; GradWarp; B1 Correction; N3; Scaled_2,6548,24718
1184,67210,029_S_1184,AD,Screening,1/22/07,MPR; GradWarp; B1 Correction; N3; Scaled,6810,25463
1185,63104,067_S_1185,AD,Screening,1/3/07,MPR; GradWarp; B1 Correction; N3; Scaled,6528,24635
1186,62656,013_S_1186,MCI,Screening,1/29/07,MPR; GradWarp; B1 Correction; N3; Scaled,6883,25689
1187,48959,126_S_1187,MCI,Screening,1/17/07,MPR; GradWarp; B1 Correction; N3; Scaled,6691,25143
1188,66051,094_S_1188,MCI,Screening,12/28/06,MPR; GradWarp; B1 Correction; N3; Scaled,6501,24546
1190,46417,023_S_1190,NL,Screening,1/8/07,MPR; GradWarp; B1 Correction; N3; Scaled,6592,24847
1190,118919,023_S_1190,NL,Screening,1/8/07,MPR; GradWarp; B1 Correction; N3; Scaled_2,6592,24847
1191,80645,068_S_1191,NL,Screening,1/23/07,MPR; ; N3; Scaled,6807,25451
1191,130251,068_S_1191,NL,Screening,1/23/07,MPR; ; N3; Scaled_2,6807,25451
1192,63503,109_S_1192,AD,Screening,1/11/07,MPR-R; GradWarp; B1 Correction; N3; Scaled,6667,25056
1192,119267,109_S_1192,AD,Screening,1/11/07,MPR-R; GradWarp; B1 Correction; N3; Scaled_2,6667,25056
1194,63847,941_S_1194,NL,Screening,1/20/07,MPR; GradWarp; B1 Correction; N3; Scaled,6751,25323
1195,63865,941_S_1195,NL,Screening,2/8/07,MPR-R; GradWarp; B1 Correction; N3; Scaled,7032,26180
1197,66462,941_S_1197,NL,Screening,1/20/07,MPR; GradWarp; B1 Correction; N3; Scaled,6753,25332
1199,52836,009_S_1199,MCI,Screening,1/16/07,MPR-R; GradWarp; N3; Scaled,6693,25147
1200,63752,130_S_1200,NL,Screening,1/15/07,MPR-R; GradWarp; B1 Correction; N3; Scaled,6675,25090
1201,63757,130_S_1201,AD,Screening,1/15/07,MPR; GradWarp; B1 Correction; N3; Scaled,6673,25082
1202,63874,941_S_1202,NL,Screening,1/30/07,MPR-R; GradWarp; B1 Correction; N3; Scaled,6880,25680
1203,63879,941_S_1203,NL,Screening,1/29/07,MPR; GradWarp; B1 Correction; N3; Scaled,6878,25671
1204,95697,129_S_1204,MCI,Screening,2/15/07,MPR; GradWarp; N3; Scaled,7137,26544
1205,51542,013_S_1205,AD,Screening,1/11/07,MPR; GradWarp; B1 Correction; N3; Scaled,6654,25024
1206,59981,007_S_1206,NL,Screening,1/17/07,MPR-R; GradWarp; B1 Correction; N3; Scaled,6702,25173
1209,67441,031_S_1209,AD,Screening,1/12/07,MPR; GradWarp; N3; Scaled,6655,25028
1210,63646,127_S_1210,MCI,Screening,2/6/07,MPR; GradWarp; B1 Correction; N3; Scaled,6977,25997
1211,64960,072_S_1211,MCI,Screening,3/9/07,MPR; ; N3; Scaled,7524,27809
1211,119224,072_S_1211,MCI,Screening,3/9/07,MPR; ; N3; Scaled_2,7524,27809
1212,59237,012_S_1212,NL,Screening,1/12/07,MPR; ; N3; Scaled,6646,25005
1212,118742,012_S_1212,NL,Screening,1/12/07,MPR; ; N3; Scaled_2,6646,25005
1213,47223,027_S_1213,MCI,Screening,1/19/07,MPR-R; GradWarp; B1 Correction; N3; Scaled,6823,25492
1215,60746,029_S_1215,MCI,Screening,1/19/07,MPR; GradWarp; B1 Correction; N3; Scaled,6758,25348
1217,62984,057_S_1217,MCI,Screening,1/31/07,MPR; GradWarp; B1 Correction; N3; Scaled,6936,25854
1218,67389,029_S_1218,MCI,Screening,1/23/07,MPR; GradWarp; B1 Correction; N3; Scaled,6814,25478
1221,48976,126_S_1221,AD,Screening,1/23/07,MPR-R; GradWarp; B1 Correction; N3; Scaled,6808,25457
1222,60003,007_S_1222,NL,Screening,1/19/07,MPR-R; GradWarp; B1 Correction; N3; Scaled,6780,25402
1224,60406,005_S_1224,MCI,Screening,1/23/07,MPR; GradWarp; B1 Correction; N3; Scaled,6783,25412
1225,79934,037_S_1225,MCI,Screening,1/24/07,MPR-R; GradWarp; N3; Scaled,6812,25472
1227,63838,136_S_1227,MCI,Screening,2/6/07,MPR; GradWarp; B1 Correction; N3; Scaled,7087,26399
1231,64435,141_S_1231,MCI,Screening,2/18/07,MPR; GradWarp; B1 Correction; N3; Scaled,7229,26876
1232,59711,116_S_1232,NL,Screening,1/24/07,MPR; GradWarp; N3; Scaled,6906,25756
1240,65118,036_S_1240,MCI,Screening,2/13/07,MPR; GradWarp; B1 Correction; N3; Scaled,7098,26423
1241,66069,094_S_1241,NL,Screening,2/16/07,MPR; GradWarp; B1 Correction; N3; Scaled,7159,26634
1242,134505,128_S_1242,NL,Screening,2/5/07,MPR; GradWarp; N3; Scaled,6960,25934
1243,59735,116_S_1243,MCI,Screening,2/7/07,MPR-R; GradWarp; N3; Scaled,7006,26080
1244,92646,141_S_1244,MCI,Screening,2/18/07,MPR; GradWarp; B1 Correction; N3; Scaled,7216,26845
1245,48599,141_S_1245,MCI,Screening,1/29/07,MPR; GradWarp; B1 Correction; N3; Scaled,6871,25653
1246,69733,129_S_1246,MCI,Screening,2/6/07,MPR; GradWarp; N3; Scaled,7128,26515
1247,48857,023_S_1247,MCI,Screening,1/31/07,MPR; GradWarp; B1 Correction; N3; Scaled,6899,25741
1247,118994,023_S_1247,MCI,Screening,1/31/07,MPR; GradWarp; B1 Correction; N3; Scaled_2,6899,25741
1248,59950,007_S_1248,AD,Screening,1/25/07,MPR-R; GradWarp; B1 Correction; N3; Scaled,6846,25568
1249,59647,116_S_1249,NL,Screening,2/7/07,MPR-R; GradWarp; N3; Scaled,7008,26084
1250,62240,052_S_1250,NL,Screening,2/2/07,MPR; GradWarp; B1 Correction; N3; Scaled,6929,25829
1251,62282,052_S_1251,NL,Screening,2/9/07,MPR; GradWarp; B1 Correction; N3; Scaled,7046,26231
1253,55033,067_S_1253,AD,Screening,3/5/07,MPR-R; GradWarp; B1 Correction; N3; Scaled,7432,27558
1254,47228,027_S_1254,AD,Screening,1/31/07,MPR; GradWarp; B1 Correction; N3; Scaled,6907,25764
1255,48608,141_S_1255,MCI,Screening,2/3/07,MPR; GradWarp; B1 Correction; N3; Scaled,6946,25887
1256,63155,082_S_1256,NL,Screening,2/16/07,MPR; GradWarp; B1 Correction; N3; Scaled,7211,26812
1257,52790,003_S_1257,AD,Screening,3/1/07,MPR; GradWarp; B1 Correction; N3; Scaled,7372,27340
1260,65239,041_S_1260,MCI,Screening,2/1/07,MPR; GradWarp; B1 Correction; N3; Scaled,6921,25806
1261,62377,002_S_1261,NL,Screening,2/15/07,MPR; GradWarp; B1 Correction; N3; Scaled,7147,26574
1262,62433,023_S_1262,AD,Screening,2/9/07,MPR; GradWarp; B1 Correction; N3; Scaled,7071,26314
1262,118923,023_S_1262,AD,Screening,2/9/07,MPR; GradWarp; B1 Correction; N3; Scaled_2,7071,26314
1263,64622,016_S_1263,AD,Screening,2/27/07,MPR-R; GradWarp; B1 Correction; N3; Scaled,7360,27303
1265,69492,057_S_1265,MCI,Screening,1/31/07,MPR; GradWarp; B1 Correction; N3; Scaled,6942,25872
1267,80718,094_S_1267,NL,Screening,3/16/07,MPR; GradWarp; B1 Correction; N3; Scaled,7668,28217
1268,64037,002_S_1268,MCI,Screening,2/14/07,MPR; GradWarp; B1 Correction; N3; Scaled,7122,26498
1269,68545,057_S_1269,MCI,Screening,1/31/07,MPR; GradWarp; B1 Correction; N3; Scaled,6944,25880
1271,59652,116_S_1271,MCI,Screening,2/21/07,MPR; GradWarp; N3; Scaled,7244,26938
1275,62666,013_S_1275,MCI,Screening,2/22/07,MPR; GradWarp; B1 Correction; N3; Scaled,7283,27069
1276,62680,013_S_1276,NL,Screening,3/5/07,MPR; GradWarp; B1 Correction; N3; Scaled,7453,27641
1277,47278,027_S_1277,MCI,Screening,2/9/07,MPR; GradWarp; B1 Correction; N3; Scaled,7089,26408
1279,54757,033_S_1279,MCI,Screening,2/12/07,MPR; GradWarp; B1 Correction; N3; Scaled,7177,26694
1280,60056,002_S_1280,NL,Screening,2/13/07,MPR; GradWarp; B1 Correction; N3; Scaled,7106,26453
1281,54780,033_S_1281,AD,Screening,2/7/07,MPR-R; GradWarp; B1 Correction; N3; Scaled,7022,26136
1282,62636,011_S_1282,MCI,Screening,2/9/07,MPR; GradWarp; B1 Correction; N3; Scaled,7045,26225
1283,54785,033_S_1283,AD,Screening,2/7/07,MPR; GradWarp; B1 Correction; N3; Scaled,7024,26144
1284,54799,033_S_1284,MCI,Screening,2/12/07,MPR; GradWarp; B1 Correction; N3; Scaled,7175,26686
1285,51588,033_S_1285,AD,Screening,2/6/07,MPR; GradWarp; B1 Correction; N3; Scaled,7020,26128
1286,66144,100_S_1286,NL,Screening,2/20/07,MPR; ; N3; Scaled,7292,27102
1288,60664,020_S_1288,NL,Screening,2/21/07,MPR; GradWarp; B1 Correction; N3; Scaled,7232,26890
1289,89938,023_S_1289,AD,Screening,2/12/07,MPR; GradWarp; B1 Correction; N3; Scaled,7081,26374
1289,118925,023_S_1289,AD,Screening,2/12/07,MPR; GradWarp; B1 Correction; N3; Scaled_2,7081,26374
1290,63766,130_S_1290,AD,Screening,2/7/07,MPR; GradWarp; B1 Correction; N3; Scaled,6990,26038
1292,92429,012_S_1292,MCI,Screening,3/1/07,MPR; ; N3; Scaled,7403,27448
1292,118746,012_S_1292,MCI,Screening,3/1/07,MPR; ; N3; Scaled_2,7403,27448
1293,64374,094_S_1293,MCI,Screening,3/12/07,MPR; GradWarp; B1 Correction; N3; Scaled,7543,27865
1294,50575,062_S_1294,MCI,Screening,2/15/07,MPR; GradWarp; B1 Correction; N3; Scaled,7140,26551
1295,63888,941_S_1295,MCI,Screening,2/9/07,MPR; GradWarp; B1 Correction; N3; Scaled,7062,26290
1296,58022,051_S_1296,AD,Screening,2/12/07,MPR; GradWarp; B1 Correction; N3; Scaled,7100,26431
1299,50584,062_S_1299,MCI,Screening,2/20/07,MPR; GradWarp; B1 Correction; N3; Scaled,7205,26794
1300,66305,123_S_1300,MCI,Screening,3/8/07,MPR; ; N3; Scaled,7470,27689
1300,119334,123_S_1300,MCI,Screening,3/8/07,MPR; ; N3; Scaled_2,7470,27689
1301,63793,131_S_1301,NL,Screening,2/21/07,MPR; GradWarp; B1 Correction; N3; Scaled,7234,26899
1304,59910,007_S_1304,AD,Screening,2/13/07,MPR; GradWarp; B1 Correction; N3; Scaled,7116,26475
1306,46435,023_S_1306,NL,Screening,2/16/07,MPR; GradWarp; B1 Correction; N3; Scaled,7151,26604
1306,118927,023_S_1306,NL,Screening,2/16/07,MPR; GradWarp; B1 Correction; N3; Scaled_2,7151,26604
1307,63415,024_S_1307,AD,Screening,2/23/07,MPR; GradWarp; B1 Correction; N3; Scaled,7280,27061
1308,54752,033_S_1308,AD,Screening,2/8/07,MPR-R; GradWarp; B1 Correction; N3; Scaled,7115,26600
1309,51605,033_S_1309,MCI,Screening,2/8/07,MPR; GradWarp; B1 Correction; N3; Scaled,7035,26195
1311,97327,941_S_1311,MCI,Screening,3/2/07,MPR; GradWarp; B1 Correction; N3; Scaled,7392,27408
1314,63196,094_S_1314,MCI,Screening,2/26/07,MPR; GradWarp; B1 Correction; N3; Scaled,7295,27488
1315,59718,116_S_1315,MCI,Screening,3/8/07,MPR; GradWarp; N3; Scaled,7525,27811
1318,60760,029_S_1318,MCI,Screening,2/17/07,MPR-R; GradWarp; B1 Correction; N3; Scaled,7198,26769
1321,63367,012_S_1321,MCI,Screening,2/22/07,MPR; ; N3; Scaled,7242,26933
1321,118745,012_S_1321,MCI,Screening,2/22/07,MPR; ; N3; Scaled_2,7242,26933
1322,66185,121_S_1322,MCI,Screening,3/2/07,MPR; ; N3; Scaled,7384,27376
1322,119268,121_S_1322,MCI,Screening,3/2/07,MPR; ; N3; Scaled_2,7384,27376
1326,62395,016_S_1326,MCI,Screening,3/1/07,MPR; GradWarp; B1 Correction; N3; Scaled,7399,27431
1330,63206,094_S_1330,MCI,Screening,2/22/07,MPR; GradWarp; B1 Correction; N3; Scaled,7275,27038
1331,64152,051_S_1331,MCI,Screening,4/13/07,MPR; GradWarp; B1 Correction; N3; Scaled,8192,29664
1334,60434,009_S_1334,AD,Screening,3/1/07,MPR-R; GradWarp; N3; Scaled,7396,27423
1337,63775,130_S_1337,AD,Screening,3/5/07,MPR; GradWarp; B1 Correction; N3; Scaled,7437,27584
1338,58000,051_S_1338,MCI,Screening,4/13/07,MPR; GradWarp; B1 Correction; N3; Scaled,8204,29709
1339,56319,007_S_1339,AD,Screening,2/22/07,MPR; GradWarp; B1 Correction; N3; Scaled,7394,27414
1340,48981,126_S_1340,MCI,Screening,3/14/07,MPR; GradWarp; B1 Correction; N3; Scaled,7632,28100
1341,60417,005_S_1341,AD,Screening,3/7/07,MPR; GradWarp; B1 Correction; N3; Scaled,7462,27673
1343,66176,109_S_1343,MCI,Screening,3/20/07,MPR; GradWarp; B1 Correction; N3; Scaled,7914,28820
1346,62299,052_S_1346,MCI,Screening,3/13/07,MPR; GradWarp; B1 Correction; N3; Scaled,7610,28024
1350,68618,121_S_1350,MCI,Screening,3/9/07,MPR; ; N3; Scaled,7521,27799
1350,119269,121_S_1350,MCI,Screening,3/9/07,MPR; ; N3; Scaled_2,7521,27799
1351,59615,022_S_1351,MCI,Screening,3/16/07,MPR; GradWarp; B1 Correction; N3; Scaled,7776,28484
1352,62319,052_S_1352,MCI,Screening,3/6/07,MPR; GradWarp; B1 Correction; N3; Scaled,7428,27549
1354,60443,009_S_1354,AD,Screening,3/6/07,MPR; GradWarp; N3; Scaled,7451,27634
1357,63135,073_S_1357,MCI,Screening,4/9/07,MPR; GradWarp; B1 Correction; N3; Scaled,8157,29544
1363,63897,941_S_1363,MCI,Screening,3/12/07,MPR; GradWarp; B1 Correction; N3; Scaled,7607,28008
1366,67165,022_S_1366,MCI,Screening,3/28/07,MPR; GradWarp; B1 Correction; N3; Scaled,8045,29196
1368,65248,041_S_1368,AD,Screening,3/5/07,MPR; GradWarp; B1 Correction; N3; Scaled,7418,27512
1371,62998,057_S_1371,AD,Screening,3/21/07,MPR-R; GradWarp; B1 Correction; N3; Scaled,7856,28667
1373,63008,057_S_1373,AD,Screening,3/21/07,MPR-R; GradWarp; B1 Correction; N3; Scaled,7864,28698
1377,63170,082_S_1377,AD,Screening,3/20/07,MPR-R; GradWarp; B1 Correction; N3; Scaled,7780,28495
1378,91304,141_S_1378,MCI,Screening,3/26/07,MPR; GradWarp; B1 Correction; N3; Scaled,7956,28927
1379,63014,057_S_1379,AD,Screening,3/21/07,MPR; GradWarp; B1 Correction; N3; Scaled,7890,28761
1380,64332,072_S_1380,MCI,Screening,4/16/07,MPR; ; N3; Scaled,8302,30046
1380,119226,072_S_1380,MCI,Screening,4/16/07,MPR; ; N3; Scaled_2,8302,30046
1382,66310,127_S_1382,AD,Screening,3/16/07,MPR; GradWarp; B1 Correction; N3; Scaled,7683,28261
1384,64907,029_S_1384,MCI,Screening,3/28/07,MPR-R; GradWarp; B1 Correction; N3; Scaled,8011,29083
1385,47574,027_S_1385,AD,Screening,2/28/07,MPR; GradWarp; B1 Correction; N3; Scaled,7640,28133
1387,67201,027_S_1387,MCI,Screening,2/26/07,MPR; GradWarp; B1 Correction; N3; Scaled,7638,28123
1389,81972,131_S_1389,MCI,Screening,3/16/07,MPR; GradWarp; B1 Correction; N3; Scaled,7675,28232
1391,62933,041_S_1391,AD,Screening,3/29/07,MPR; GradWarp; B1 Correction; N3; Scaled,8020,29116
1393,65271,024_S_1393,MCI,Screening,3/13/07,MPR; GradWarp; B1 Correction; N3; Scaled,7657,28190
1394,68082,022_S_1394,MCI,Screening,5/29/07,MPR-R; GradWarp; B1 Correction; N3; Scaled,9505,34317
1397,95662,094_S_1397,AD,Screening,4/26/07,MPR-R; GradWarp; B1 Correction; N3; Scaled,8550,31011
1398,63227,094_S_1398,MCI,Screening,5/3/07,MPR; GradWarp; B1 Correction; N3; Scaled,8735,31771
1400,65280,024_S_1400,MCI,Screening,5/8/07,MPR; GradWarp; B1 Correction; N3; Scaled,8763,31870
1402,66078,094_S_1402,AD,Screening,5/10/07,MPR; GradWarp; B1 Correction; N3; Scaled,8831,32102
1406,69242,128_S_1406,MCI,Screening,5/18/07,MPR; GradWarp; B1 Correction; N3; Scaled,8971,32551
1407,69390,128_S_1407,MCI,Screening,6/6/07,MPR; GradWarp; B1 Correction; N3; Scaled,9364,33808
1408,69289,128_S_1408,MCI,Screening,7/27/07,MPR-R; GradWarp; B1 Correction; N3; Scaled,10371,36472
1409,69400,128_S_1409,AD,Screening,6/19/07,MPR; GradWarp; B1 Correction; N3; Scaled,9357,33787
1411,80161,041_S_1411,MCI,Screening,7/16/07,MPR; GradWarp; B1 Correction; N3; Scaled,9692,35102
1412,72219,041_S_1412,MCI,Screening,6/25/07,MPR; GradWarp; B1 Correction; N3; Scaled,9431,34022
1414,74557,137_S_1414,MCI,Screening,8/1/07,MPR; GradWarp; N3; Scaled,10516,36840
1417,73647,094_S_1417,MCI,Screening,7/16/07,MPR; GradWarp; B1 Correction; N3; Scaled,9670,35043
1418,73642,041_S_1418,MCI,Screening,7/27/07,MPR-R; GradWarp; B1 Correction; N3; Scaled,10385,36524
1419,73656,127_S_1419,MCI,Screening,7/23/07,MPR; GradWarp; B1 Correction; N3; Scaled,10120,35957
1420,79627,041_S_1420,MCI,Screening,9/24/07,MPR-R; GradWarp; B1 Correction; N3; Scaled,12279,39953
1421,79948,037_S_1421,MCI,Screening,8/27/07,MPR; GradWarp; N3; Scaled,11613,38602
1423,72232,041_S_1423,MCI,Screening,8/3/07,MPR-R; GradWarp; B1 Correction; N3; Scaled,10534,36902
1425,73357,041_S_1425,MCI,Screening,8/6/07,MPR; GradWarp; B1 Correction; N3; Scaled,10548,36930
1426,79102,137_S_1426,MCI,Screening,9/7/07,MPR-R; GradWarp; N3; Scaled,11812,39052
1427,91126,127_S_1427,MCI,Screening,8/20/07,MPR; GradWarp; B1 Correction; N3; Scaled,11182,37933
1430,79857,128_S_1430,AD,Screening,9/7/07,MPR; GradWarp; B1 Correction; N3; Scaled,11877,39199
1435,79636,041_S_1435,AD,Screening,9/7/07,MPR-R; GradWarp; B1 Correction; N3; Scaled,11872,39186